{
  "experiment_name": "swin_tiny_pretrained_yolo_available4534",
  "checkpoint_epoch": 46,
  "device": "cpu",
  "test_samples": 143,
  "test_class_counts_external": {
    "-1": 40,
    "0": 4,
    "1": 5,
    "2": 4,
    "3": 5,
    "4": 5,
    "5": 5,
    "6": 6,
    "7": 5,
    "8": 5,
    "9": 5,
    "10": 6,
    "11": 4,
    "12": 5,
    "13": 5,
    "14": 6,
    "15": 6,
    "16": 5,
    "17": 5,
    "18": 6,
    "19": 6
  },
  "confidence_threshold": 0.5,
  "detector": "yolov8n.pt",
  "detector_confidence": 0.25,
  "padding_fraction": 0.1,
  "square_crop": true,
  "yolo_crops": 90,
  "raw_fallbacks": 53,
  "policy_disagreements": 12,
  "metrics": {
    "hard_gate": {
      "accuracy": 0.7692307692307693,
      "macro_precision": 0.8246774571897726,
      "macro_recall": 0.6944444444444444,
      "macro_f1": 0.738580391641616,
      "weighted_precision": 0.7934100382376245,
      "weighted_recall": 0.7692307692307693,
      "weighted_f1": 0.7586499192892799,
      "reject_precision": 0.6896551724137931,
      "reject_recall": 1.0,
      "reject_f1": 0.8163265306122449,
      "reject_support": 40,
      "false_accepts": 0,
      "false_rejects": 18
    },
    "raw_fallback": {
      "accuracy": 0.8181818181818182,
      "macro_precision": 0.8279996056393573,
      "macro_recall": 0.7722222222222224,
      "macro_f1": 0.7908551335461634,
      "weighted_precision": 0.8294748729531338,
      "weighted_recall": 0.8181818181818182,
      "weighted_f1": 0.8160321608605883,
      "reject_precision": 0.8260869565217391,
      "reject_recall": 0.95,
      "reject_f1": 0.8837209302325582,
      "reject_support": 40,
      "false_accepts": 2,
      "false_rejects": 8
    }
  },
  "subgroups": {
    "target_samples": 103,
    "reject_samples": 40,
    "target_yolo_detection_rate": 0.8543689320388349,
    "reject_yolo_detection_rate": 0.05,
    "hard_gate_accuracy_on_detector_misses": 0.7169811320754716,
    "raw_fallback_accuracy_on_detector_misses": 0.8490566037735849
  },
  "note": "Threshold and detector settings were fixed before official-test evaluation; no test-set calibration was performed."
}
