filename,sha256
Abyssinian/oxford__Abyssinian_1.jpg,2533197401eebe9410ea4d063f86c43fbd2666f3e8165a38aca155c0d09c21be
Abyssinian/oxford__Abyssinian_10.jpg,a5ce808e92dc428bb79d5fcb0477e0e9cebd653ea832ee67fe9cd8167988d4c1
Abyssinian/oxford__Abyssinian_100.jpg,81ab214f04753ff30c460e715b54e2d11aa2b7a57c7f58c0f2a9118826cea254
Abyssinian/oxford__Abyssinian_101.jpg,7bc6ed80b30a7e046ac27409e72b652b2475155840624ae418fcbe686cfb9b26
Abyssinian/oxford__Abyssinian_102.jpg,65d1f7ef89edd126210591da226792f9d14a6cd8e105e7d6588047681cc690ff
Abyssinian/oxford__Abyssinian_103.jpg,e248f60a0176bfb1f581d0bb35ad276220ba0dd19cb37335e833fc0f72519d66
Abyssinian/oxford__Abyssinian_104.jpg,da3954b8d2e647ac91a8800ea1f30d62288bd67c51e8dafb727c3c1da87b0215
Abyssinian/oxford__Abyssinian_105.jpg,411f8d596de887df05a592dfde402dd90b7b700bd35f2279a95704bdb70fa416
Abyssinian/oxford__Abyssinian_106.jpg,0ea9e13391ac58c711645a8962c476ce159eba24431d4f50d90f7d344ff6e0a2
Abyssinian/oxford__Abyssinian_107.jpg,2846b5cf41304fb0aaf092578c5855d289803873a1a7ba7fc3853e35ecd4dafc
Abyssinian/oxford__Abyssinian_108.jpg,de0bb21b0f898a24311dd8205343cbf280f4df3bda5d96c787bce7cda8a701ee
Abyssinian/oxford__Abyssinian_109.jpg,d07a0f27a8ae70c8a7dc949456409fb4beed5b9bf2054602e617ec5a7e388ce0
Abyssinian/oxford__Abyssinian_11.jpg,03ae2f0a16b85489d90f53e495f4a813f70628f3cf4541943c3e2ad3d7705092
Abyssinian/oxford__Abyssinian_110.jpg,90b9ae514272c6dfbeea310951b28935e1ee7a33b064fd2572d31a22abd57221
Abyssinian/oxford__Abyssinian_111.jpg,a163f0bae5a683e82077f2b1411af9bd5cc1a27932a08d9031f860a6ec968e9b
Abyssinian/oxford__Abyssinian_112.jpg,4deb0d83a735b402a00c41b65b7bf2551b71a0010a51f02363613fd2d25d4c6f
Abyssinian/oxford__Abyssinian_113.jpg,2811476dff7db4fc685a8e0544855a8d4cdfa3076bd26f7f876148bd14c14b8d
Abyssinian/oxford__Abyssinian_114.jpg,861ece0f716e4419c9889051beb34ab28cc9d35be9db56586c8186f57a225c98
Abyssinian/oxford__Abyssinian_115.jpg,8cab3e7c0b691a65123ee09f2d8af9fc9a34b089af915e36f3731674e5060185
Abyssinian/oxford__Abyssinian_116.jpg,fbe72afe31456a927de5ad42e51ee3fd2c7b1210246b8250e94d4795da4bb2fe
Abyssinian/oxford__Abyssinian_117.jpg,c8ecbb90066b277a371bb0fcfa98f4b0ccbe6826885c5fbf50178a44eb8c048c
Abyssinian/oxford__Abyssinian_118.jpg,a9b7e4144da06d5806fb05573d4ce8c8cb4d68e9b831f3c3f7a174786e9837ac
Abyssinian/oxford__Abyssinian_119.jpg,123b78d66debe23e8db219770e2a74f29b8c9afac79b21edf352412fbf299a74
Abyssinian/oxford__Abyssinian_12.jpg,d9a635817ae0c7f173e9f5a22437cd2382768b6fcbcbd0437ddc64ce4a6feead
Abyssinian/oxford__Abyssinian_120.jpg,99e61740ccbc524306772d02f474608feaecbe3b081109f4300bb39c0b0ca72f
Abyssinian/oxford__Abyssinian_121.jpg,cafd1c4b626a44c43e5223673d7602f5c3839600670590a9bd8bbb994d4cc148
Abyssinian/oxford__Abyssinian_122.jpg,a9e38e201a7aa3943521dbaacf628d276e844540ad87b76cd6e0113be00c09eb
Abyssinian/oxford__Abyssinian_123.jpg,49e352d3df5f7312964d6aeff1353836767054594deb4d9e1cc10aa9e4dc9204
Abyssinian/oxford__Abyssinian_124.jpg,6c27600b9fa7d6547624ed6ed17ddb475c97e9198ddc5999147036e87249b69c
Abyssinian/oxford__Abyssinian_125.jpg,935b32590637d067d19f5e568d3de30840ae96578f9756535efa5fc8edfe4040
Abyssinian/oxford__Abyssinian_126.jpg,b92059606df22ad0c2934ec2dcc6f76eaea9d066b8dd5dc44d6ddf2910dad56d
Abyssinian/oxford__Abyssinian_127.jpg,ec918aebd3e2510eae247c7b6814d647a7f626f680ce8e258cef6e30d744c0df
Abyssinian/oxford__Abyssinian_128.jpg,408fe7306957fd8ad10e8446ab34d82a9bd2688669a6498a93ecf2c23222c3cf
Abyssinian/oxford__Abyssinian_129.jpg,6bc455ea9538293766d21bd4d9274698698b1a5b23fb6a8e4f893c7d7fd0d0a8
Abyssinian/oxford__Abyssinian_13.jpg,fd2478533a1aa37bb68eac53375222845f426ff69975614114689575f593e9c1
Abyssinian/oxford__Abyssinian_130.jpg,2a1256308dec48d26b752b54ead68993bd22ff1961be4bc98bfc2d91e96ddc9e
Abyssinian/oxford__Abyssinian_131.jpg,64d8c057e10b129b358cfcb7fd071db4667936202da3503a98e27d8d3d6f6ad6
Abyssinian/oxford__Abyssinian_132.jpg,8d812e4c986e5f3c186925396a5bce28990c46cbb8da9ca9b60eb333c3464acf
Abyssinian/oxford__Abyssinian_133.jpg,4f23019e8a2528247739e21d5f4a0b415675cfa4def7350135a2509745cc3cf0
Abyssinian/oxford__Abyssinian_134.jpg,d9e7b5c88c7fc8aa9659372dc2be831e594990ebb42554aa81ac57c4a027d216
Abyssinian/oxford__Abyssinian_135.jpg,b820f2325e7f3eeb9ba76d2cd0ad911cd4698cfbf394ae4037f80f257d0a8435
Abyssinian/oxford__Abyssinian_136.jpg,a750f14f02ea5d160c2b339fa5adacbf75a240c8871c40dc37a8bb01d39068be
Abyssinian/oxford__Abyssinian_137.jpg,1a67cdd6db07950879c74455aea53463ff167c002c19d946dff8f2187fbb8469
Abyssinian/oxford__Abyssinian_138.jpg,a8911e4c25074d5391fd701f008a445fda99e0262ab2aec9ed4e82800f8aa0c9
Abyssinian/oxford__Abyssinian_139.jpg,fd4485e05df6b4746b1b0126af07765195bb98493fbbad3218f6efc30b06cc0c
Abyssinian/oxford__Abyssinian_14.jpg,0016bc0e646be47ba16953ac6194b44f9ff0844fd48475bcbab077037838ffc1
Abyssinian/oxford__Abyssinian_140.jpg,b5c32925c8e9964a5e5fb3d9fbccb7a70950b94fce33b2fcb63c2246848da362
Abyssinian/oxford__Abyssinian_141.jpg,3af1c2be8c6b559e0a7c2fe73c642600d35f0901ef5e07bb8d291be4ae0e5696
Abyssinian/oxford__Abyssinian_142.jpg,0573d962bd69a415f181aaaf01888e2e29735e001661f73102f63756eb93cc42
Abyssinian/oxford__Abyssinian_143.jpg,c032e39c47cdd43e5c6e534323f899d2e8fa881debb3288765fabc287af1438e
Abyssinian/oxford__Abyssinian_144.jpg,985c6395b1ebd008032c596d650697aa482a5c0c77a6471367161b1fdf7ddc64
Abyssinian/oxford__Abyssinian_145.jpg,b4fc3c578e40245590f862ab881511f3c40247cf962d784e52c0acd11bd8a5db
Abyssinian/oxford__Abyssinian_146.jpg,abc9b16bffcfaac73b5810512bf6972cd6dcb522424cbccb1bce0d62f3c4d692
Abyssinian/oxford__Abyssinian_148.jpg,3d5950748694f075401d2b89f9e5293d6327e26a60773170854f174424c76766
Abyssinian/oxford__Abyssinian_149.jpg,cc4fff30edfd6581ecc104f35b4357cf1f2880f7d2f7807be393fda232ffdd0e
Abyssinian/oxford__Abyssinian_15.jpg,dd40ccc1aeb3789d87f1c5f31b433740df00064f170ff7d79997baf2c6e217d3
Abyssinian/oxford__Abyssinian_150.jpg,401c0bc99947c9a25481391cb4b3fcc1535062876fcf2c4a1f0f3c4be4a0feca
Abyssinian/oxford__Abyssinian_151.jpg,35b14bca9f656d56157152748fb7bbb3be41c07da42eefdeae8f3aa5716f14e7
Abyssinian/oxford__Abyssinian_152.jpg,dd75cc4bf77bef3f722f719d328a5262657c464877ccf6e4df0ff6e56b824b3d
Abyssinian/oxford__Abyssinian_153.jpg,8400815fb431a22d1c9799ecb0565ba347c954cbf37e9690cc53de6558a11f2f
Abyssinian/oxford__Abyssinian_154.jpg,7601a5879ca1ecc3f7f81d5392315d56dc3adac51493c223fa7b18bb64fb8664
Abyssinian/oxford__Abyssinian_155.jpg,984a91c3134494451148c59b4ba65f8ea215d5aa1103b88401f5b4b5bd3b8505
Abyssinian/oxford__Abyssinian_156.jpg,0107ffe3b0a0a0baeb48dbe6a6bb53d1d7ef6d2544d0ffc067a473391d115560
Abyssinian/oxford__Abyssinian_157.jpg,8ee90b0ee1e9c57cafa008cc18d4b2983792031983077d6fc1e7e37683a1b4fa
Abyssinian/oxford__Abyssinian_158.jpg,639288a50b3b45729829c3ff13cc3e31d57c5c7801bbca48f96e5b220fd38958
Abyssinian/oxford__Abyssinian_159.jpg,d4562a50cd60550ef2ecb2c9a80edb59eeb8e37a573306304ed80033e1b2ced2
Abyssinian/oxford__Abyssinian_16.jpg,80d3efc72bb39781220852b9acc565103d7322a7be9d49da478effecaf67580a
Abyssinian/oxford__Abyssinian_160.jpg,7f2bdb12d052a8f02dd93402643baa711e284c113867ed1c44ae57e7a75a2792
Abyssinian/oxford__Abyssinian_161.jpg,24a99fe1a408c44b98d35e772da5cd51bfaf0237d7a6b24feba3b652561a7270
Abyssinian/oxford__Abyssinian_164.jpg,cb3cc7b9a2690bce685fd8e3b60da09c1d9d945e4f542a6a7767a2ff1f5000e4
Abyssinian/oxford__Abyssinian_165.jpg,7a4245993d6259ba0af635df5e979217f5583ebdee02a1e8ceabe86f1e206047
Abyssinian/oxford__Abyssinian_166.jpg,b55223b1710109615df8ead9b8d90c4c7799503816c641d3afcd307f275d2774
Abyssinian/oxford__Abyssinian_167.jpg,e7ee26493896004f87faed31691282b46a345d561d4755c7a7019655006c5b10
Abyssinian/oxford__Abyssinian_168.jpg,1b2935b6d58f8ab9a73e66e8688b2599b418656d31e74723bdae0c654638c0b0
Abyssinian/oxford__Abyssinian_169.jpg,2ec1bc6348274ea220ea9a5628520b268a2e5e897cf9a35f6cd6df2763f45fdd
Abyssinian/oxford__Abyssinian_17.jpg,8578123ec76b37cdfb51e1f8d1d3aef5ba74206dd65ffcf0c4c944dbf145ec82
Abyssinian/oxford__Abyssinian_170.jpg,0ec75ed87cb9d5908e546b6ea6b90729bea4e5a7a1aaee2d0cd05e08bbddfe38
Abyssinian/oxford__Abyssinian_172.jpg,8bea81c934c2c99ff73d4bca70d2f5bc9aba9fc4b1df57cb131b44001dc2ffb3
Abyssinian/oxford__Abyssinian_173.jpg,196f6cdd4d787c35c6c31ddc1dcdbbb36c23205ede7d2b4fba60165565a29834
Abyssinian/oxford__Abyssinian_174.jpg,fd0fff8f6ebae06388414c3d2f22febd26418b351448df6fe1a6eefde563ef56
Abyssinian/oxford__Abyssinian_175.jpg,438b4bcde37ec952e6605bccba91b1f53fc0e89953e8f5cb94000ac5dc62bcf8
Abyssinian/oxford__Abyssinian_176.jpg,7e22509845a64f878db822ee5b55688358d9bb4feb5a5996a02cf7aec50a6c1a
Abyssinian/oxford__Abyssinian_177.jpg,31baa0e08f462b9c24c720c530e066f081d2608822eb07ba11919a2318bf2841
Abyssinian/oxford__Abyssinian_178.jpg,d6a3110f0ce087dc694dc122bf08ef75a4a7df02d3532ad1d1cedb84cc6c0715
Abyssinian/oxford__Abyssinian_179.jpg,84c83acc06eaf0a597a43d8752a9b341f2657b4ba7fdd532a6bb12f45a78fea0
Abyssinian/oxford__Abyssinian_18.jpg,f351b0d5673ee34367fd2588c9d1874c6f207976340aae0390d8b2823eebd2b3
Abyssinian/oxford__Abyssinian_180.jpg,6d21160e0ace8eabff0b90951f80cba77da1bcac743903fda60eb81f003b92cd
Abyssinian/oxford__Abyssinian_181.jpg,c50208e0878af5d54c79b610839200de1ca33d1594b34c9cc0ab7cb493d26d5a
Abyssinian/oxford__Abyssinian_182.jpg,a719f02901b4e96b9ce64822cab64b319b0c583f946f0a46047b1478065342b4
Abyssinian/oxford__Abyssinian_183.jpg,dc2967e057a5180fe66b3a031f21a47a879d5d4e9b592941ec02b80b8e65d3ee
Abyssinian/oxford__Abyssinian_184.jpg,1f96c76330495ed1bf9d8d212ab8091e7bbd24fdf83482a181aedbb06b690cce
Abyssinian/oxford__Abyssinian_185.jpg,1e6b2cf2908475d786cd57e4d017f6ca5fadf4c8fff44faaa2c754fea7d4036a
Abyssinian/oxford__Abyssinian_19.jpg,ba120ab8f5d51285ba70ec45efc313ef182e762e17ff491e5ebf2d73d91c56f4
Abyssinian/oxford__Abyssinian_190.jpg,05b0948d3bc2bfab2e617fefd9ce3a19c0f2545caa96e44d0cde269adfb48d92
Abyssinian/oxford__Abyssinian_191.jpg,7c5f460e034e40c1245bdd67b7d56d564d51ff3a6c225e21c25f7c2229227bb3
Abyssinian/oxford__Abyssinian_192.jpg,dfea3aaa1fb04242c4848dc3b5696fd17a3698e011f053d8c62db249f33e8957
Abyssinian/oxford__Abyssinian_193.jpg,5952bffe730abb6f8ec9b548abe46fc5131448f0cbd964c31a823d04bcbc267b
Abyssinian/oxford__Abyssinian_195.jpg,d6df6523e1de30bb12e6ef6b5330593b3642715a8492d90da629b6ee39047785
Abyssinian/oxford__Abyssinian_196.jpg,bdc10f452220ad82c7204dbf6a52acad4339b61519a38e7197e76594f5a3a578
Abyssinian/oxford__Abyssinian_197.jpg,9ec76f06c3fe979790f11253b8413e2ad18f12afd0f9baa353b66a8167ed9531
Abyssinian/oxford__Abyssinian_2.jpg,f85800d6ae357882e6f69e2f9acc1d88367a63454ec63896593fa9007ff40b43
Abyssinian/oxford__Abyssinian_20.jpg,f35ad43ee304c1a01ffe9b476ab79d85b5f2f0458b7df45eb2a404ac993d799f
Abyssinian/oxford__Abyssinian_201.jpg,af5e24d564321c9233c06c02497c08bf164a9a72acf8e8e287ac1bfc6f9cd321
Abyssinian/oxford__Abyssinian_202.jpg,abef3cf8e6fa4a6c58cfd26bd4295ef8ce7cac3c31af0c2c5e39676d273f095e
Abyssinian/oxford__Abyssinian_204.jpg,b0e390152f5a7b53f076ee72d7f2b6c28332678f3f7a3589f4bfd789d32480d9
Abyssinian/oxford__Abyssinian_205.jpg,f68008de593f7d8f627ab311cba2edcf1043d2c82c90305f549aa6f1866fd2c7
Abyssinian/oxford__Abyssinian_206.jpg,3f3149fb86ddd74cfd430c864b008ba9fc2263c59969590f8004580c7b1a0aee
Abyssinian/oxford__Abyssinian_207.jpg,0de9ecc9b843c0a7938794d424fc7dd5f9007714309ffae890c59ebc90c0cc6b
Abyssinian/oxford__Abyssinian_21.jpg,2754d6eef0a78534e238ddf27de23521a3f2edfdc48956acf820e09941dabd03
Abyssinian/oxford__Abyssinian_210.jpg,8c4e4a219bc5f98289acf3c9e338c6616c560af0ecd13a9ef8f5115b191aa9ab
Abyssinian/oxford__Abyssinian_212.jpg,85cbfb23a60820195f0fea7ff9d97ac86a0d463de707917ab3d02a080ebb2677
Abyssinian/oxford__Abyssinian_213.jpg,616aa752bc00c9c9c7ad5ffc38cf31d8bea4536a3d3602d42d731825b92e9a28
Abyssinian/oxford__Abyssinian_215.jpg,84a7e7fcf7d6dee4bc8a921b909c53577a27eed997ae2d4956aa144544240823
Abyssinian/oxford__Abyssinian_216.jpg,9f0c30873e21c648c622d220da711f6b6f250cf596159ea7c06987e2b54bf1e4
Abyssinian/oxford__Abyssinian_217.jpg,d65c558e8358b2b8c6072d312c301b2dbda1465e4f12169c45a2662421824c7c
Abyssinian/oxford__Abyssinian_219.jpg,eaa133958c1c6c1ed188ed108b56da22d2f19a8352c64647b6b1a4d10338beb4
Abyssinian/oxford__Abyssinian_22.jpg,ef3770c4b2a011643fa91906c57093eac90407589bbf4fee7a13fffa31a538c5
Abyssinian/oxford__Abyssinian_220.jpg,dca4b09a4d98a2db8d9270d10c76d6603b11d418b31adb2b428d008907590e80
Abyssinian/oxford__Abyssinian_221.jpg,8bbbc52729b50506e1997d78b1f15ae1decd1b05ad6c6dc7b6a75be8f4604519
Abyssinian/oxford__Abyssinian_223.jpg,16aa4ccad023dee61e05aa871a3c075ea0d2a4bed2d7d3d876c9bdc71dce6c17
Abyssinian/oxford__Abyssinian_224.jpg,917409ad94d8e502e48ef8b2f053d4eaf2e3ebaf6cae4b7454d810b550ac1a3e
Abyssinian/oxford__Abyssinian_225.jpg,785ef7de59449e0b4ca8e92466fc7dc45700462d51c52e7186ec16572b21fa29
Abyssinian/oxford__Abyssinian_226.jpg,6229636d69055351d807b3171316b7ce715b0e81735f06d9ceb51470889bb519
Abyssinian/oxford__Abyssinian_228.jpg,eb5733b1b6d3858a399f6e4639f5f2a06c3e65af85cdc3eb21cc3d5853f3db18
Abyssinian/oxford__Abyssinian_230.jpg,7951fcdd366e488338a911e41ee83996a95f10eef03b1273a26c8ef34d25dc9c
Abyssinian/oxford__Abyssinian_232.jpg,83501b72af8f1e5d8cd065da9b306ebe650af78815b9824d0ccb63b92ee0a6c8
Abyssinian/oxford__Abyssinian_24.jpg,b1a8b0ad27691d5f996167489ced7cd09c385d66b00e9595c26071d2a7c760b9
Abyssinian/oxford__Abyssinian_25.jpg,8055e02a4915943fff73ede4a3ea025fcbd666cf19a591b69283287517ec5c66
Abyssinian/oxford__Abyssinian_26.jpg,9b8406aae4012cff8d51ec32813460a2e1238fc6cd3e337601e9239f18d1be23
Abyssinian/oxford__Abyssinian_27.jpg,0053cc18d369e793aa20e22f93f217bdf26123736e875e7f374f28d47cb4588d
Abyssinian/oxford__Abyssinian_29.jpg,a7bc01313287e75f64576ead0824ab7524ba7f765cdf9cb4686ea2751eb48e39
Abyssinian/oxford__Abyssinian_3.jpg,ee7084fdb8c545cecefc9f3d41300333151bdad596e36ebff246b5766478add5
Abyssinian/oxford__Abyssinian_30.jpg,852407950cee3676eb9e64a55982772e0edaad15783fd095f22a9cff316913eb
Abyssinian/oxford__Abyssinian_31.jpg,44e5f75cd23ea5d2847f559962d98d65bcae5791fcd2019afdf9a7ae17cb1543
Abyssinian/oxford__Abyssinian_32.jpg,c6377c62f775866c1838ae7d5fe7451965957b8f4ec8ab5097f785ba31a243e2
Abyssinian/oxford__Abyssinian_33.jpg,b7e004d7244d641b5249d38a8f3e2773273f0cc1ec80f66f7a1b87fc26df5443
Abyssinian/oxford__Abyssinian_34.jpg,b3ab680386c3f9ce93083ef21b2a7846cdbac1fe5f12e075ed888b7c71ce870f
Abyssinian/oxford__Abyssinian_36.jpg,0fe60059050ac126a50c29697cca07a94e45585dbded90059ddd8a33653bd8eb
Abyssinian/oxford__Abyssinian_37.jpg,9e41096525b0a6febdefee32f1148dbcc69f914f80aeee230c746efd991359c0
Abyssinian/oxford__Abyssinian_4.jpg,7a0fa532ca8ec312b147db57b08e0f03b8c9009d29f9bbb1c73efaaf9f9ad30a
Abyssinian/oxford__Abyssinian_40.jpg,902871374981b3482fb60bbe29473622a04eefbbae7fbec77b034be03ee0c6db
Abyssinian/oxford__Abyssinian_43.jpg,5112106a63f6de76b70d708475a3bb37a0825aa337e58108f0476284b4e2582a
Abyssinian/oxford__Abyssinian_44.jpg,4f0dffb04696e3d99eeb43ec80a1344222645b2f8834ab60303c3bafe51911c8
Abyssinian/oxford__Abyssinian_45.jpg,8186580c9858b3e5c8dbd50ca72829f8bba14ab6b437b2ff3e4d8bceb5c0e22c
Abyssinian/oxford__Abyssinian_46.jpg,43d6bd0ab011abc3d921574c2a6a6e6231879d1fcb8c2879f227512e6f5a5db3
Abyssinian/oxford__Abyssinian_47.jpg,45270b1000e0c5fde6ab5330e6be820a939d7a04395da955f7deeaf9e37c0de0
Abyssinian/oxford__Abyssinian_48.jpg,ea7c6848399a1f16cc6433916ee168e3cd5285e79d8a93ace4c48ac904a17e85
Abyssinian/oxford__Abyssinian_49.jpg,690956b57df5a4f2dd8060457aa55b813551217ee7da062ebe0361d0351de23b
Abyssinian/oxford__Abyssinian_5.jpg,705a9f260d270f769f9d4a3257de9cdb4521085169e68c34172d63ce29f777af
Abyssinian/oxford__Abyssinian_50.jpg,bee079fc2655084f023e66a4c84283d1bd97a0992bf6d6b1ca5eb2acb585aeb3
Abyssinian/oxford__Abyssinian_51.jpg,cc38c5b0a5061c330efd71d96764b3b1f13b91c62ea6023da2a878916d7e2cf2
Abyssinian/oxford__Abyssinian_52.jpg,cb4c7156045330ebbf4f9968a54d519012c7448e1a92ef57509d23383810b22e
Abyssinian/oxford__Abyssinian_54.jpg,0e8fda8a326218dc5b5a26feb4a5af175efb353c1d629a86b84eb53a1868e9d2
Abyssinian/oxford__Abyssinian_55.jpg,daa672025e0a8dc5525a519ff83c024157d3dcd27f0c909d990b29597f68e740
Abyssinian/oxford__Abyssinian_56.jpg,9a52bb61f893bea36b42f804b08efcaae94e77e77fbf49a6f52e6ed4ebf7f12e
Abyssinian/oxford__Abyssinian_57.jpg,759def9427426ba683c48b6f6fd62d6cdbf7476e36d92171f9a0ea09b9dab267
Abyssinian/oxford__Abyssinian_58.jpg,75ccc96fb9c3da76eef38f701785aed657d2cc90ca1efd28c787bce0dd740071
Abyssinian/oxford__Abyssinian_6.jpg,b08b0f0249592dab3c53c2be2a9ca3ea486c02649f106b7d986eeaed8716093c
Abyssinian/oxford__Abyssinian_60.jpg,14068220bc13c5a67c39e4d8cb6bb44ade07f885bfd7cdbbb007f562bac4d8e9
Abyssinian/oxford__Abyssinian_61.jpg,9ff0e117633f21378e10fe530cec88c200c44f205008460d0468bc9c3e60ef90
Abyssinian/oxford__Abyssinian_62.jpg,51927bc79c7b72caf93622c9e6925d2b9142dca0b27bbe6ba960a1a46730e56c
Abyssinian/oxford__Abyssinian_63.jpg,2276fef97c32b27a22c381ec04995a19f11a6bbb5df8fb552f3e9ad80ecdfe1d
Abyssinian/oxford__Abyssinian_65.jpg,7f584356d35e58be6f0dbf56d61f85bf3c170b482d934b4021f30396bcee4c74
Abyssinian/oxford__Abyssinian_66.jpg,620533ca38690696713c98471efcebac2aace16159342bc601984e4b2c3d2166
Abyssinian/oxford__Abyssinian_67.jpg,82b467b42de7f51035cf94c3a982334a3aad2a832a72455a5ac9ae4ca3d18931
Abyssinian/oxford__Abyssinian_68.jpg,7aa22d9020f423ecf808925a49503b2aa5f33d2235b7084b4ac54842ed2af02d
Abyssinian/oxford__Abyssinian_69.jpg,27d22a9f55bd90a1be6498abd18ccf0f33a9daa04b49890af8ba659d3cc523c1
Abyssinian/oxford__Abyssinian_7.jpg,d9d050cf0d427af0b689a8b37720bf60725d038e6e65c5ddf8e35aee5ebcc4b7
Abyssinian/oxford__Abyssinian_70.jpg,18ad5f20b3d3f579fb3935f7bc0c45643bbd0472deb489b8178511341155fd3b
Abyssinian/oxford__Abyssinian_71.jpg,52d39eb056adfeb718de841dc7900437574506856ab9a96bb51e8e8ffbd6bb75
Abyssinian/oxford__Abyssinian_72.jpg,88f0a5de03f70470ed52b30058204bd377888c055f7f7b75c8f9f82d3cf16162
Abyssinian/oxford__Abyssinian_73.jpg,817798005d6f7a2a3b7460ca6c51d08e89307c6ee1e6d5511bbf13c53d8d5634
Abyssinian/oxford__Abyssinian_74.jpg,8e72173356260ace19e1cfbc38ab1069ab82cbdb51a72322a06bd2e3c7fc70a6
Abyssinian/oxford__Abyssinian_75.jpg,3d84a4ed60e541526a86475b46682f02f831f232398e486770c6c52ee9272a81
Abyssinian/oxford__Abyssinian_76.jpg,bc2422673686c2694fe3f23cf01b94e2f33f299f185af575ab611021af0ed25f
Abyssinian/oxford__Abyssinian_77.jpg,e3843ee0cd47400527973ac6861707d6599ddccf23d1088b3bc1f8f078337e71
Abyssinian/oxford__Abyssinian_78.jpg,c7a85e533e70f3b52a2ef66e3ca434cf3221027083b0f7b9decfbc0d3dba1e06
Abyssinian/oxford__Abyssinian_79.jpg,f65b5dd73c8e9c9334c53e4b99046db0dff1e9b0dbb4decb85b64f6721e1715f
Abyssinian/oxford__Abyssinian_8.jpg,8cf1abd523c987012b45cd39536b4b793af1af656d0ff719a7b9b3b15dab25bf
Abyssinian/oxford__Abyssinian_80.jpg,d67e9785525c192cb749ca35898f1e184889c8632a40b7f262f0e7ae8a68ba78
Abyssinian/oxford__Abyssinian_81.jpg,961a0e59250a87c3f0551919bd790421954f800b08de00ec3d1d37b9b76ac05d
Abyssinian/oxford__Abyssinian_82.jpg,278dd95b63dc7fdcb3abca26b7fdc683efbd2fac2e9d8e6dade6a61718bb8991
Abyssinian/oxford__Abyssinian_83.jpg,644e2895eb49f4dc003862f7e6e5676902483da81e9f9c72a75148eb5fc159d3
Abyssinian/oxford__Abyssinian_84.jpg,f6ebc684bf6ea542ac3d2a2b36d4d586e4ffe059c86118578e19c139105f4ea4
Abyssinian/oxford__Abyssinian_85.jpg,e81c37b30c1877b3712f51776a6be9ea3aabe18df2c9afbe9cd7887b23f2480e
Abyssinian/oxford__Abyssinian_86.jpg,dfe78e6ec4e8b898e524f575b478bf0d14a76deb8a748b68b013b3379bae52bf
Abyssinian/oxford__Abyssinian_87.jpg,e396b9b633a4c835822e7eab359bfdec4a622f2d2645fc71faba262f4f791dfc
Abyssinian/oxford__Abyssinian_88.jpg,fc7d9ecd2655f30a071a7ff9f0091761c6c96f5e05298653e918bc269ba915f7
Abyssinian/oxford__Abyssinian_89.jpg,ed9d8cee56b785a185da397900c3be2895b115adc361d7b4d2c54a16d58d4255
Abyssinian/oxford__Abyssinian_9.jpg,32b9f97d7df2bc4ce0d3df54aa01ae624d015cf984bd048ce657d6604cf9c49a
Abyssinian/oxford__Abyssinian_90.jpg,3ba30261c6f52e3226750067d97347dcfa732be2e357ebbcc7648a92e5d71c0c
Abyssinian/oxford__Abyssinian_91.jpg,c30671f6cf5fa6bc870ce9dce7f3427ff98cfc0dc520a71a0573ccc2c4a3eb54
Abyssinian/oxford__Abyssinian_92.jpg,7d55a6e4d7b9ea3233b1ffe7fb188b1e3c9d194232c636d89c975d6c49fd7f55
Abyssinian/oxford__Abyssinian_93.jpg,aa92714099418eaec576064c6eedd797b21a2b213baa68763345018a9518ad81
Abyssinian/oxford__Abyssinian_94.jpg,1bfeede0042c59ab71c9ac52ff81fe9e5a85d513142727113b9c5e5c6bc706b3
Abyssinian/oxford__Abyssinian_95.jpg,05d10b0527c78ad6a17645941e095c5d492b85d2a012b47aca376270cb4753b3
Abyssinian/oxford__Abyssinian_96.jpg,ce08064472b9ebf54c7b3a3adca19b0e0b1f0f874c407ec09d82ad58641bee60
Abyssinian/oxford__Abyssinian_97.jpg,4ab982ff13d7d2b50688df6bd612bd7396091900de3c5a16548f15f70af9828c
Abyssinian/oxford__Abyssinian_98.jpg,215026a655693b9273f6f7cf3743310497c8bcec3c400e8c00a6196538bf4110
Abyssinian/oxford__Abyssinian_99.jpg,da7abc8c446ee1f3dcc7e730d066cd6e62b861631c92721e56e98fe4847aaad9
Beagle/oxford__beagle_1.jpg,a373c9de30436753aeb1fb8c920754cdec57e48d71b4e460515a3853faca281c
Beagle/oxford__beagle_10.jpg,e62a947726d309e2d042c441ec3265644f0f124bc9a4cd84363d592a8a49a7cc
Beagle/oxford__beagle_100.jpg,adb80c22aa0468a31e8ee59901c75e9a5840ee02f92149c1405f0e0d4d6f6b68
Beagle/oxford__beagle_101.jpg,ba16f93703b364e0c4a510f5d94ce99c2b5b0fa906b6a2aeb3bd9dc82b81f943
Beagle/oxford__beagle_102.jpg,0bfdb1b63f00e1440f2b664e7edc16ea7a8cb20a99f952ac1c815863d4e0d9dd
Beagle/oxford__beagle_103.jpg,81d671c4bd0d64ae974d9d55f9620ff1a1d7e5125d901d55747bd9f86fa763d9
Beagle/oxford__beagle_104.jpg,7db5c72e707a4f16f0d4f273b3c719d662269aa39873345e9d9897738eca7151
Beagle/oxford__beagle_105.jpg,d239afb11191fb9f958c053f042d9fa034e912a61bba8e719fa1110d09a54f2c
Beagle/oxford__beagle_107.jpg,5ce6202afb65386e869e35cd47aa0cb3f3f4aba1c3e2777e03dd6466597dcae1
Beagle/oxford__beagle_108.jpg,e3aa7c322a812e7299d542de21819a49f1c38897a02bf98439b58da46b6e8350
Beagle/oxford__beagle_109.jpg,9c67ff9e07a4b2aff4d9eef1941038640e4d697847539158f826b41fbccf8abb
Beagle/oxford__beagle_110.jpg,36de49d24f6540da9fd304a3dca5634d880fdeca1c4fedc53acf6cae8b3027fc
Beagle/oxford__beagle_111.jpg,293f6082d5633f7ec423f796ac047d5a408e974a07a159564b6e504ad1110aa0
Beagle/oxford__beagle_112.jpg,fa9289fe745868407139f0aacc9b8f1da2253559d36a2781275acf1388ff6806
Beagle/oxford__beagle_113.jpg,3ad038ff3abb23b58eb9c4aab2f3decbb2a4127eb9c222a898122f944c8fa63b
Beagle/oxford__beagle_114.jpg,41cddfd68c188f75155b81a80daabfaba68e00224efb751945b7eaf3e6243e47
Beagle/oxford__beagle_115.jpg,d39a32de899a26d86837d53e190b914a99e733ffe96787033b5e48ed5ddc972b
Beagle/oxford__beagle_116.jpg,aa04a2d76a58c340cfd1273d39d0ee21be4209942a4024786e84774a3983b9c2
Beagle/oxford__beagle_117.jpg,faf0efd406fc559f741ba7417468a3c8c0fb7a49b53e22e351e4ec04105964f3
Beagle/oxford__beagle_118.jpg,00f97e8b2777118b814a1b6f8eab6819ac47b7c8078e2ba160da8078f06f16a3
Beagle/oxford__beagle_119.jpg,8febaa7fb4acc63ecb2a029b528bcae89179115ac3447949f323e8110cf0b707
Beagle/oxford__beagle_12.jpg,d0b0cb584d71adad77d6cbee32dbb8d343dbc934aef7c98f763a23ad54dcf089
Beagle/oxford__beagle_120.jpg,51f234ac916a9ded9c8c41a0aab3049ff678c7bb0e3054181a3407f90016b3bd
Beagle/oxford__beagle_121.jpg,b8c0f4bbd3fc558acb3b5683753fe6ee0594232009bfa28af9856d238e3adc9a
Beagle/oxford__beagle_122.jpg,ea4c4dcc666caa676602922bcfdd60fc6e489b871bcc8394c031213d526fde08
Beagle/oxford__beagle_123.jpg,0a8cfb17f4f7d780ea7415a7fd64c52199efb446910d17b9e37dc251da11b582
Beagle/oxford__beagle_124.jpg,ca763ea8fdeae7d19a51c8cc9795e6ecf887ea3ca2f6a6c0b8897caf249910d9
Beagle/oxford__beagle_125.jpg,ef68567e4d68bd21ae2dfdae99a1f58d6b715bc187f82697027f11b22c586bdb
Beagle/oxford__beagle_126.jpg,df44bce9208af62f5780e9a99201442fe6e7ec49439ab00bc2e1f199c398624a
Beagle/oxford__beagle_127.jpg,d8c77285daab0d2008d4d27f0503c65b016d6b08e88ce86621f962aadcf0a00a
Beagle/oxford__beagle_128.jpg,bb53c68492e99350ebfcb4b4d750956429ffa8d76cf5713743fdcaa5a95361e3
Beagle/oxford__beagle_129.jpg,6f9f1b13bef6f7e81d8f36b7ed164e2b9a7cfbebb1eb2a556d27f8d85f7e3e5d
Beagle/oxford__beagle_13.jpg,8bff423a43eece55a0bf4f6b3c5debc2c275ff5258f8690d92f3a6f1f1dfff4e
Beagle/oxford__beagle_130.jpg,7130c82a0a5d1d55a64e2fc069b00eaabc792fdc42ed74b884914911ef34db67
Beagle/oxford__beagle_131.jpg,fa476beb9297dad3fe118fa6c1051148f1f153ee98cb140dfad5fca1897c4dce
Beagle/oxford__beagle_133.jpg,a0b903c9dd9f8c82f6a9f008c2605306a217a92193521148269cfd38d38bd7a6
Beagle/oxford__beagle_134.jpg,1122f4f488b460284e9c3b9871a2d8a9a5c9306f3ee7067ac418ff04e7d9f7e5
Beagle/oxford__beagle_135.jpg,3bd998185509892c7d7d8cca50331d319cae08fb52cfc85e88291ed5eebf75ff
Beagle/oxford__beagle_136.jpg,1f6c66d12addd97e77f09ea7ad49d8359e1ae92c80c467b072a9601da955b5e5
Beagle/oxford__beagle_137.jpg,e0b444eb1491defcdb00f3eb5d42f5ee1ab5c4ab15e0d921b203c2fa51c09b2a
Beagle/oxford__beagle_138.jpg,8242c7ebb7156af07cf20d35d02805594a3370cd1bd364c3baaa4fa8384a4429
Beagle/oxford__beagle_139.jpg,7f66ca4b5e8924f90a7d67371a613442240b08daac0df0a2a320bac5dc574c63
Beagle/oxford__beagle_14.jpg,9c5b139c572e2e67c210eb7b25058890aa110f99b7f532ff00c2384a72b74f08
Beagle/oxford__beagle_140.jpg,beed987c57ebfd06fb94ea94110e73d35797a77e348118205e3b126edeb19c1a
Beagle/oxford__beagle_141.jpg,e9619ee40827f86f1e94a93f4c811d331af8a766ed6ffb5017ad7d6c1efd1c1a
Beagle/oxford__beagle_142.jpg,565ef8c25889b209fe2455963339934809f3bc27b7074f30e7972344241c9f2a
Beagle/oxford__beagle_143.jpg,ba6e23935e218e06e12c94319ddc985780c71c0be19303275e988377072cb2f8
Beagle/oxford__beagle_144.jpg,e8d960935824bc2fc268be14433a2f28a9aca45e0b8d2757941152e8b7b9178b
Beagle/oxford__beagle_145.jpg,1a18dc157a7e2e848576549725ce34a9a5a49eb900f9630982514cb4ce724b05
Beagle/oxford__beagle_146.jpg,7a4ab3058b4e48c466c33e6a6f06d40c83abf267d21c4292b09a70138806f2d0
Beagle/oxford__beagle_147.jpg,f545fcba18e2fd62dd3b7b6076017afb10b6645c26844db8e8756a2e65105c3f
Beagle/oxford__beagle_148.jpg,6b21b01ce5d4a0397e77b2f11157e6ea2a952dafc85823676b1013198323ed12
Beagle/oxford__beagle_149.jpg,110716cca43e1cc63fe5a7816d50b550d907c3fdbf4f491d6cdaf64fb0c7f45e
Beagle/oxford__beagle_15.jpg,7db43ab01c086ea91654489d390b1350eef9d591b2920cf2237edf0759169572
Beagle/oxford__beagle_150.jpg,e7e2c03176df6561469bbd9d750bf9e07d48fd557c3859c27f489a5c89959e88
Beagle/oxford__beagle_151.jpg,ba5ee8e5bf72e7153d67a8e46a2e9608f6d0a29c8fa77c5dcbb446b8e23c32a2
Beagle/oxford__beagle_152.jpg,44960014291b7213b2b3e7f61e1eb430582ce0e4eac2272862b9eb098fe5b858
Beagle/oxford__beagle_153.jpg,26731a4da70b96afed04d5c69a4556fe439add6bb12c9e2dfde02a70415c3f3f
Beagle/oxford__beagle_154.jpg,301e843443e2b311bb4f74107340eeed142ea067a5c4892ef8baeea3ee061e54
Beagle/oxford__beagle_155.jpg,1ae02a34cd218fc47444a6708600c3c868b8676a90d1b2b596ce468e98afaf65
Beagle/oxford__beagle_156.jpg,707771a3f92c731bfd80f6b8f2b825c86626eed27ccbf6196e37d0cf99180c52
Beagle/oxford__beagle_157.jpg,f3fc5ab31ae6825eb5f4e409bf0dea88976893b87b5aa27221817173c4d83d99
Beagle/oxford__beagle_158.jpg,b004e5a3c2da4a37257c81b4062fd763c42c946808c120b364c374df42b1ba04
Beagle/oxford__beagle_16.jpg,54450452b3d8a25dc1c2b9083d3abce17d77ed654072dfe8bbc24fbe79ba7147
Beagle/oxford__beagle_160.jpg,3c39ac142c79f5b29a812cba9c604484f750ec11599b5e4783822df018cdde65
Beagle/oxford__beagle_161.jpg,e1d011ffda1d3bb71034447623f56869883a14fdbcd40aed88b8457ed41d8897
Beagle/oxford__beagle_162.jpg,a60a3eb846e5a76a07d3a5bae793df9d8dcbd1d0f1cb39e74bb298e0949948a5
Beagle/oxford__beagle_163.jpg,4941a1b40a7096f53b182dcb3c267f4b1c0585f95d52ba9cfaca7cfddefb7fa5
Beagle/oxford__beagle_164.jpg,8c4eb1fcccbbc98fe3509956a4179af77e1abcbcf9bbdeb846e259d42633002a
Beagle/oxford__beagle_165.jpg,c2420e8dab664a3edf07daeb490e96959dc989315545db010e7872624feb12ba
Beagle/oxford__beagle_166.jpg,51c1279b7127311e46bd4a10a708b6a6ee96f4f8b75638dea0e7b004346c9632
Beagle/oxford__beagle_167.jpg,da5e71d6872072761831c5da8a6a48114dc810a7159fac7e0597f2ed9da416ef
Beagle/oxford__beagle_168.jpg,5d596d56aa420cd60ae8f07f46dde2f6cab8d2e73885f6222463d40c76cedc21
Beagle/oxford__beagle_169.jpg,62129b3072c3f093a2080ab03a44da09b021d061531fc1bd411836294638671f
Beagle/oxford__beagle_17.jpg,6d383e121d8b15c36684c5e69e9b5922937cb62dde46c16cc7684d1c2a3dbcd5
Beagle/oxford__beagle_170.jpg,3fdc26ff1d328e28949ba028d5eff7627ad413c2eab3a246fd5eed6cecf8bd62
Beagle/oxford__beagle_171.jpg,93c1634947b5958aa1f7508180dbdc02ffd37843ca8a296365eaa885f95114d8
Beagle/oxford__beagle_172.jpg,8b800b5d1688c65cb79e3587a1c567792dc4440949e512e09493609bcb07167c
Beagle/oxford__beagle_173.jpg,c1a89a087756eb50af2a60559ec4f7d71c8cead225cc97901b72060f099b747a
Beagle/oxford__beagle_174.jpg,58d78694d0fb3f73c91a295912e57f0f6c5d784af33b39cf1da1d719460246d4
Beagle/oxford__beagle_175.jpg,aeec7b53893a20f4d3e4502d09e9890d1d860056af7dd6e9fa0901be97837494
Beagle/oxford__beagle_176.jpg,833e33c58ba4735e58f528b3cc0fbc12d0e82f9aa4419b66a2f7453c4a142718
Beagle/oxford__beagle_177.jpg,de1eed6676de7385e6d52267ed50cb4e82e97988118760b36d75af96610fabd1
Beagle/oxford__beagle_178.jpg,d0a9c884f09391588125bce5c21c6f6780c8c169de7f780cb308c7d226b9f3c6
Beagle/oxford__beagle_179.jpg,b2b1431fe09a659f04725eb9c0c3b1183979c261bb5a92a600b5325a2ebb74c0
Beagle/oxford__beagle_18.jpg,e3f2ffc349271a1acfb9bd48ab4c4788d34edd645fbb1d0f71b324c552bf57ee
Beagle/oxford__beagle_180.jpg,8e1b3e31faed868c418018049cc18836caf280c41bb2892d32fe647abcfc4899
Beagle/oxford__beagle_181.jpg,88b284167cf1962f2813fd5924d059f5c4a3dd638c26dd9c73ab91ae1ff92bf1
Beagle/oxford__beagle_182.jpg,e264c193193636ce181c41ba8ff7477735e791c91beea9892ad249fdb37659fe
Beagle/oxford__beagle_183.jpg,52cabb3d9efbe32d328e39b740e4dfe5117eff03849ff3a41b13352e46799de0
Beagle/oxford__beagle_184.jpg,3d20878f71ec95e0d29169460ffa0e2d6c7b77ec13056f2ae20c7b81e88fc18d
Beagle/oxford__beagle_185.jpg,0c76fec1cbe388abe783eabe9e8a477138a977e6af71190c91a129ac804e2b8b
Beagle/oxford__beagle_186.jpg,c5ecd5ffb7f9c33a910ab04e17209f25b08412b5fa62c2ffb190c07300d28920
Beagle/oxford__beagle_187.jpg,dc5598f98077a6cae776b2f9f8f6c933cc812e6b70d26c730393b41ac11f3c7e
Beagle/oxford__beagle_188.jpg,f416f5e8aded708e7a1d975c2e44194ea9ad46c33360d0003b7c8b92a342f8df
Beagle/oxford__beagle_189.jpg,fc267f21fae206691edd8a6aa2b8597a6b83c7958986a0e2cdf89426e3ce2380
Beagle/oxford__beagle_19.jpg,11cdb09fbcf3f63d66291f9d7cade0621fcf08a845dd57dabc210f2572b73f1e
Beagle/oxford__beagle_190.jpg,893c4cb3e13aa23d36c447da9af86d1bdd801b1fcb30eaffaa8ec005ebebeb05
Beagle/oxford__beagle_191.jpg,251f51b389cf1c91c0fdf923cd391f0157e3bf3d5a0937332fbaeb1f39adbe57
Beagle/oxford__beagle_192.jpg,9f9eb7462f5f609663e68e0de1c7fc82b56577bc09364b1d5eb889a07ac51d0b
Beagle/oxford__beagle_193.jpg,5f39645b113b5a51fc159dfdebf30875855af3e988bef7011d2b60c66215c653
Beagle/oxford__beagle_194.jpg,7b6dbb878b56e9e031fafff91ca3de1801b6e28cba62d2d117a0bc64b9e5b828
Beagle/oxford__beagle_195.jpg,00de3f77bf151bec0973ab8a1db723e620b84c1b6b728cde85dc49211f6b36c1
Beagle/oxford__beagle_196.jpg,c1a1f0b0bab117de03394eabf94b733eea0b77ea950cc42b577af088a6ca2f60
Beagle/oxford__beagle_197.jpg,46d34a1a2b4a168650968cb91c61659d296a776cfae298007fe502f75cb5ccb6
Beagle/oxford__beagle_198.jpg,590056a4ddb6e9da36b720956c956f619426fdf1a5538705a333cae6796f953a
Beagle/oxford__beagle_199.jpg,ff3cbd7154c98f23b50c23d68bbca641aaa7478333222ae38914041597fc6a02
Beagle/oxford__beagle_2.jpg,fcc06ece27a2f4815aec6ea990bc2eb929f24e639cb9460be1f300d8aa8e3baf
Beagle/oxford__beagle_20.jpg,58baeec88f27b80d64afceb5202da7b11824b66405990aa2ff3f65c0fe85a90d
Beagle/oxford__beagle_200.jpg,c75f6fd2057e881f35a823ed2fcc20834b960679efe2c812220b32d4e05e6ebb
Beagle/oxford__beagle_201.jpg,bd98f8f2a7ad55b4558c5ff897c8ddf0564357d6087de9bee73e9145da8556ba
Beagle/oxford__beagle_202.jpg,5e5374ef3e3fce913b797978c36619b46bf66d872ba6ba223be044cb6d3005cb
Beagle/oxford__beagle_203.jpg,ac992e243b6a28509c2743fc7ca5d05138f9115ba929627eb2a1efb724cebaba
Beagle/oxford__beagle_204.jpg,1f12c382e34dda80b8456ec31a76c01383992732db32732f91c4643881a8a231
Beagle/oxford__beagle_21.jpg,2ef1bc84389c59e89a8b271be5fd6f77445bf2edcec9986c254750c62dfe6ffc
Beagle/oxford__beagle_22.jpg,add622088c951f3a8db801028c7918960fb1ad432cb582a669cf5fd978c9309c
Beagle/oxford__beagle_23.jpg,bda9ff9f33062013a53a6971466b6896dda8637732e725587f04e32918b22970
Beagle/oxford__beagle_24.jpg,be536f61f26c7ab8a99f659da92cf3854b15b7e5029f7229f4ab2e11ab5d62df
Beagle/oxford__beagle_25.jpg,e6b125f8c8bd98f993bbaca92021167eebb1219161ea2a9b73a433f02f73fb64
Beagle/oxford__beagle_26.jpg,71764179c0612a8e1f675b8afedb3b62a856e50d186d4ae752f6d3935fd85502
Beagle/oxford__beagle_27.jpg,77bebed5dcf5500b149c764513d62a6daed9ac56951c4386826f8dc1d976f21b
Beagle/oxford__beagle_28.jpg,508f4f68da0ce7a9c6dae38abbd3935e1c414ee173718b4b52d7b050393e3da9
Beagle/oxford__beagle_29.jpg,642aaac1a4d0d63af63feabe8f16b5e12a5532ec32d0c6f1e54c92f98c65cb91
Beagle/oxford__beagle_3.jpg,cd4099f6271264cc040662ee68b7b55094912a01d5467f59b009029d628d647b
Beagle/oxford__beagle_30.jpg,91cd65d4aee58cf2e9296b5888b1bf27f3c436d5603a7b35d3b179cd2b270dd6
Beagle/oxford__beagle_31.jpg,9c1215304460b0de4842b30fb73c0ce81661ef45221cbb6dac1863b2f8d9d5c2
Beagle/oxford__beagle_32.jpg,8b2c4c65f4b6c6d14ba2574220e782947d556af790f2733d9da536b75d1fe66c
Beagle/oxford__beagle_33.jpg,5cf0f897b3732ef8244e5d14fb640b11973c41fec5e5db3aa2762a8ddf20b3d7
Beagle/oxford__beagle_34.jpg,f9ad8d1b9e85995c37cac17d36790c8078c746def6283a0b88f3c0d481d69147
Beagle/oxford__beagle_35.jpg,0dc9b3b449d5815d98c19b4d430e46d6e69c85f6adb7636d869eeadd61a30aa5
Beagle/oxford__beagle_36.jpg,1a0d7ecc6ad24395924f07134d3af4e607380368c2b076471266b8802fb19e63
Beagle/oxford__beagle_37.jpg,449c788f9fadaced72e0293a3b58b3ac902c0309e04f58afff2cf19b1447691c
Beagle/oxford__beagle_38.jpg,bddb9cb79c583220bd75d293fb61f1ffd83acf300e7430b046ea5447884de351
Beagle/oxford__beagle_39.jpg,9903edc97a3f6d198f3978e4e8a144c849c04e9ebc7f2b7bb99e48983c0ad814
Beagle/oxford__beagle_4.jpg,35308e8f27866043a66545ba943bc2312ad6591bed187e004e2ee0ed804d5cb8
Beagle/oxford__beagle_40.jpg,16e3f42eb6bed13fe29a81e2738c73c3f38e71583b82d747c5ec76d57c8a2b0d
Beagle/oxford__beagle_41.jpg,67b2ddedc9473d44f3707b75b58b0dc60cf23b1816aa571682e486037e87b128
Beagle/oxford__beagle_42.jpg,001bffb65b7e6a6f9dc625923f5cfccf2d33b8fd2db9360813641dcdc92f4651
Beagle/oxford__beagle_43.jpg,510423866f63ba1584b3da66aa4c9e8079b0286b93d9e077c717d65c570c78d0
Beagle/oxford__beagle_44.jpg,4009359cfccfc30463d65269a6cb03cbd3de336c08ce62fcb1d44a0515ff7024
Beagle/oxford__beagle_45.jpg,2378684918585e89353bd06c438416834fd1c9cdbf9b6d73831cfa2a27abec93
Beagle/oxford__beagle_46.jpg,efc3820beb8211b4e6787da4d8a0c702bc20117914c7ca4b50405ec18faa3f07
Beagle/oxford__beagle_47.jpg,0f6e82361e062fe38c64512b236e378efab13e35793e6dd0ad6e0d1b997a38c8
Beagle/oxford__beagle_48.jpg,c3524b96b6e5949a6cd5321d3386a1f624657a45ade45faea2a1a906bbbfb7e8
Beagle/oxford__beagle_49.jpg,55006b4ef8daff90a2084078b4ee92fb4d4c71c59dfbaad5eb959341a7a48964
Beagle/oxford__beagle_5.jpg,cebf84a6de0016c5b8335677b7f9a464b0c437602259baf78854b92e2af278f6
Beagle/oxford__beagle_50.jpg,05ef2a91bf500267512ca8b7c20b3d8c6927c589e98e75a831c3f4fc126f263f
Beagle/oxford__beagle_51.jpg,1d417f8a1c358c5e462df1ae5af0341adf8bc73c5974db675508ba42cb30ec0d
Beagle/oxford__beagle_52.jpg,808e50c2066a86e8b8ec3f1a64fc292bb3dd5981b4176a84406542dc98caf6e9
Beagle/oxford__beagle_53.jpg,65d8a15831bcb190148bfddcb53902ee25ba0e4fedb799590035e14faa4b9ccd
Beagle/oxford__beagle_54.jpg,8a9239d218e9d5ba047f5eefdd5e1b0e08a622368b1160ba2e8a55861a887bc6
Beagle/oxford__beagle_55.jpg,56549aecc23a7a0f25a86fbb99770b8825392a0c5b660a076b274c37332a32e1
Beagle/oxford__beagle_56.jpg,f5ec6333e86b358531e6c1a61e78831ef0bc44298271f63defb9e48d6e854e64
Beagle/oxford__beagle_57.jpg,8bad3d615afbd8ff468732956a4fbc51664675455f2819223958aa713122807d
Beagle/oxford__beagle_58.jpg,280a8c9f58a63f56e9058b0ae2cd7016c8e475415e346a537274bba8c3283673
Beagle/oxford__beagle_59.jpg,482cd64424ab8e5d90994aa04237823426849f0a3747092082a1fb9d17bfa53d
Beagle/oxford__beagle_6.jpg,86facc8b668882ae2bc4fda5254ba6e174ddcbc13a4a80bea26d729ed2e3c30a
Beagle/oxford__beagle_60.jpg,7c16faf4afb34ec462a62a4668c90c8c7bcb436b59323cbbe94d7920f4529c96
Beagle/oxford__beagle_61.jpg,969f437bc4c9d2e7109af34fef3ecb2798bc452f40ea1ee42eede326683be7b0
Beagle/oxford__beagle_62.jpg,dcc35c261d170ddd58970788bed01232c892c8996aec075ab2628c212d8a2700
Beagle/oxford__beagle_63.jpg,15fff1e75593ebbbfbf1ec25cb024d5ecda8bee835884f559063f638d173c496
Beagle/oxford__beagle_64.jpg,bce6c6fc6d3c7e791cd4242085e390e19106c55a285463a44ec5ac06a67dba32
Beagle/oxford__beagle_65.jpg,dfaf584220095cc14c64460c9ecef7c6150717985de9677eeb0ff93de64cf82b
Beagle/oxford__beagle_66.jpg,a291d2eb611243cf419e44ac9309e9570fb949bd13cac3e7f17b5e3c580be978
Beagle/oxford__beagle_67.jpg,e9cae4a5269200f573a3de9787e55b13012a4338a62210ce66e84e07eaf9e1a8
Beagle/oxford__beagle_68.jpg,9b7fd5c38282d20131f57fed0b427e58629527a7ec6d9b2d465fca21929542b6
Beagle/oxford__beagle_69.jpg,11ca082ae951ce3930d25ab905d2ea99c40baf0e5f900e126053e1749828a55a
Beagle/oxford__beagle_7.jpg,90ab5a11b3394a8d7ecee5aab8736b6dbfaf3bd0bb46b9c41b59fc73e25145a4
Beagle/oxford__beagle_70.jpg,add38eecd46e8a6e882d1fb4c58d83f068e2041f7534ec66b772859c4083b7f8
Beagle/oxford__beagle_71.jpg,c9b5549aa3dead183de330d5334f7adb69dc460b6a79f4d05e8413dcc9b8fb78
Beagle/oxford__beagle_72.jpg,b7d852f9531a358acee057c95e8f628aa56422ef07127daacd58fc588ea872bf
Beagle/oxford__beagle_73.jpg,353d94ad4a5d94bfb4dc9a0009165773aac264935a5d8f57c73f9050281b900c
Beagle/oxford__beagle_74.jpg,33de73c7b08f40d934591a606f6067b7767396c0f7dec8851176fcaca19e5907
Beagle/oxford__beagle_75.jpg,3e6cefbc913e3f6934ef2b46e5690ff7e786e4419717c3cb2c7697b4ce2a023a
Beagle/oxford__beagle_76.jpg,a18f1dae5317f9d106bfda35f3f90c1b38dbfa402354769cf4cf1184babfd5c5
Beagle/oxford__beagle_77.jpg,12875a2f89fc479b9844df287286a5cc82731268cb76e5cfdd26445d8fa02a03
Beagle/oxford__beagle_78.jpg,6db62905b78890d4d782a14f1a2c7b28248495fcf2d6b5e2c21cb3ef65db161c
Beagle/oxford__beagle_79.jpg,d2f3bc3bc649cbeb28ef1034f7b93115596450f169fe63332abab80f269638a0
Beagle/oxford__beagle_8.jpg,1274c78e3c2559855cd2d413871cf39a38894285cfdcac3bac173a31d948d885
Beagle/oxford__beagle_80.jpg,6421ef10a71cbf05608ab40544afe3369d011a1557c0f891b3b325e9236909b5
Beagle/oxford__beagle_81.jpg,d14f093449c37a79c3b22e4a7d2132fb5930d3c6ff308c8ca3a1df4a83422105
Beagle/oxford__beagle_82.jpg,f51202c6f5061c66cf188c4fa329d1ebc01ac9ca1ede74137364c3e9bbdd7760
Beagle/oxford__beagle_83.jpg,5ea12dad019cf666519e581d6081469278ab229c1f0acbd07255bc8b1bbcf9ff
Beagle/oxford__beagle_84.jpg,9e49d2e13a150716766bde69e60140b9624d9b9ca25ee423c33753f55a087680
Beagle/oxford__beagle_85.jpg,cbf712caa7af1ab654b134f7a247598e7595791573d06d25dc76a3a73ce7573a
Beagle/oxford__beagle_86.jpg,1da6201152c0dca2724ca8d2d45c38b3b0067cdbe4a8d2b3fafe79ede08a7847
Beagle/oxford__beagle_87.jpg,410e7235a4689c41322301cee75f8c3fc884bab458b263582be7939b6ed54c06
Beagle/oxford__beagle_88.jpg,9995ad433b013787a4037e59b29e2162f41e39109f03e3dd0237e0b78b46480a
Beagle/oxford__beagle_89.jpg,e12a759c240d71d7194f4573f34288cc4430568a8b33a28dcae8d8716947d4e4
Beagle/oxford__beagle_9.jpg,ab08500f1d67434382fe77f5f924c6125d4c648b119dd5c5e3233c82af6380e8
Beagle/oxford__beagle_90.jpg,aa20b75c6bce17abd298041f711c61cae0eb387ea89b588fef4f418ab287c4f0
Beagle/oxford__beagle_91.jpg,7b007033b9ecd7b0b9aa21f5471beac63ca44b6b127bbb142b34eb07bc841575
Beagle/oxford__beagle_92.jpg,a2165272746895f2e7f1fe5ca10f859083c45c71ef68351651142a62ead3ef53
Beagle/oxford__beagle_93.jpg,857294430436f926555ae41981910197f3f267851ff2a76464649fc75daaf03f
Beagle/oxford__beagle_94.jpg,d7342547d3c5275a09b6b866abe385b1c155ee922e5ec2be531097cee23b8a46
Beagle/oxford__beagle_95.jpg,e3330a80183fcbe2372f67faa096daedccb78485c0fbf0a81da6ce9038c2c693
Beagle/oxford__beagle_96.jpg,3f39f822f4c5fd7ee4f0375ae34f20c883e4113ab6ee75d300b1e158cc4970ef
Beagle/oxford__beagle_97.jpg,972be62c2a949b4fb3b38f795fe7e0ea475e7b06a72e9ae90d5f578345c66a97
Beagle/oxford__beagle_98.jpg,09f6fad732daab34562eb7633aa0c0dcaffe9784b647ef8a0a2c4408e9eda0d3
Beagle/oxford__beagle_99.jpg,e9b8f2590604f913c653accd9f3b51c93c93ab16f371f014da418959cc19499e
Bengal/oxford__Bengal_1.jpg,0b33ac17cf5d8efc3eab29cbb31b79d42c15fd447bb322e03b11a1bea746e9ff
Bengal/oxford__Bengal_10.jpg,4cc958fc6bb47738488fdc83a3053f01ce2937c9fbcaf5db2e649a1d612f8725
Bengal/oxford__Bengal_100.jpg,ac43a059d79fb5bd5c853783b26ff624106a1c0d61a91c286e084b1926c393a0
Bengal/oxford__Bengal_101.jpg,a45beacc9252f1061ba909174f8019e932008c7befd9a68546d05dfab45f428f
Bengal/oxford__Bengal_102.jpg,226936012f79da76f347217a9274905349acf2de90aa4107bef09b21aca73284
Bengal/oxford__Bengal_103.jpg,f356186372fa41c460c027b0cd10ecd72b39a74aec7ebd40204141ac519ab924
Bengal/oxford__Bengal_104.jpg,a9ecfcdee804c8740ac765482f317f10b1def907d36cbf530f5b4c43dc68a6c9
Bengal/oxford__Bengal_105.jpg,299c1815cac84a9f2fe68d0e5643d0b3b53a7146ae7fd3e8f08d48fe7068d065
Bengal/oxford__Bengal_106.jpg,6a2355d76967e895ffbde0994a7e724eabe4c08b6e398e74acb8f13c8fbd5918
Bengal/oxford__Bengal_107.jpg,1b7dbed05e3863331a6bda4c8e2eb408127603f414d3bece4c46c2cfc5e6549c
Bengal/oxford__Bengal_108.jpg,789f5b5ddd72f35939f7b882a17a07ef01ed1e1431439a917b945b09aeb60180
Bengal/oxford__Bengal_109.jpg,7dc7891d8c3cdfac18f7aecdbd0c266e1ef42f642f6b48e9700e4deba348305c
Bengal/oxford__Bengal_11.jpg,8e5edbaa935de77a9651cf3a20b472b357830ef902ea7bb2e8e1a7eacdf5b2fe
Bengal/oxford__Bengal_110.jpg,1da612250edd20a247c1f3107e8fb791d83e3fa818f9ab64f0ef74131f8babec
Bengal/oxford__Bengal_111.jpg,16581795c4ae1da7f3f82fb1ef7a0c984a0c532a14ae114caee765263511c899
Bengal/oxford__Bengal_112.jpg,631283b48596811d899441eb7765cc9c2e5007ae400362e3e590361492802b9c
Bengal/oxford__Bengal_113.jpg,7090cce4d8b8d0903f5acfe892e5fe53a5452d04e281e3d1e1182460c4e0548a
Bengal/oxford__Bengal_114.jpg,461d1775b27bc010a04325c70e3bea0eeae25939c42c3a0e8f3027473b762660
Bengal/oxford__Bengal_115.jpg,372ce09232843aeb819c4ef5f84666d698d2ce080998b0d5c1094a716a1ee06b
Bengal/oxford__Bengal_116.jpg,e3accdaaff6f5144d18054c7ce0672cd1782cb87611e68b1a54fdac1c69aa3d7
Bengal/oxford__Bengal_117.jpg,a3f55d828c652c648732b29d3c29789dc722568cd34097d8e92a5c1cd68f8a5c
Bengal/oxford__Bengal_118.jpg,5ba26ff5d2da20046e2789d8feb5619433c833a5e4d7eed1a41d9db889630625
Bengal/oxford__Bengal_119.jpg,09c820573cb5781b28f2c707715f5da83f09bd62dc4bec946963cce36b7da7de
Bengal/oxford__Bengal_12.jpg,b2282f6083788b27d5b6443ae0829058f3333f5f7b27e313fc05a019862c4d62
Bengal/oxford__Bengal_120.jpg,a06163efc47aaee6d87acbb12dcb5c85baef646322f4a8ac8b15d0ec5618e7fa
Bengal/oxford__Bengal_121.jpg,5ad749aa8448cbdecba12cf32a45751a9b7e6c638fc979cd20531a06b1f39f8d
Bengal/oxford__Bengal_122.jpg,9d03fcc2dda5a0013964e22a6079cc3c0e9eb629715631318a470baa1bc30e3d
Bengal/oxford__Bengal_123.jpg,8c454b9f8a1ceeb2f3a4e91b818e70b4e498912bf28372f09f5e41e467908159
Bengal/oxford__Bengal_124.jpg,c1fa73c217ac7cb1dd3ee3f3fd52f61d61fa244047b74133399b48162b09c107
Bengal/oxford__Bengal_125.jpg,f0bb2b518513bdd75f3ca01af659ee60471255d03aaefb12a53828e819d2bb32
Bengal/oxford__Bengal_126.jpg,5a2dfe0ffc7490f99483f0cff435de6cb55d400baa419fd2b34ff61b6c576d00
Bengal/oxford__Bengal_127.jpg,50664e80f64d2061d48a1cf6ccf0d499c3e30b1d328ae2b4d3dd2ac78759d9d9
Bengal/oxford__Bengal_128.jpg,e78bdd34586197e7cc327a865662410308e406f20987ca78fdc9c1918af33712
Bengal/oxford__Bengal_129.jpg,685abbd9eba07c49f792b76d2857b6b60cc40ad5b0321a08ee06abf0397f6d3d
Bengal/oxford__Bengal_13.jpg,089fd934608d33e8a39940a855af97f54b15bb063c7c9295c1ecd7a362f4fe8d
Bengal/oxford__Bengal_130.jpg,9dbac8a34e7ec0f8dbca71b76d30ad73965fa369f71dc05ae21c3987e56b4c9f
Bengal/oxford__Bengal_131.jpg,5005ae91d4fc2c6d8c5c7c5bfdff5a7b86d993761e7a66197884017690263112
Bengal/oxford__Bengal_132.jpg,66c659d70bf7181991bae52890dc9daa486102222d3b4b21a1b020b81e6d2a3a
Bengal/oxford__Bengal_133.jpg,08fd53985d062327373b812c9808aee2ebb708b950005e5ddb8c8d8f00548774
Bengal/oxford__Bengal_134.jpg,cff8fc6603000a9d5e06617e4b2499b381319e5f3205fa4148c5e862e7bdb5a7
Bengal/oxford__Bengal_135.jpg,2658624b0ba73a2e80faae57a99c9d9aec5b422e572fd1615325507e0f8df9b7
Bengal/oxford__Bengal_136.jpg,202b4bd5dfd5f8e953191fd82ca576cd1b3e45e150ce0eaa398c19e9a24a8caf
Bengal/oxford__Bengal_137.jpg,94a896b1f8066658b4c9ef0d7cef24fdb88aea61ce1e27c84357e8362d871f06
Bengal/oxford__Bengal_138.jpg,00895b7602b25c545758c28c979aadf98b4f378d093eb5d1b23295b44441b99a
Bengal/oxford__Bengal_139.jpg,df4f671a2d45d525bfa1d1d188544419f06495220a5016b8d1b0c729c0dd5f9d
Bengal/oxford__Bengal_14.jpg,c8a0224bbef5c7bdaec9c7513d1a89c4cae28882ef67885071a8008f6cd3e6ea
Bengal/oxford__Bengal_140.jpg,5f151cbe91ce79a958e649a91929fa5317cab5346a7e128cf442fb8f9be3344f
Bengal/oxford__Bengal_141.jpg,0848afb5ea3e67e3a149837c25a6cb32be2bc21524370c3f8a4316fa13c51048
Bengal/oxford__Bengal_142.jpg,87ef60cd7d06ec2604c96bc664107c1616485cb0c9c1550ec22a12c9b468beeb
Bengal/oxford__Bengal_143.jpg,ed6bd73f8efdb65da4ad3c61b81a8ebd3cf02971cbce7a6431ebd9636123c089
Bengal/oxford__Bengal_144.jpg,334e621a4cfc92566755767264697ced99dcd9acb1e881835f447a333620dfba
Bengal/oxford__Bengal_145.jpg,9b977d9f338f595a84be399bcd070105810ad32fb21a4209f4b72237c22a5ddc
Bengal/oxford__Bengal_146.jpg,eb6102aab1eba7f1eaf42b38a2e72bf978fcbac12de5ec0b454ef9b8b828717c
Bengal/oxford__Bengal_147.jpg,cf48b21e2824227fe3ac302039b2c20f5782f10cc4b60f922946262c56e60f20
Bengal/oxford__Bengal_148.jpg,6a4df42b7d99674d7ae747b44db56bca464156693c5e5c5c4d7b4700e12e9766
Bengal/oxford__Bengal_149.jpg,d227a8fd684ffeff76c6e102028f73db9f74c7fbc363a4459d1937fd5255d581
Bengal/oxford__Bengal_15.jpg,78c516f92103aaebbb5489e620f86c15222b1a0800b87687b4c34fbded3e16e0
Bengal/oxford__Bengal_150.jpg,36d4d86a1ad095de60e268eb3a57fafa19db72b314f9289c1e2af456a6aca49f
Bengal/oxford__Bengal_151.jpg,f97ee766560600db2d8344e99fc3d67de22835224e20bf57d0ff957e61a815e2
Bengal/oxford__Bengal_152.jpg,295a8c2bd0c54ea0a1b10fe6958a76d0b27b88d8edff70a091c269a14e7d70e4
Bengal/oxford__Bengal_153.jpg,9cd73fd90080763c05f1720a2d8e0b9123a4fd439ea35a2e59db8bac02790482
Bengal/oxford__Bengal_154.jpg,2e061df10df4f84a045db23bca5ffae85ae2357257dabc3e3a67b2154cfa9984
Bengal/oxford__Bengal_155.jpg,33f26a2f8d4da068113c5a27f2edfe7e48ec93b1dbbabc18c1ace09876a1d6e4
Bengal/oxford__Bengal_156.jpg,cd5c70c6b82330ebe799fc5ba2097f4cc266439a91ccfbe491b175c138e64616
Bengal/oxford__Bengal_157.jpg,f3209966d4b1a1eb9b9b052328938cfef28d3c5dd126f945fa4223d0bb42e737
Bengal/oxford__Bengal_158.jpg,d4735941cd7f53712347214babbb8c88853f643e4308f9a325c01d87f4ef8486
Bengal/oxford__Bengal_159.jpg,59e2dc30af1be4b42f21900ba1e7ee651fdbb065bb817dc40a8930c25e55fb74
Bengal/oxford__Bengal_16.jpg,a747d624bb1be48498c8770ed46336e2f547025dc03d86a24d6170bce6baa8f1
Bengal/oxford__Bengal_160.jpg,dc51bd9f0ff6195c5b57d11dac12debca6728377e6ab453b31b651463b8698b1
Bengal/oxford__Bengal_161.jpg,e26de1d7c7a0f5a6dc10c95081e40686cd0e4f00b3653e75a95c4e5c0d92a758
Bengal/oxford__Bengal_162.jpg,3aa126af64adf4bb5db19f43abf5a4b9a686e2757b3b0eb607711343b380911f
Bengal/oxford__Bengal_163.jpg,e438575cd037d4cfb773134ac15d46b952fe24e3b3e35092d43240c82147425a
Bengal/oxford__Bengal_164.jpg,7f6daed758be81acc5ad462497598c600f23f97280be2e6d51749024677c3983
Bengal/oxford__Bengal_165.jpg,89d917f548e5c82fd5485f16b1a958bdea2353c12e9143e8f07a10d6510cb919
Bengal/oxford__Bengal_166.jpg,90e0a61dd0049fee00682607fbd47e04bead0047bb8440b03409820d08b56551
Bengal/oxford__Bengal_167.jpg,73bbedfd636935bec6769c2c5397c2f449e21f1a966c30ac48db7ac2043be91a
Bengal/oxford__Bengal_168.jpg,af612ee2300dc2bad7644d88baea8c33c313bbedc92d6f715fdfe6cf3058f182
Bengal/oxford__Bengal_169.jpg,eeff687d236db3362a5f575e60eea4cd1dbbf91fe039b06673d087ec12c208aa
Bengal/oxford__Bengal_17.jpg,e39612e3184ceea4a659c2a7b69a359f208cd4084fec1060416997b7d3d6830c
Bengal/oxford__Bengal_170.jpg,0a727e218956702eeaf93e29706052a4173c849cb5cacc6c404f45233b52e7f3
Bengal/oxford__Bengal_171.jpg,21db6bff64181203a5087c46a6b39377888124d775aeffb4bc0b4e5d7e1e1a6e
Bengal/oxford__Bengal_172.jpg,c4edc372c83125df313914424b1a05f7f7f8e7e3c5a21af68143f323fdfdd078
Bengal/oxford__Bengal_173.jpg,cbac7d599009a79576ab5b0fb205eb43aaa8a4f9f2451664ead66c7060c0413c
Bengal/oxford__Bengal_174.jpg,24fd446c3b9fa640238389162b366f1484b8396fb0436e9e773f81708c16e4f4
Bengal/oxford__Bengal_175.jpg,ed4c79535a876e8dfcbbdf000151c68e0c6e3b22a3c9c90b7c280d029774bb2d
Bengal/oxford__Bengal_176.jpg,5aa844c6057d78c438fd546357097f5f551e9f50a4788a1290e372ccad70d066
Bengal/oxford__Bengal_177.jpg,0efc172692b978b47fcc0e3615e97b91a111cef2b137d8859395c448ae45af82
Bengal/oxford__Bengal_178.jpg,55466e74af6e4aac0495310c4a0acccb12c5b36510784278ce4d0e9280afd96e
Bengal/oxford__Bengal_179.jpg,46f67796472c714b73f3cefb597bbea471761777875775a0bba9fe9b6c82b273
Bengal/oxford__Bengal_18.jpg,e3453076f403c83372cdf2af5a4ef504d1c159faf0336fae82fe1464d0ff0ebf
Bengal/oxford__Bengal_180.jpg,c21add800be45399774bbd4d62628588c42e25de364c0b5955deaa52895b0fa6
Bengal/oxford__Bengal_182.jpg,e540bd02ff6b60b12143fca4ffe4cfa7dfac9763c884fe06dead17d783e7ee61
Bengal/oxford__Bengal_183.jpg,5ff9ca0acb4f70e11afba293780552346f4c29f4e1879820119b3d0d5f97ca87
Bengal/oxford__Bengal_184.jpg,64b6ae81deb72f824a7df49a4b1b2e91295959938cebf05b28749c048ff8681c
Bengal/oxford__Bengal_185.jpg,82693681ab7dc89a9e74f4302cc4583d8b3dd83b493fcfe23066ec950065d99e
Bengal/oxford__Bengal_186.jpg,a518db3242977f5f022cbb042932586373bdadbefe4551e83b969dc050826eb6
Bengal/oxford__Bengal_187.jpg,a37df748c640da83570efefd8a684085f581a1a095c55e09ab0f3c0dca78d485
Bengal/oxford__Bengal_188.jpg,03c81c50c9e8ec208afc6c699e632ded6ddf9f18cb94f51521e00bbddf5ff2ff
Bengal/oxford__Bengal_189.jpg,a001f6c37b494e7f6aa99e51229cc0644ef866fe3f86087c3d2437affad70624
Bengal/oxford__Bengal_19.jpg,9df02dcbc9cd2a4dbac4325175ffcdb9117af32a40523c3b9310bce00919a06f
Bengal/oxford__Bengal_190.jpg,16d005accb843a17e0bc0756a7e6eadfc395df4d835ca7493b61a3ea84f99413
Bengal/oxford__Bengal_191.jpg,79c62bebba5cfc8ed3a3f2e847929a653edf426037d9e977cef29e12d8fd18c3
Bengal/oxford__Bengal_192.jpg,78f5fd87a43ad42feab17a161d9f73fa3e3c7c5f1df2ffde49714e25d11ad254
Bengal/oxford__Bengal_193.jpg,4963b9dd897b1acc4bfdbc7b14ecd58c745ca243af1913c5e35ece81dff646cd
Bengal/oxford__Bengal_194.jpg,722d377c42e3ec06e412bc061edf58d88ac75ac0b23600a8dfac1144676b82d6
Bengal/oxford__Bengal_195.jpg,ac8946cc962e8d1093f5c7ac2b21463a682990a414b551e6fd922dc4a4409f65
Bengal/oxford__Bengal_196.jpg,20a591a408ebd1e59212a0d8b5a1d94cc52a1d5f5ee28fdbdbf703719135c871
Bengal/oxford__Bengal_197.jpg,a9e9db109d8294c40c7127120f7ed38e3ad7d01453f30d248598c445636312af
Bengal/oxford__Bengal_198.jpg,3e99e7fe60c6e53331bab71acdb49424bdc00dfcaf2a7aed10c48ee90e63d7b1
Bengal/oxford__Bengal_199.jpg,4f03d3a8493e034fe253bb659cf4ddce9993db93cec648992edbc0d80b278f23
Bengal/oxford__Bengal_2.jpg,8469cc227da1d54b08d3837516f12a0bcd3cfa49cb1a4713f01036d8f229bc84
Bengal/oxford__Bengal_20.jpg,32aacdce170d4a60e707a754683f80b295011f29365467cc238d1e268ea4f345
Bengal/oxford__Bengal_200.jpg,4fad08629ce2d598dd078816f3cb1eb4c601c7d813156c9333c503b321c2c956
Bengal/oxford__Bengal_201.jpg,f9f76478147710bb7322201d51d330d2fb05cd301a82bd8928d7fcecc12d36de
Bengal/oxford__Bengal_21.jpg,6f6df1790881096ea7915d949ca09355b945aba0484527bc42d096bf4c3d04da
Bengal/oxford__Bengal_22.jpg,cd34515a3a75032e6914bf13eedbc2fb69aad01cd7a2812efa415bb231002f75
Bengal/oxford__Bengal_23.jpg,7e7dd000d31022a7ca9d6816910421eaf68ad0685694b421046a9d8298b1afcd
Bengal/oxford__Bengal_24.jpg,d6c98fdb7410b35e9e20b7a6239f25f8303873b380f2cb1b79f60ec2bbbddc66
Bengal/oxford__Bengal_25.jpg,f4c827e926f2888cf78e6eadc097d4245713bb246efb22e31836c94629f87f2b
Bengal/oxford__Bengal_26.jpg,83c9f6eb4058d04833538c233e53e3c6d6eecd40d0600e8d1f2569746546854a
Bengal/oxford__Bengal_27.jpg,c42f9387d29c2e3baa6ee00097ea0ece6ae44380f965d6b5a3ec3d82301f8aea
Bengal/oxford__Bengal_28.jpg,bdc51a3b689f0590f1f1847a4a26d804c031d0666cd9346d8c23c3467d67f8f8
Bengal/oxford__Bengal_29.jpg,92fa4a42b26922dcf92773da838a005adbddb0d5df3bec6189ca06800c9ab61e
Bengal/oxford__Bengal_3.jpg,e437eed7dd7559634d24bfbde2ea1eee1cf947d3cc27e2311060e0379211f5b2
Bengal/oxford__Bengal_30.jpg,d6b31d2c08c0a34f9a289f90a5fc64b43c96cc0566462aa7335a136d0d267c7d
Bengal/oxford__Bengal_31.jpg,33c31133ea55e8cd4e97277cb749423f4b13ba2d5787e20028f15a935cd9f4bd
Bengal/oxford__Bengal_32.jpg,303e941dcd1874ccf207032d925b0bdb30fbcb35ffebe0658e957a8a82322200
Bengal/oxford__Bengal_33.jpg,e325022b409486df6a799ed71e23d5e16951fa35c304d04ae986439ae7d69feb
Bengal/oxford__Bengal_34.jpg,b4aa993eae4b39329924a0b713af46871c67ccdf30b6addc21234e6c83aeccb5
Bengal/oxford__Bengal_35.jpg,ece11f61b41023792e8450656c51fc483fd0ab0b410d4de7f76caacda5d40de4
Bengal/oxford__Bengal_36.jpg,bd4a4aaea936a58531c5ae2d6d6f1d827758b5a3437f8d14c2e61e99be520c14
Bengal/oxford__Bengal_37.jpg,d0a28d57f3621276ede6910497e3c793d5fafae3b52827e1c266fcce9d003e8c
Bengal/oxford__Bengal_38.jpg,507baea52e1c0f9680594b3a62697f414aa892c96ecef2a08dc86c7b2b1f7254
Bengal/oxford__Bengal_39.jpg,5eadae167b433f9b4834e9a10de82331dcc487c669b1f361b9dcbb534fd49a92
Bengal/oxford__Bengal_4.jpg,b51c0e6363100c90c1805da2fae16027292135111a87869e340f112819506046
Bengal/oxford__Bengal_40.jpg,f47076a7cb1b39d4a82aaadff0848632a768fc7c6821d494a365f94944026733
Bengal/oxford__Bengal_41.jpg,32961a64b166e84134905ef157fced733f7403bd118ab6469fca37f3c6c8b393
Bengal/oxford__Bengal_42.jpg,fbc46f7bf23015b844bed6ef1923ca40bb4613b505af1d052c6262ca5032f73a
Bengal/oxford__Bengal_43.jpg,d2b5256b7b142250cfd2879c5d8c3b2a796709ad4205d998e12daf941effe2ef
Bengal/oxford__Bengal_44.jpg,701dd3a4b05b431f6e4cf6b5af70daea768c1749773f368ccb7535adb141e09b
Bengal/oxford__Bengal_45.jpg,e077a82506b095cb84533367152194859cd220f81d93311410b59399959e5941
Bengal/oxford__Bengal_46.jpg,55edcb519432b07a56375f19e3a9fe2b2c42f4ad84dd0b53ae03682a122a9a7a
Bengal/oxford__Bengal_47.jpg,c9d43917dbdb245a001e58ee964ee2236b0c8bf4b1ceb58e4f89af5541e993ff
Bengal/oxford__Bengal_48.jpg,395733cf4d469e98da57e4e83a86e360a1c117340491daa9b4c32bf7b49cb09d
Bengal/oxford__Bengal_49.jpg,6d3f5c07e9c6bfd3e6febab6fbd2ebdddb590952fa9de37007273ca59f06a94b
Bengal/oxford__Bengal_5.jpg,46d9cea6179e1ac3f29e774a1b2de76aadb7ee0a0e41239172e4e9f20d706110
Bengal/oxford__Bengal_50.jpg,c563a5d43b9f5ce0050d1644734dd96f7a0b820221af2b464b0c20d3b09b789d
Bengal/oxford__Bengal_51.jpg,da99fcd27eeb7f3b8eddb96009627a8be9d5b9d6fdf5a71f780cd61f5803abee
Bengal/oxford__Bengal_52.jpg,a4896474ac4395abf24e26027628e540dca02d0efa5457bcb167f4c4844469b5
Bengal/oxford__Bengal_53.jpg,22ff82c21cc79f48100c6d384fb2316f29d158fc05c787ec31a0c4b1a7c6ab5f
Bengal/oxford__Bengal_54.jpg,bb254533fc1d87f92713eecb392553a4e10e82ac97844ebc5612a6c42db783dc
Bengal/oxford__Bengal_55.jpg,32c4673bcc7dd7c0b3c7a8a2ba37aab1cffa157ffa57e3e30666c9dc33f4a8df
Bengal/oxford__Bengal_56.jpg,45aec022e14ce85c4b378b2d36e8a7675f11990492fa2525553d0602705fcf10
Bengal/oxford__Bengal_57.jpg,5e1f07c01435ea0f2d6a54c732642870bb0085f3f1fe80d6f7b5b11648c4fda8
Bengal/oxford__Bengal_58.jpg,f0f5f74d9bf55d2a9dd61907ff7ccb788912895dfeb1d60624ecb8e46d200e59
Bengal/oxford__Bengal_59.jpg,88751c3f164d34669877ae5ddb7bd2a8f61284592032929e323a83e61bd6b765
Bengal/oxford__Bengal_6.jpg,7941c44ff22cbf92eab4e386b4738aa957c9ff7714c29272827e9a74c5527f26
Bengal/oxford__Bengal_60.jpg,0aec49e8336d43e1d38485b9d255f2db486714015f742e009bad972f01237220
Bengal/oxford__Bengal_61.jpg,8bba90aa121ee8b4ff4ce20b70fbd6f60d34977d43906eb4dc7f6e598ec8f675
Bengal/oxford__Bengal_62.jpg,2ca314d7b4f67f4367541cb99b4f61c05487123dc22d7c587953d113d515ff19
Bengal/oxford__Bengal_63.jpg,6db237023c703d92e8556eae69c91d770ff2797c8c331e71000e86b6e75c464a
Bengal/oxford__Bengal_64.jpg,c6ea596d7bd0ec70187c1c9cd704e1d4e824c238f6c49f8ac9786f1591b7c94f
Bengal/oxford__Bengal_65.jpg,b91ef79bc40f408d63002c491cfdfa2c40a63ec3d0e8130627ac7a1c9b5f8284
Bengal/oxford__Bengal_66.jpg,64c75fb5c0211ab4c3bee24cbeb3ea4133d3c158626160d0450c7eb07b8b4331
Bengal/oxford__Bengal_67.jpg,53ca870191c1ea9ce9d34c838563df917eb3173d17f3a03d1b84bba3a58f0ecc
Bengal/oxford__Bengal_68.jpg,f576cb637c6058dc5556e1c5cbda2257c5a237d946c0fa31807abbf9834aecea
Bengal/oxford__Bengal_69.jpg,7b3ba09cbaa81fabbf05cd905ab1ea5fe9b5aa1445b416d6b25cb540d3c6b03b
Bengal/oxford__Bengal_7.jpg,7cccfc95164252faf95ade129ea00faaa9f57837f1e10ae85f5b3ee21afdd93b
Bengal/oxford__Bengal_70.jpg,2cbdc6499a4d29005e0fbba3c03fdf74b44084b2e8e10ff29a09b519110ec070
Bengal/oxford__Bengal_71.jpg,113cb383d3058a122824f4d6f2787ecc3e7d8a7ac0c7187f0914cc47c2ed252b
Bengal/oxford__Bengal_72.jpg,0417a990b683bef091cf3aace25be9b20bbccec21b0b70540149186b22343fcb
Bengal/oxford__Bengal_73.jpg,d182c26dc2456acbb964c96dce4753f95b59e12e8da2895ae8b5dc1c902e33b8
Bengal/oxford__Bengal_74.jpg,fe37a42d1d328994d439fa1405d7dfdb2167cc6ef6d830bf329f854f4805d2e3
Bengal/oxford__Bengal_75.jpg,444c61e12a60ab38b6e14d2b1411a28f5e5eaafe5c37ccfeac248ad07c6405b3
Bengal/oxford__Bengal_76.jpg,900a5fd7c8b431ee16d0a9de15c983194eea462a633b34d9e7709d77e1867894
Bengal/oxford__Bengal_77.jpg,7bf570db1216906bc731f2a246bde7305662d7c2f4439676e0b2bcb542819888
Bengal/oxford__Bengal_78.jpg,68a727e2df8e4cb6ccff24b1d4e5696fa9db7e9f7815cbe60a2287d5ab72e6bf
Bengal/oxford__Bengal_79.jpg,8b1b136d984281ab7c7fde0549c2cf73baac513f19dbce2173d327fd23ffd7ff
Bengal/oxford__Bengal_8.jpg,b2714a7aa4fe932b19d70b2ea7b5f8bed4fcf6282384911e58ba2c0abd67793f
Bengal/oxford__Bengal_80.jpg,ce28eff3a92a644ee971568e5d6ba95c7e50e81090a00530a705d2f9d6bbb9ca
Bengal/oxford__Bengal_81.jpg,5f4d50553c12daac9fa90fcfaf2b032769be7e0aa80403bf40137d6b758adce1
Bengal/oxford__Bengal_82.jpg,290e5d819f81ccd2b96e88b5deeee102cc168ba666a58f263788b05bc329dd4f
Bengal/oxford__Bengal_83.jpg,6e54bdcde39ea9a3929ad5a733a0dcd24fd9ee6c26944e7d6df748ac2dde9fe6
Bengal/oxford__Bengal_84.jpg,a294510d3f0aaf8b2c8935ea65d6c9b1302c25a5efb2b6fab8919448919be211
Bengal/oxford__Bengal_85.jpg,74c8ce8967438755820ed6587bf2a328bb718db3c3e2c5e4beef6aabb61577fd
Bengal/oxford__Bengal_86.jpg,ede927e4b46ed6b1d34b44785c17d7aafe7b4b97652863cc806f6388506c5e17
Bengal/oxford__Bengal_87.jpg,4d422bd8e5aff0774ef3069dd1297efdb3c2a48577ab536dc684a69efc2155b8
Bengal/oxford__Bengal_88.jpg,ac4199ab9f99fda5bac75af13244feb1c81ff3d503e27b0adadac7d0018664bc
Bengal/oxford__Bengal_89.jpg,26c628993c3793abad088ff38879ddf325cb96dd400ebebdc083cc746325a84f
Bengal/oxford__Bengal_9.jpg,a7ef4b7f574327680e2214a10538e55ca98eaf1c5e5cba18adccda8e247c7630
Bengal/oxford__Bengal_90.jpg,f34aee4f35e09f751d0c7964f357eb77014b3d03aaf80866c06b7bf8f220b40e
Bengal/oxford__Bengal_91.jpg,745f1fb882305ffa2fea0c4fac5c87878ddba5d99a9934b3249d0494dcc8c2f4
Bengal/oxford__Bengal_92.jpg,a8c0014c868fbb9e9732bf53463f72edb40ffe8a8562d5ae4009298bec8dae1a
Bengal/oxford__Bengal_93.jpg,0a373339d9baba287d3b3c39300e655be50b2dff8de5dc8b9a676132de29df30
Bengal/oxford__Bengal_94.jpg,ab88131579061e4c84969fba10dd6be2e3ae631bd2bf0503c8f1390027702328
Bengal/oxford__Bengal_95.jpg,9657032bc13e00de740e9c97815f410f7a4da0fd82e14675b49b663a971e8a93
Bengal/oxford__Bengal_96.jpg,d41792dda8c2f8883a0d2b7d42e25d8b7b675122724ce68f35efb5f64e0ff3d3
Bengal/oxford__Bengal_97.jpg,1f7e7e055bb3110b456a791c9507fbb05a4408a8d322c4647e6b1ada514247dd
Bengal/oxford__Bengal_98.jpg,717b94f52af21ffa0634f78f34097bd1ef478d5d22067e4d3712b51968c3e45d
Bengal/oxford__Bengal_99.jpg,36d69e6d3b31b46715fc237e9a91027e8bff6ef157d84a5f28a81f6ff8e4ad1f
Birman/oxford__Birman_1.jpg,c314af60fcc1652e95404e413e45185b8146e1f5272b89c41ff6cad7827f82a0
Birman/oxford__Birman_10.jpg,e08fc0ba78af52e35e72b78023019d0b349d1777cb687bd0e8d66813a1e0274a
Birman/oxford__Birman_100.jpg,3523ff47fafa93261304a2f1db6e9610e91daffb7f958804a707ca5fa0f49863
Birman/oxford__Birman_101.jpg,9be011083d77cc051cecde968b2bb24f98781cce23ccb9ce44fb38c365e7eefb
Birman/oxford__Birman_102.jpg,da400e6fe650fd1d4c8ff45cbf6e2231310679dd9b3ae7a78586f7585e96244a
Birman/oxford__Birman_103.jpg,e163cf8ddabb36535413fd9725b42227bee77792655111726d3f4d7a0d0a9662
Birman/oxford__Birman_104.jpg,df72c983d6978d288bce90c0f6b7fa47ca7f4c71e63be1aa5508a3571bd82a89
Birman/oxford__Birman_105.jpg,e82f25ff2c64800d5da5228a9c3c8c617051ac2324cbc0cfd97c01bccd14ef38
Birman/oxford__Birman_106.jpg,18d09d39b7cfc9f5b6100a054ce5f025d0ba342e742b2acd56c7c99c72b3e0c9
Birman/oxford__Birman_107.jpg,e50b9f945f497fe629c1deb96fb0965ae3db5c23b68f366d73e7b19380f1f121
Birman/oxford__Birman_108.jpg,b96375f2efbe0e701c400f1aade9340ad748125c44ad4c1055d45886c8dba62d
Birman/oxford__Birman_109.jpg,4bceb82e63806621c8d4f6394fc1286d9518c8f41e3bb33dfe217f6f84c77fe1
Birman/oxford__Birman_11.jpg,2208946a89425095853fcd754291553327fef0ac44bbb7422ae7406a2ba68797
Birman/oxford__Birman_110.jpg,8a2c533c6af6607ef1c6dd5cd8b4ff1e6eb79433327156a66a32fdc5c7a6c2c3
Birman/oxford__Birman_111.jpg,746360886946bce372baab7ab4ff90ed34e4c08cb61985aea5bb5b104871e556
Birman/oxford__Birman_112.jpg,75fcd23b12031f838ab73c74fd7cdf97bd4b08a3786adc7e845c80c74bf64c3f
Birman/oxford__Birman_113.jpg,93a4ababe0889cf769af6f5b17d4962480da47f6dcee3b70c3674cdde583ef8e
Birman/oxford__Birman_114.jpg,5320b4becc12c6042ee4d3666dfeb94017afcdb928aa245b0be3768c4d0b0b2a
Birman/oxford__Birman_115.jpg,b1d92777f287bbaf53942cfb274654d698745b0bdb9adc0bc47c1617ceb450cf
Birman/oxford__Birman_116.jpg,e3e6b86885cc097002ae20ed865240a287fd51d543930717d75c80ddf3951ed6
Birman/oxford__Birman_117.jpg,761c5e4c8d0acff676c6668d0a17b384af06eda18e8bb221609bf2633e0754d8
Birman/oxford__Birman_118.jpg,bb537a50d40e77188795798d2c1b75cb0fcdb0a902e4f9273ff079ac19a0ba4e
Birman/oxford__Birman_119.jpg,6820b83dfe9d27f54ecb6a56a9eb09aac795d183732972cf6ccede13ca988c78
Birman/oxford__Birman_12.jpg,7f36bae83500710a53cadacf56046faf1aea78ec2951bd719cfd1771ccd7f54e
Birman/oxford__Birman_120.jpg,6c671553a8bd9d62521e679cacfc3439c64655acc3734a7a29ce4a1e0d29835a
Birman/oxford__Birman_121.jpg,0af7c62e82a276d242b99b66492f28cd29816a99adbef94fb18c0f02f0b701c0
Birman/oxford__Birman_122.jpg,da3ed801d229efe1fb4315cee364848994422222942d69bd96f86461357a2925
Birman/oxford__Birman_123.jpg,0cbd2a5bec1cc2d054ea126ecf4d81520f7874f9cf84a5469399061ab74283f1
Birman/oxford__Birman_124.jpg,bb3ec6f051cecad8cba699695e304972c221326372182058d9af6566df991653
Birman/oxford__Birman_125.jpg,e8ab544a447f76bccacedaac41e4e022ef4f748403c32d921d66a70157e3fe6f
Birman/oxford__Birman_126.jpg,8d5cabf27a9e865c9a6a320cb9757c4fcad69bb63cdc792f574557110c571a93
Birman/oxford__Birman_127.jpg,0b8d17d46b36c681136a40fcd05ff648d31a8b04649a148763cd6fbed6ca1235
Birman/oxford__Birman_128.jpg,411d4febd9117d427fb3eb015f2e07159b1c5f642b9248dd4459de3576da2a23
Birman/oxford__Birman_129.jpg,8d787628289de6c45ae12f6428d364db33985ee922311247b9baa61bde16d4cc
Birman/oxford__Birman_13.jpg,0912884954f4b0e26ca7fbf323bf2fb75fc685ae910da04cb8696a76b993a7b7
Birman/oxford__Birman_130.jpg,e3850f3ca67ac5c29554421024eeee2137ee9ba35a58c1ba03eb1b6e40539813
Birman/oxford__Birman_131.jpg,8458a3b18c761eb161f7c67eb074f46473319a9aa7a8125c390a7a2e40063568
Birman/oxford__Birman_132.jpg,104aac52f8643813150a834e395fe4efe5912de259ae49ebd75716dbb6e4ccf4
Birman/oxford__Birman_133.jpg,fb19b80ed4a6828e2e94c42e5d8697d7f14a69d7f798a7f689499fe031c218ea
Birman/oxford__Birman_134.jpg,4114977c457125da85018a9ec55fdd2542d5e60db859fb4a4aa426ffd51621e2
Birman/oxford__Birman_135.jpg,6af9d09398813ac8e8585a2aaee1290ef1429236cef222a692dd19c661a9c54d
Birman/oxford__Birman_136.jpg,0cfe3ae1c9891203c550f19729501503b4f63777913770b17a8144c77c6ec868
Birman/oxford__Birman_137.jpg,61978e8b19b1872d1a10a9dcc0763a6fdc509d43655cec695716cd9d504f0f84
Birman/oxford__Birman_138.jpg,b45345292506d7400dff8bf29c79011f88a0b940f4585ee133000d4e632839b5
Birman/oxford__Birman_139.jpg,9c6b7cafc6647bfe8cc042332fb740420f9917ec27fe6e94dd6d084ba6d0c459
Birman/oxford__Birman_14.jpg,1cc92f4359a4a9a06ed1de20a02122fca2686b2db62f57d739b3f5fa2d6e7a9c
Birman/oxford__Birman_140.jpg,34420401523bda7dee018413287f9fac919a80aa05c943700db88655b41445f4
Birman/oxford__Birman_141.jpg,75a938f1ac2b7661ccf1d6969a94009c5c2f494cb1a45da992757d257039b449
Birman/oxford__Birman_142.jpg,e7c39812068824a5be2a323f528775fba41dbfc0b00f5a60596cc01854b5c565
Birman/oxford__Birman_143.jpg,c0a73ceb48acd679df50c89c858ead758315174053a4d86f6115dfb7c9336550
Birman/oxford__Birman_144.jpg,890d6617632fd8318f84fc07fd7572b506bc8dc13d7633f07680b66f5989861b
Birman/oxford__Birman_145.jpg,0e7bb9d303d46e3b878c4204dbcf3905aab9882f9d7c7330f1334cc25c877811
Birman/oxford__Birman_146.jpg,1817f3611062e5594064059c5febaed5e407f345dfd2937f1450fba9b25b54c6
Birman/oxford__Birman_147.jpg,9877a98292a80e59837687433e0154faa76c5972fcf07e724576d82570479618
Birman/oxford__Birman_148.jpg,1e2a65bf4c2478c7c69731aaa8a74962ac10bc36cbd46645778fdd2ce5027db1
Birman/oxford__Birman_149.jpg,33eb9a3512a0ccbb3851d41d7f864060ac865ca00138ebc82138971c50425e03
Birman/oxford__Birman_15.jpg,1af898aac89c92f061412448ac125256a7dae09186ccc7d758b731592e36b18e
Birman/oxford__Birman_150.jpg,7990ddaaf757751dd42fc676b4de3f906492e6f5fa402e6baca0e76e2670a71e
Birman/oxford__Birman_151.jpg,157215096794be6bc3fe39350a34dd6effccdde7a4fa138c4c4985884c837da7
Birman/oxford__Birman_152.jpg,9b8d8e0dcd2b1705f7898527076031309207e478ca2c0f867e53fb3154fcbf61
Birman/oxford__Birman_153.jpg,07af2acbe9ef535bd494de777cad9cc0557aef8a01f4c2f731caa5ad62e01855
Birman/oxford__Birman_154.jpg,ad579c37d1bc123c340296cb618335fc0b3b96834320acb860c9d11302a9cc39
Birman/oxford__Birman_155.jpg,5c4a365ee97b43f410db89ca45491a98a5d314e452db395e0c8b20c6988cf8b0
Birman/oxford__Birman_156.jpg,b0a365eb330c0b01faf6ed9257c835b3deb91f7bcd8fbd2dfa75ea3727faaa57
Birman/oxford__Birman_157.jpg,27e734fa3d376df768d7c6e0b5cd2c155718c617fc587c8df82701434fa9bdc6
Birman/oxford__Birman_158.jpg,39655cdcc36f9350e9a7b7de95b7a9546ee65389e978c68ccabd8cc3e588aa2c
Birman/oxford__Birman_159.jpg,c34e28a2158903f02b3c1f1f4b97ef4440504609c7cd4c6d274c9ae2c4f22c5a
Birman/oxford__Birman_16.jpg,7da76a093b39fb43bc9f7f7217989d2a66a76c33898b9bb5d5b72bab0539fcb2
Birman/oxford__Birman_160.jpg,2519decc6d7095b3c20e7b59317f2bbd8779e902b3c5f12521c65df52dd2816d
Birman/oxford__Birman_161.jpg,6dcac24ba442b56cf52dad56cb3b98b7ac79e38521f5b8112a960894a51c92f9
Birman/oxford__Birman_162.jpg,b5e4ced24341ca7165c0715564675d3dbeec0a7168e45c1f4bf57bfa61bc7b06
Birman/oxford__Birman_163.jpg,0c8fd7b885f0ab31b8989098db7ea894a9d2251d3817e9a8654438958c4cd262
Birman/oxford__Birman_164.jpg,b38408873294899d932faf580449eb1cdf5c2054252043fda71a1ef0ea1b602f
Birman/oxford__Birman_165.jpg,2c2a8f4b8e42db67cfdd5f7a92d0e08b6d6affd77e7439b8d43a4c65f2c0e9d2
Birman/oxford__Birman_166.jpg,fb2701a1fe56ae70ad7e47f9c9e7e2160ba4c3bf11d42472e5b1a62c90ac9419
Birman/oxford__Birman_167.jpg,ed772df5188cf6d3fcd1fecd0916aadeb4449394da8201ab5f355422627e8680
Birman/oxford__Birman_168.jpg,953d1ef570de0e3a741db7a901b1b953242367f5c09e91f12c7d1d05ec6c779a
Birman/oxford__Birman_169.jpg,32a94df4d6f49b95d08d7af550ae5f49e66ef97aa3766272efaa2481a1883bed
Birman/oxford__Birman_17.jpg,bc6537c5426585182a437f947ac5e0d57446e6fbfd738015c515cd8a050a476f
Birman/oxford__Birman_170.jpg,1f6142db4bda072fb7db087d7d002f1415c0207fc2fd3a5ddd45fd9217d85239
Birman/oxford__Birman_171.jpg,0bda09a7d7971784f28f2c6b0b6a6fe6f261e3896b729780ba521c4979edcbe7
Birman/oxford__Birman_172.jpg,5384e7af03fa5c97215237a84fe3ffd912492938192c467ebbf1f0a6a52959e3
Birman/oxford__Birman_173.jpg,590114600b5c0ce01434d2861cbc30597560059eee98dc5c1167845f96304019
Birman/oxford__Birman_174.jpg,d0a13116f30b3a7f086a12b51a63fdb9cc55642e1c9e880dcd8d9c48e6eff48d
Birman/oxford__Birman_175.jpg,088b969b003b07e8e1744e48994485f6cb91fc5e8617801b22698fac45947635
Birman/oxford__Birman_176.jpg,5975f5981c120e5661ee05177f581ee3077d0bed4020bb4b47bbd40661fa3d0d
Birman/oxford__Birman_177.jpg,9a0c82843c7a03aaaa085431302fea65c0bcf5f50ab134d51111513c9d137205
Birman/oxford__Birman_178.jpg,29b7f62a2dc23e224cc3768f8d003b24e9e24741e464aea47866fb967776385d
Birman/oxford__Birman_179.jpg,ee6f435228ad2998004bb5b3b349af913f735dee52da6188f11f173a1ad6f217
Birman/oxford__Birman_18.jpg,071134db21eb661d7c7c9ac0fcf80d173e70568cae7caa89a6299198b3adb038
Birman/oxford__Birman_180.jpg,0be6664f301df8a27713558d769bc1c4d580a2e422c9df4ecfdd58f460dda56b
Birman/oxford__Birman_181.jpg,1c8bbc9fde274b969578c2cae2a127ef22d1484e01b699ee488a0f9eeb01ab79
Birman/oxford__Birman_182.jpg,2c1737883ed64c380da079167e57b8dfdd32255f3ec5e284beb622f3a47f4c5f
Birman/oxford__Birman_183.jpg,c624a5c38a01613e35c48ac717e41cb0314d0f04471ed07f1a40206266a87c81
Birman/oxford__Birman_184.jpg,e4d79da543a188c83fa9437620f1ca263154feba280d0261af672a1c0e5c295b
Birman/oxford__Birman_185.jpg,37ebe06622f8cc2fd40fc629c5cf9a6a52d7a15658fd290b69046dfa197dcf82
Birman/oxford__Birman_186.jpg,1fafeae4d472f05ed9d81f6921ce79f0ec0e5c900a33dc9a6a2541283c5f83e3
Birman/oxford__Birman_187.jpg,af491320adc3abb21f7b3215972163b216ab28c2267cd4e12dc1585f20d9c79a
Birman/oxford__Birman_188.jpg,09a760da5868e853f38685f1082bb48e51a06d577d0db2cc981201aeced64db6
Birman/oxford__Birman_189.jpg,57b7573c2e67616a9f7e08fac8a5c97edf1153a3519cc692409483c19aa1f560
Birman/oxford__Birman_19.jpg,94eba94e6bb9207d7c278d0d2b7626ce2d9b7e0923f7cf203a411b7fe323e6ca
Birman/oxford__Birman_190.jpg,ee504651a0cf6515b2ac7a545c459941d47eef4f57fd091d4967b8ed06aa6fb8
Birman/oxford__Birman_191.jpg,21505f63c7d0c857da8d79edbcb5e5eb0e60646c517d88c3a0b0ec6a747e048c
Birman/oxford__Birman_192.jpg,008ab3d9e8f8d0d8296c381e9e9b8b01671ed092271bbe79a6bb89d91012c42c
Birman/oxford__Birman_193.jpg,50285ef02ddfebfd97aef258411263826da4e41a7afc8a5f9c09034b13b110ff
Birman/oxford__Birman_194.jpg,686bd6d2aa4d348fb99149244d430b9879bee93aa8bdbf0b36470a130fb606fb
Birman/oxford__Birman_196.jpg,6f77f9e0c68028500820e33bc30d39f3baae380274baad3728884b9cbcdc8eca
Birman/oxford__Birman_197.jpg,653b5e3eaee95af75df0495bc4e1b4401ce0674072151358169e346fcd2a2d65
Birman/oxford__Birman_198.jpg,9ce40e5e23dc900e0400ec0e5389098df7f0151015746ed97f1ef25537fa65d2
Birman/oxford__Birman_199.jpg,de5edd5e48246835ed5067da5080c3ff4acc92e267bd0b541a6b43aa288cb9ca
Birman/oxford__Birman_2.jpg,f4720bb42fbd12a2868c36801677f5e70f66940a46f9aa39c69fd92e5c01c90d
Birman/oxford__Birman_20.jpg,99fb20316c52c176df8cf3178170930a5bc5503c90b9f8bad1e917f3c6899a28
Birman/oxford__Birman_200.jpg,43b78813b96b17cf9ad7176b55583b4be6f0cc703347c459f0eb56a324f20062
Birman/oxford__Birman_201.jpg,e12a9fd5b5936370f6f7227225780ce3cfa9ebd82b5890622ec5b4de6a6e33eb
Birman/oxford__Birman_21.jpg,67a5bd2d6fd57bf2395a1ae2839cca043286282d7279bf962220f2d8907c6a00
Birman/oxford__Birman_22.jpg,707d9525cf138a80d7bc6230a181883ea834e7688c1996f168f2010773704337
Birman/oxford__Birman_23.jpg,8af2f5c299228b67e64bcf8362eb05f195638ae79439df1917910e6515df9f78
Birman/oxford__Birman_24.jpg,4f83d8ffb3293b1be9c9fd8853dc8563b084662e1fd282aa0738ac031ca93825
Birman/oxford__Birman_25.jpg,3eaede3d0c475de1c33ef9c3e5ec1ca683b15eaf3ba9eabd2e5257746fb5e477
Birman/oxford__Birman_26.jpg,9e3f30c471556a4a3fc0bced0a225fa27a6f916d2584c11938b9b149bf6301c6
Birman/oxford__Birman_27.jpg,07ea9ebbbef8a92624113652f935344efffef7d032339028c0b2ec8edbb16ad6
Birman/oxford__Birman_28.jpg,11d78778b451e24cfc85668cead99396623532a54b51eb13c187e3474b0aaa17
Birman/oxford__Birman_29.jpg,9218a7f9c17b7d641e4f0db8edfb4037e7f1f3856f5cf676d3baa23d1919e382
Birman/oxford__Birman_3.jpg,32443a89ce29d0d31234b8435d904160a90ef94885504831e9b55874700851a3
Birman/oxford__Birman_30.jpg,0298272685ca8cdcd05b4f5a0e204894ec7fc78c9082ea4ad81628aabb0b53a0
Birman/oxford__Birman_31.jpg,863febcee36c4661e21ef95e060bce252faebfdc5e3d05546954d24e839106b4
Birman/oxford__Birman_32.jpg,1a5949bd34d1aca0df61e3a9f752293c6438b13e6a89c9e2bc08bc97e5b83fc7
Birman/oxford__Birman_33.jpg,1349d824205b6b782582682239f3d4637b48724b5e47a80536d26bed5c96b28c
Birman/oxford__Birman_34.jpg,e739a57a27e17d971de098fdfa92068e07a3615efc58c844a3c1b52aac02e9d1
Birman/oxford__Birman_35.jpg,4e53564577fa9b20636b441bd90683b4a632b468c629a60572e89a574e83e194
Birman/oxford__Birman_36.jpg,f31282fc312a91f92b7f8c2016a3fb0b34f8e7f2d6efea8e5aa96eb2e83adbb8
Birman/oxford__Birman_37.jpg,7f23273c95588db6cb2c820d87e8ca919812fb6d902ba9eeb62c6a3d9b0463d4
Birman/oxford__Birman_38.jpg,07426f0eae28df7999ba5d97236e4ceaa1f885c3a258f8413a3ab18666d8daab
Birman/oxford__Birman_39.jpg,b9f9160cc92f1ac7ee4692b157f535c229c04d3c2899f55a397e88dbfdeee8dc
Birman/oxford__Birman_4.jpg,01240d8eed572ff8e7c31f8126fccfdc1c7e9591c24d45929ae7110abd8475ad
Birman/oxford__Birman_40.jpg,c800ed11a4ec8920193f0cb59776f3754fef084c808139b951ae2c0647576168
Birman/oxford__Birman_41.jpg,c1f816839f86b7609d5410c58278a16a182ce440e30bb616315ef9890dcea63e
Birman/oxford__Birman_42.jpg,159a3e9f585b220bd4ec0a00b31f1e82af549b8b7ce38ff9b5db9ae644d6537b
Birman/oxford__Birman_43.jpg,31ef6b5c6c9acef275a68144a99ac9499b141c27e909a85f3ba789498480d64e
Birman/oxford__Birman_44.jpg,f44a11cf58c1303058333e5d855fa43ca9c0f189454b38bf5cb2db317a3efaeb
Birman/oxford__Birman_45.jpg,cfc88a07bb5b55bac4e7761860564288b6c033d573fc254d4651bc5925f451a5
Birman/oxford__Birman_46.jpg,ae6f71e01dc56b7601fb85b517fda8c2c68bee7abd63cbce73def708cf33b30f
Birman/oxford__Birman_47.jpg,a7c7a6d7e185788ef972ba9a2a19e042d1837eadb5e1542b60c031025bf0f343
Birman/oxford__Birman_48.jpg,21e0111013957ca15f303cfa06c224427595b241ab29bd8c62d944b81a534aa2
Birman/oxford__Birman_49.jpg,37a8bb7bbcbd333fbc4e192e17f3144a7e71cdbacc2d2fd764a2a55529a998c1
Birman/oxford__Birman_5.jpg,248f9391d5462f3231d5e349736012c28b73a6bda1a859b984f1e1dda15edbda
Birman/oxford__Birman_50.jpg,3feb0be8f8041ece4dec6c4b55e31803847952fde4fcd046993161b6d3aa933e
Birman/oxford__Birman_51.jpg,d3bba930f90a3a279deb215c2fc9bf39f58b699d9ecd017067682c9593ed6c9d
Birman/oxford__Birman_52.jpg,b30eeaeca935793026abf0361ce810b2e9ad41a1c6e39fd426d4234ca9c67e86
Birman/oxford__Birman_53.jpg,bc097c76e924350ebafce412b6ecf5850a8a1b406a0a065ef49f8b30f9544bee
Birman/oxford__Birman_54.jpg,75c3df8830308e90e9552835630f1e45b8a0e5b2e645291108bf067636e1c771
Birman/oxford__Birman_55.jpg,90093deec1281438074972a6fdd330307543af73151dd0837b1b9583e490ff06
Birman/oxford__Birman_56.jpg,8c4459479d9e271ce9df4ca4b7e3a71f267b2544255f2164e4132c33929e2040
Birman/oxford__Birman_57.jpg,1a4ec7e3f099411da2201230178672dadd8ec6fc2e2bd645198bbbf2c062981e
Birman/oxford__Birman_58.jpg,6801d6b16e1b8da9605fb5e3a113e152095e8cc971596edffc0a18f70f42b0ea
Birman/oxford__Birman_59.jpg,d9fa0be3e58c0079cfab4e2deb7b302d6f75760220b5d91a0f7dfcb081b99f5c
Birman/oxford__Birman_6.jpg,fc4b53b4607a4d6269da2c27e012e9c5012a77872348dabc69ed32bc96001e7c
Birman/oxford__Birman_60.jpg,245bd7b980848c7aac0006c6bcee6b7e6b6e340480159008ab537310a976acab
Birman/oxford__Birman_61.jpg,d442f01007a050e18e25009c7c624dabed4ba49cef96ffc1981bc1841b10b2b1
Birman/oxford__Birman_62.jpg,3e5fb85e54846f03177cb925253a04eb577c59766321573a82773d1044ba7092
Birman/oxford__Birman_63.jpg,926ba544287d7c5a9e1edb4d2a7d3f5445cfa846b5ac679b1228bc339b42e7fd
Birman/oxford__Birman_64.jpg,3952db83cf77812998741fa5375cba3471daabe1deb7710542ebf5a6435947eb
Birman/oxford__Birman_65.jpg,bce13f7d7bfab8a4a63894d9bb199eb80b60859b47090a5484498c5b2ae279b6
Birman/oxford__Birman_66.jpg,35ee48a24dd610f6584a9bda4f9571f32ed5550b59886a82a3785440784a5880
Birman/oxford__Birman_67.jpg,43e3b035cfd7b3e7106c3146bd0f36e58dbe36dba4a38282bfce3d8c6331a433
Birman/oxford__Birman_68.jpg,eecc5b1fa295b92e1e0be3de29d24e597dc2b4cfb9ec2fe271e3262665033348
Birman/oxford__Birman_69.jpg,4dc56a82f9e605e80d61f5850e3f59628c29d07d608f0445aaec16789bcbc4f4
Birman/oxford__Birman_7.jpg,2745c3a5646a7d75f305e90a1a23102c3f3f5967f4d9ca6f840258736e919546
Birman/oxford__Birman_70.jpg,dfe28cb7937148ecc5cdb4e69944ad7c104cb58caa4f68aea8bf34f56b9e9aab
Birman/oxford__Birman_71.jpg,9a13b6ad508e2f0f26c53e4e47d921bd572eec9eb65ccc72048f9a11a1807850
Birman/oxford__Birman_72.jpg,96dc2b661ada4a5e2fc348c371a505861e473c97568c1a2f0dd253f46969bdac
Birman/oxford__Birman_73.jpg,ecb8d19506aaf54e575dfd1d57d9eeefe51b5b588017fd35358609a8c544843e
Birman/oxford__Birman_74.jpg,a1c6bd2b43e29a6f5ede3e3560caf3164b345d6111c9323fa37f1065926d7ed9
Birman/oxford__Birman_75.jpg,5f4de7be76a3b540f29dba01c55805a24e8bee94716c52c5c4711709d6dfe42a
Birman/oxford__Birman_76.jpg,2ae199f18419b03a3852ce7e27f26abbea874ee663ffd9bef0fb24b5abb92081
Birman/oxford__Birman_77.jpg,f774d6cf5356db8f746a6c8edd53ca7d89f4ba4261995a03a2ae45f8ac45de0f
Birman/oxford__Birman_78.jpg,f73163811b1f2eff163a283ccf83f0243e12b04ca198ade6b2a1346d2da98037
Birman/oxford__Birman_79.jpg,b4d5c2485b57e0ce44a38bab1715489f70702dad6c0fec729adab5e30aee03bc
Birman/oxford__Birman_8.jpg,70d59ce3c25d9e39805024bd2ef1492bcaf316d4b0e05f699216f24a09b0a7ce
Birman/oxford__Birman_80.jpg,beb4a4fc6a114d498d0c5551a69fb5c708606253b83dd1f7181ed48480e63508
Birman/oxford__Birman_81.jpg,39e82e0322b63a85fbc87a6ce386744baac5b066891c783690c4bc63189d7fbe
Birman/oxford__Birman_82.jpg,c97129c983978ac1435978ce44258643208ff18737b0ef9396cad5e522f71bf7
Birman/oxford__Birman_83.jpg,d0eb66c0a487674baed82a721a2df6ed0f0b8451b5693f76b59e26e82554052f
Birman/oxford__Birman_84.jpg,35663ffd454a173316deb5f71a39e9f8bdf3ae8f39ddbb99539cd7fd3085178a
Birman/oxford__Birman_85.jpg,a852ce47719a14ff4affe623f36c30e0135bd2b500ef255801ede4cf6a5244d0
Birman/oxford__Birman_86.jpg,a0c47ef79ad944dab68561035c378cdbd18b8ebc0322b01f730682ab75dd5678
Birman/oxford__Birman_87.jpg,a9d8e763ac7d1acf4f48932b9e4aee7da2b724f17a0c5582fa039c0d1be7d8d0
Birman/oxford__Birman_88.jpg,3952f9528c56c11033e3d1ee98d9daf418d0d5a958b5d6cf4cc55579b7bedaae
Birman/oxford__Birman_89.jpg,2005a31c426123be5e9b95cdfae8a7b6df23127925121d6a5185be537b7d1f22
Birman/oxford__Birman_9.jpg,4c8cf5174ccf5fb7f92ef929b20d6917afe62ac555a4333a3df5696271ad24dd
Birman/oxford__Birman_90.jpg,4b08426cd343c2cc90a5182e3613ef3d16f9e0f07f5bb27d4c5fe7f9144023ba
Birman/oxford__Birman_91.jpg,f52255a058cdf395085b1733da593af59464a01fb5f9dd2b2149e66563957734
Birman/oxford__Birman_92.jpg,26bc5afbfc21e956d7247c473605265ff69a11b94b7926b4db39510b0cebcf11
Birman/oxford__Birman_93.jpg,d74c75378911626dec09ea1ff77c38bba715160732a137836b57ec83c3a7454e
Birman/oxford__Birman_94.jpg,5c99f4a78f18ea7a30ae2406ee2169edbac3decbcb13a02e3665bd116e94cd12
Birman/oxford__Birman_95.jpg,42c63a5bd90d9b87a1c43910e26d6203af08772797ff77ebd87f9506a0d90f61
Birman/oxford__Birman_96.jpg,9add7a5fe2758d73af1587f9a712f7d38294a53642dd618ac774bd9a22438bb5
Birman/oxford__Birman_97.jpg,c898b1dd10c11f17a41a787af64861a12de7009593930a1c8fb710295f2230dd
Birman/oxford__Birman_98.jpg,8d1291acf75eb4d60f1962eca8559650af29c619cadb917b4039469db95b5050
Birman/oxford__Birman_99.jpg,8bf7c6a436be1064e9822ee203c96819ba4d645c7766300aeb45dbdfb392ee3e
Bombay/oxford__Bombay_1.jpg,9de53eade28207738448e52e1a2ef335a51b23b3629fdcd26075feaeab125b50
Bombay/oxford__Bombay_10.jpg,5f5db5ebda6ac48e39099757ab29c43b001f338b8f3c65c24ba4f0027a00939a
Bombay/oxford__Bombay_100.jpg,37f2541d158a409457ed7794dfdae7eed0bf22563c95558ef0ef1d8c02b800fc
Bombay/oxford__Bombay_101.jpg,18db78687dcc5eb4edb45f23a9b62b731f5e5861e908e86075b6f2211627c750
Bombay/oxford__Bombay_102.jpg,775ba1bf8a1e9e529b93179b2182fd1095e37c98ece334d099f2c4b6af8f25a3
Bombay/oxford__Bombay_103.jpg,e983f4dea537743d4ce4327aff43fa515252edf277505339dca80477aaf8c483
Bombay/oxford__Bombay_104.jpg,3023e732af9f796dc3c51db3270ab4fa0dea8e7172232d5a2700f0c5d2699fb1
Bombay/oxford__Bombay_105.jpg,54888af8ed47a019406c5d8b87e53309115d9e3e9e9877869a5ab176f1b36d72
Bombay/oxford__Bombay_106.jpg,9d6c73733715513fff3c0febf11ed5486917c06eeff1e6631b70702062c97b45
Bombay/oxford__Bombay_107.jpg,a946e91ba3f23e5b9cd918aeceea2068edb0b285ebfa9528231dfcec2a16108f
Bombay/oxford__Bombay_108.jpg,2ac22585ed6816e8f7aaeb549402bbac2758fa81856a2bf46d6bcc9b589af241
Bombay/oxford__Bombay_109.jpg,695734f206c62b58fa63b823c0656527d1ade30919d7638aa4871c23fd3f9a72
Bombay/oxford__Bombay_11.jpg,37f2541d158a409457ed7794dfdae7eed0bf22563c95558ef0ef1d8c02b800fc
Bombay/oxford__Bombay_110.jpg,9b30f65f8b0dce87190461349d2673d1333cc07a9fafe5eeba4a0933b8151a15
Bombay/oxford__Bombay_111.jpg,9064b6c12d6c6e896d550fb341bdc704aff4236736cc106753e7480ac5441ae1
Bombay/oxford__Bombay_112.jpg,628e07524fea89c7f5ba80a2bac3e7ea7c115b7530572665a899daf88e5ab362
Bombay/oxford__Bombay_113.jpg,0b339444e5b3d4086bd02b7dd0b4199cb69ed688f733d1797cbd48c2ecd6fa23
Bombay/oxford__Bombay_114.jpg,5b27b5df42965579a4aa83e7baa3e9795230a075154fcedc06f6e64e4e6948dd
Bombay/oxford__Bombay_115.jpg,1aeca46245fc99fb684f62309bdebd32d87f4dfcf59af729c124981548cf72d9
Bombay/oxford__Bombay_116.jpg,f7ddcac765a222ab19bffbdbcb27849d18655bb385cfd6e69ef740efeb03a2cc
Bombay/oxford__Bombay_117.jpg,d654b309a333f5a2aea8f2152fc06548063f2154fe72d65051d63b81399ece4d
Bombay/oxford__Bombay_118.jpg,c317385daca2d11a1b2f7a3718ff63018f535a51e589193b79c73ef8ef3e74ba
Bombay/oxford__Bombay_119.jpg,2b77d4c710bec7f23553637964fb0813e2cad5160ab031744bfd0bb652c77b7e
Bombay/oxford__Bombay_12.jpg,510c9a264535be9968bfa79ef21c4732281d23a488cecba12df4fdd4417d020b
Bombay/oxford__Bombay_120.jpg,7f3e3a3381c654dcc00b6dad1d05661db1dc737f50cfb182ee886fbcd1f19165
Bombay/oxford__Bombay_121.jpg,810d249f0fd401956b0b1f77fa34c58986bb498b0e35dacb44b77f775f33ea11
Bombay/oxford__Bombay_122.jpg,8db348bb2e29aafbe082949500f490d5675aa21d41f0b6c00861152846d644d5
Bombay/oxford__Bombay_123.jpg,2c8e528720d29bd92eb2b195ebda65f76a9c44efec8d58b4c3a31553b38002a3
Bombay/oxford__Bombay_125.jpg,9e417c4e3b0bb895352797f7cf1a0a00fc80ebdb5cf84403838248878c942711
Bombay/oxford__Bombay_126.jpg,202ff6c31fee7bded854567a16216ce3a12a2f630960c04431f29942d96f3268
Bombay/oxford__Bombay_127.jpg,09e083df5a4176a04d6153aa6ad0b9f746e430472eb4d33d6adc219f2634a6b7
Bombay/oxford__Bombay_128.jpg,690f9f8eeca67fadc25a9a1b844951a8468bd5ab97d9624c724a74a036eb147b
Bombay/oxford__Bombay_129.jpg,7dd0944ff16ba1bfd19b899ee1b969d92ccd7edbe41a4f642f999f7691b5a782
Bombay/oxford__Bombay_13.jpg,7d7517f938fd7310e5848403e82f06f0d0abf57f3f708fb8503df0d70390ccd9
Bombay/oxford__Bombay_130.jpg,285745914f83709234d4fe982973af1f1b608b92a4c3a2758a5ea49649a1c98e
Bombay/oxford__Bombay_131.jpg,a202d2982419e7d7f9e8b2646c973a0489dbc795e7cc4b2ae8717d22198eb3d5
Bombay/oxford__Bombay_132.jpg,a647a9925e245b896cb29715da14a0202e5d8f4a75d519e20e68e60a4f6ea0d4
Bombay/oxford__Bombay_133.jpg,79b3830813f553594c1e3c08a5f92809172555c6861e1d5b473359c811f30af5
Bombay/oxford__Bombay_134.jpg,e5718efd14cfe0360488fd53d4792b900c9d9de0b6847fe2445845c335c1d330
Bombay/oxford__Bombay_135.jpg,e01fde8b03ef4a6288ee5755d0454d9a59a54e3283b90c51f870e10260e2a5c0
Bombay/oxford__Bombay_136.jpg,9e6a854c78b618bbc1d0d8a354b9206abf50422e7b180c73d86ec4b26dd3ba99
Bombay/oxford__Bombay_137.jpg,809c8cbfecc609fbaf31d728f21bc82d4a9b13cb36f4b6f948207fad5c888043
Bombay/oxford__Bombay_138.jpg,f505e46966091b8c4bfa7589855e26c68cd1cf8f6f954c78825a040662b68a98
Bombay/oxford__Bombay_139.jpg,7810866d127c32f87eb98d1021ec8c5f8d489363850733d5b17256d10afb0ba5
Bombay/oxford__Bombay_14.jpg,c221d05deeb7eee12ad169c3192ff0b290df70783953a892e7f8ffd2f1205cc8
Bombay/oxford__Bombay_140.jpg,28194d99825f51e353722e84fa1f73b6016393e9d5c39439771309c5d87c8a69
Bombay/oxford__Bombay_141.jpg,b7f7c448d5bd5b6b7a8b0daf5cb6a51943357728f60bb1cad5e64ff1f01eb2e7
Bombay/oxford__Bombay_143.jpg,ac115e07c4ea5da029a4810f7652b8880389ee265680bc15bcf94dc1c1a138a2
Bombay/oxford__Bombay_144.jpg,5c117e28f828612b654ed99fb1e69caa2a515ada492f0944b1f1c6b855478039
Bombay/oxford__Bombay_145.jpg,0da671be3fbfa472089612d162fe5022cf73eb115e21273be63e0e2f6d4d4ff4
Bombay/oxford__Bombay_146.jpg,f9f6bd0d741283cf8ebdefe69bfaf4c66753f1a9c1668c17beab033f0f455118
Bombay/oxford__Bombay_148.jpg,034678dcfad5c199cb21ae561ac7fe2594e7f31b044e643f7d0ad487cd6a68c9
Bombay/oxford__Bombay_15.jpg,ff181dcc6577af54a8437902cffa686b6687035cb9d382285eda027c0f26bc13
Bombay/oxford__Bombay_150.jpg,73de3bde43d6474a486a802e0a6836b09b23180f053942f213f5550e306dc225
Bombay/oxford__Bombay_151.jpg,2834c4429747e9cc057a92a4b1add8aca43f4abf33d7a63aff9ce9c471a89fd7
Bombay/oxford__Bombay_152.jpg,83aceba543ab325514a6cb8eb9b5ce1dc59658cef574caecfe8edf92b5ce30d6
Bombay/oxford__Bombay_153.jpg,3eceaa29d483bc4afdf2474d9a78c3c506d8e104a63ef2e571eb77d0e112ae64
Bombay/oxford__Bombay_154.jpg,264e5c77fd8ebdab25916dfa60f5d1d48bdb39893dd033d1b0b94a27a0ba558b
Bombay/oxford__Bombay_155.jpg,8bdd30cdbc168c8bf25ae58de2901be85c235f6d2824e35f129e634f6da4dcfb
Bombay/oxford__Bombay_156.jpg,79d9e0908debe9b8ad7309e3e1c5f0f0dcdd42e157407bdbe66ad75bb1a2c159
Bombay/oxford__Bombay_157.jpg,82932cd6d2758a07d1a689469d087c784756d6cd5f7ce2e69308144833e4cdf3
Bombay/oxford__Bombay_158.jpg,9339dc0ed13009e017bf03c6d6f20173886f4621bf53b963e383dcf3ba69081b
Bombay/oxford__Bombay_159.jpg,46e673c76dad8fde62bb585814124815f8b82eafc6d15b575516882d7182fb78
Bombay/oxford__Bombay_16.jpg,89fb7f486be243dc95ea8549da143ef88b7f893c7f94719811744bf680bb6d38
Bombay/oxford__Bombay_160.jpg,759084191d4baf95a7aa1229018b53bd94513150c768a5e84e5d07c3f0138754
Bombay/oxford__Bombay_161.jpg,f42d5734af86a9650dd13e0c323b1172878d8c35c341d68ec2c0be9ad1c37d2b
Bombay/oxford__Bombay_162.jpg,b2b21efbec6a0026a7ceb3b9b92d58d9d1c450162938f4c48debce280ae6a6dc
Bombay/oxford__Bombay_163.jpg,cd9ff28de790e49c6f885ffb51976904315ae08b311a054c141b10e9afc07dba
Bombay/oxford__Bombay_164.jpg,526eca325273902592a97e06f6ff7056b0911234d710616def631cfc70767496
Bombay/oxford__Bombay_166.jpg,1e7295fb5556a381d0d0e37b4fb32cc8a2cf0ca66020e6c5e3aa8c3e97aaf356
Bombay/oxford__Bombay_167.jpg,5bf8cab327969ef8990aa9bbc8780af58a09afa70f07061f6245eac75951d590
Bombay/oxford__Bombay_168.jpg,ca91126a7ae02852ead29185072e63619211ddff6e79c450796060ba27900da9
Bombay/oxford__Bombay_169.jpg,3f0a2c73b8be92de67dfd3b9531e648c6db0ffe5152f3cff89ea89e472043921
Bombay/oxford__Bombay_170.jpg,d289d7ef578dad3626fbb7a4098c5937942d9d17e7d0a675d2e4bded6b71b9ca
Bombay/oxford__Bombay_171.jpg,9258f3b0de22f54cbf7aff4ed2fcddd912d872890c53cf619fca858456c578fc
Bombay/oxford__Bombay_172.jpg,7b4c033078f1064a566aa67b50da2a889d6c168f252fe093a026b5e7ea522d06
Bombay/oxford__Bombay_173.jpg,5220a315411a825496776c2639c478da4ade1368ea52cbb2929ee4b42f048849
Bombay/oxford__Bombay_174.jpg,7d894de8c745245a0fbe80da5a48d2d9169f5b7a9e856ccdd4e1f3d96f5bc134
Bombay/oxford__Bombay_175.jpg,ae9255e3cdfe91a11da95a05add880b46cd97c76c853d319823311f2eecbbafb
Bombay/oxford__Bombay_176.jpg,56efc26c836202e8c434ba16e29add7321b670c8ff4340474a89d8027dc74497
Bombay/oxford__Bombay_177.jpg,b76c03f94aa7cbf2e199dc0d17a199ec315badce6703eaa2dbe9698151a9f3e7
Bombay/oxford__Bombay_178.jpg,73f713d2e88a46ffd0ddbfe2b61598f2d691652089771758d11b648516996190
Bombay/oxford__Bombay_179.jpg,2f56d0e157aa4f902afe6c30fdc68abec8c6e6e79c046dd13a843fc83a97be17
Bombay/oxford__Bombay_18.jpg,c750eb60035490286ec5e11085d48cd94be3170b7cee33df4d5188be73da329c
Bombay/oxford__Bombay_180.jpg,0c960f583dbffbbf83ab40c34d36e7fdd56539b73de7c88aa1a493794394658f
Bombay/oxford__Bombay_181.jpg,a66879d5688925109972856b0debaae686fed6cd075063103bdfe82b212fa2b2
Bombay/oxford__Bombay_182.jpg,75b69391c5041c6bc2f95203661d0602267b35b4e2419df66cc15b7ae7968496
Bombay/oxford__Bombay_183.jpg,e078a9862e0cf5e11f15254dd326b2753c68519c8a37a0cdc9061ad6b729e229
Bombay/oxford__Bombay_184.jpg,eb199fd76af0d2675b38fb9d59d1076a9cd9f8be8b92b31413f299986d50218c
Bombay/oxford__Bombay_185.jpg,3db964475a9855c40f9296745e4b9495d7669fe66f412c228391569ea893e6a6
Bombay/oxford__Bombay_186.jpg,0a8747349230a9dae554ddb3e5ab5895e69df607f393c828838dba7d7f62d96c
Bombay/oxford__Bombay_188.jpg,732aa923cd2c9b81778c22967facf5043cb08735eed6fef6936d66b1273ab8f1
Bombay/oxford__Bombay_189.jpg,526eca325273902592a97e06f6ff7056b0911234d710616def631cfc70767496
Bombay/oxford__Bombay_19.jpg,d4776e5debece309101ea79ab4a592d43612f6f38da76f20fe315a7111d4e3c1
Bombay/oxford__Bombay_190.jpg,3db964475a9855c40f9296745e4b9495d7669fe66f412c228391569ea893e6a6
Bombay/oxford__Bombay_191.jpg,470e56f056226049047cb716e3a007e1f8f39d919552157cfd657c41b07242ca
Bombay/oxford__Bombay_192.jpg,37f2541d158a409457ed7794dfdae7eed0bf22563c95558ef0ef1d8c02b800fc
Bombay/oxford__Bombay_193.jpg,de20c5234b25c3c71f0c8919994c575d7c2400ba7fe1a19aabed7d2b45352b5f
Bombay/oxford__Bombay_194.jpg,2c69d7a08979e5e5fec5158fd0c6fe76187bf88d8bfd35ce16bee5f68d562431
Bombay/oxford__Bombay_198.jpg,aa34a11de867f2efb73a8926308a3e38ebfdba6cdb7a9f90ea37bd713c57bf2d
Bombay/oxford__Bombay_2.jpg,7138e1d4ba78fecf823ffd1dfdc03d59cbae3d3e76497fe7ce4264181f443b5b
Bombay/oxford__Bombay_20.jpg,4f38af0f49a8f90f62b331968a442c2a5c16ff4634c5a805762a125e5ca49e09
Bombay/oxford__Bombay_200.jpg,6a740eee49cda586dec02c6f737e635633587a48e398caf38405757402e96dac
Bombay/oxford__Bombay_201.jpg,4d140eb6b94cf6552b8957669d638303643c83f2fd1cfe8a2c9188159fc4ffa2
Bombay/oxford__Bombay_202.jpg,eaaa830f992e017bb57aaa9643033c728897f2adc4ab2e1698c7096960b69b1d
Bombay/oxford__Bombay_203.jpg,775ba1bf8a1e9e529b93179b2182fd1095e37c98ece334d099f2c4b6af8f25a3
Bombay/oxford__Bombay_204.jpg,59fb215d81ff3eb293a1015c731afa7933d154b86de69193443e6385ba645480
Bombay/oxford__Bombay_205.jpg,6f3d740feeba8f10d81985f74cc8b44c2ba737e2abd105bb64fae90ab5f659fb
Bombay/oxford__Bombay_206.jpg,695734f206c62b58fa63b823c0656527d1ade30919d7638aa4871c23fd3f9a72
Bombay/oxford__Bombay_208.jpg,363ce616ffc205cf834e67c06beb87a2b90a42f6546d9be1bc6faddfcca26cd8
Bombay/oxford__Bombay_209.jpg,c317385daca2d11a1b2f7a3718ff63018f535a51e589193b79c73ef8ef3e74ba
Bombay/oxford__Bombay_21.jpg,a0643b26ae0f7598011ac68299225093cddaecbcdee324f5eed0ba4c787c9172
Bombay/oxford__Bombay_210.jpg,810d249f0fd401956b0b1f77fa34c58986bb498b0e35dacb44b77f775f33ea11
Bombay/oxford__Bombay_213.jpg,387b035a64bd18805dcb8b3bb90b47a55193b642aa571d36f98dede85b09b618
Bombay/oxford__Bombay_214.jpg,b4cfea5166c53850b8e8f672d8329b5b6fa0a6298e6a73442ccfeaaec6c93f8f
Bombay/oxford__Bombay_215.jpg,267a69fe14cee38baa33607a092979b961daf5e84cde9694b550a2d9462e82f3
Bombay/oxford__Bombay_217.jpg,a202d2982419e7d7f9e8b2646c973a0489dbc795e7cc4b2ae8717d22198eb3d5
Bombay/oxford__Bombay_22.jpg,de20c5234b25c3c71f0c8919994c575d7c2400ba7fe1a19aabed7d2b45352b5f
Bombay/oxford__Bombay_220.jpg,202ff6c31fee7bded854567a16216ce3a12a2f630960c04431f29942d96f3268
Bombay/oxford__Bombay_221.jpg,327eb58a2fa4868ca48900ab33c6b85131f1ef6c246f19cef4cb93a1f451ad81
Bombay/oxford__Bombay_23.jpg,f6d1fa16c4758e0b354bda414d6a94fa00af1acf2fa000b5efbccfffcb544a8b
Bombay/oxford__Bombay_24.jpg,44cb4f4ab781a44720c233ef16742cb24884c6f018471b7d0f84a13b14a870e1
Bombay/oxford__Bombay_25.jpg,ac67c6682f85b11d8dadaff8d27174f2e6aa3cb0949df83cf9e67fd9265837ce
Bombay/oxford__Bombay_26.jpg,330a7fc623f24f0dc9d09cfeecea60c616a01c01825bcf82248b068d5a392776
Bombay/oxford__Bombay_27.jpg,670ee997de415b712a75924e074a92b7e28e3675dbc85aa8851547b7841be369
Bombay/oxford__Bombay_29.jpg,879a82642df5bb0460457a41c3d8d26a99204f81dd1ed0d5579fbc8911a43783
Bombay/oxford__Bombay_3.jpg,6192ac076eb3fe2c1f70161e87abe950e57b678dee13b8c639e35b1ba05ca0a0
Bombay/oxford__Bombay_30.jpg,c1b1a1be64f2576fd7e88a8fd6d8aa3730f3d92bdf0aed4d39dcf0853005f7c5
Bombay/oxford__Bombay_31.jpg,28fa16a5d8de0e22ad77e7d93ee927c0d26af85f2978743d7d7ba87081970c5e
Bombay/oxford__Bombay_32.jpg,2c69d7a08979e5e5fec5158fd0c6fe76187bf88d8bfd35ce16bee5f68d562431
Bombay/oxford__Bombay_33.jpg,2b8efe3e881c72ca3c1ad06ab1b6f3ae60fca3d9e6f5c810d2479e36369416ab
Bombay/oxford__Bombay_34.jpg,80052de2c4aa775769f3e150e617c48fbe60b82186ab7598b9752ef30e9c3daa
Bombay/oxford__Bombay_36.jpg,dad32353bb2917ed25e5648c56f14c7ced1079f1730325ebaa3c16c79ee0c384
Bombay/oxford__Bombay_37.jpg,5e39c9ca4b6cb1e4b2bd4e08655d3b03d393af7d560206ccd64c3c9ddb36fc51
Bombay/oxford__Bombay_38.jpg,32a7fcbff96ebf48169eb240ac329073ddeed62a84de8acff49543fd7e4046ba
Bombay/oxford__Bombay_39.jpg,b5ce9318b572679ba6ac9a8062920819bee386f2f681d3f6e922603a7750f683
Bombay/oxford__Bombay_4.jpg,1fe48a5ec79c11582e55fbff76274ee4368309b6a566e20c4aaadf2a284c45bd
Bombay/oxford__Bombay_40.jpg,24a346282ed100c979bd8dbe316efc6978c008ad4c3c3ba8dd32e98c95812aa1
Bombay/oxford__Bombay_41.jpg,810f9fdbed94223b4f8c8afc74ab60e31c8006b0e5306b0404d317d4025c74e2
Bombay/oxford__Bombay_42.jpg,7062336b1a0d58d58c37e293cc7307dc14a44ea71de2e8894b30d9c832b9a778
Bombay/oxford__Bombay_43.jpg,f5f6ebc5affc448e74eba2b5097f5e70bbc473e048daabde72feb146b19e1c57
Bombay/oxford__Bombay_45.jpg,bf3b9f443d50b8c7ad623333cbd28641fb34c957b53c466d9de2e9cb31e48075
Bombay/oxford__Bombay_46.jpg,447d25575253ef46e2af9ba4550b8319a15a9586af3f959b06535ee909d53afd
Bombay/oxford__Bombay_47.jpg,5273a7a3cf834c943155acfec1a740b298dbbfa12ffb2822a623f0f99901f43c
Bombay/oxford__Bombay_48.jpg,66d427dc849e8fd410bae7e1d976eca0922f650fa6473773238cf862b8673422
Bombay/oxford__Bombay_49.jpg,bab2a92ecb01911f1ed94e650451f9674f50eb3597f2f86ed3876d6504140e30
Bombay/oxford__Bombay_5.jpg,96b619bdc6376251d8f07cde625a861c7a8b16d6c9444cb9c564915da70d4c3f
Bombay/oxford__Bombay_50.jpg,b67ffa06cb9d47df9b9929cdbf32b8211e992a5f1bc365723a4eb8ddd48dee65
Bombay/oxford__Bombay_52.jpg,600f980bc61f147d696943ba7da033f7d53838655dc01e6d005999c6e64570ce
Bombay/oxford__Bombay_53.jpg,76e3e62e7def459bfcbda60323a153c055e7410252ee2766ddc4924a22d49355
Bombay/oxford__Bombay_54.jpg,f466a41d7d452fa44f73b2ef2e5da9182ef12e2bb958849e0f6c15f3d6adf205
Bombay/oxford__Bombay_55.jpg,ed28486fd94c3b7019d920b346785d4ed7afdefddea419536cb4f65bec1f344a
Bombay/oxford__Bombay_56.jpg,caa995f49e11eb46808073945fcef1daf9537626842b032185186c4b1ff4076b
Bombay/oxford__Bombay_57.jpg,a1ce4d037705a7c060f682b753b71f730778b742ccd1f986ee8a880fa8d4a063
Bombay/oxford__Bombay_58.jpg,c58024bd874fac140bd730b827ab4a2d824b4da0b46cb07cd3fa7d8bb5b52f89
Bombay/oxford__Bombay_59.jpg,0df695e003cb968d992e5d0c1bb23c3c7083554e89e427f3d24bf361009019b6
Bombay/oxford__Bombay_6.jpg,0825a79e62a19021f9f4a1fc896f5de5ecb55b5c17cdcd57cfa61b96bd579056
Bombay/oxford__Bombay_60.jpg,61d352d86f1ecc9a53e64e7d38a68e6f25d930ede44046e102544c697d0bc222
Bombay/oxford__Bombay_61.jpg,ce918f5d36319a828544078d50644b1edd9e2cfa159c6700c186a6726f9bf752
Bombay/oxford__Bombay_62.jpg,75f527efa771a162967c6d279f4c8790e14622081c649c2263f1f2b7fc88cde7
Bombay/oxford__Bombay_63.jpg,4c6ec9df3dd8766cf12f8f66691c4847e7cc7bba19905f9ff44ac47058fbd111
Bombay/oxford__Bombay_64.jpg,06cf11dd99857f33aee83e99db384b8c269d5054e2fc0a963babe4166753551e
Bombay/oxford__Bombay_65.jpg,293dde3ce6c0b71ab9188014ba6b28c1cd4efdd1d986afd28160060135a6b25e
Bombay/oxford__Bombay_66.jpg,5db7a1791ab1876495d5ec401e104bca7f604298d9a8cb02f5622c9678004817
Bombay/oxford__Bombay_67.jpg,a34f2b1e29e7de9b3ec00b2a5a84021e61a9439cc07579fe6434fb3534621481
Bombay/oxford__Bombay_68.jpg,c9ab6de9fc5b004ccdd03a5e88023fac41d677beb6a1b209ea70da6d2697bedb
Bombay/oxford__Bombay_69.jpg,aa34a11de867f2efb73a8926308a3e38ebfdba6cdb7a9f90ea37bd713c57bf2d
Bombay/oxford__Bombay_7.jpg,b6937667e666e40a2d1094c94959ae4588547b590bbfb0543f5f80ae0a123282
Bombay/oxford__Bombay_70.jpg,9ffda3fe16c322b9218e84319b45eeca58d58ee9a84f2a89bc06e36134c8cef2
Bombay/oxford__Bombay_71.jpg,2209ee7f9319fae7319fa3afada2a67c4ab6ad8e8409ac01881e0d97e246bddb
Bombay/oxford__Bombay_72.jpg,7205d79ab6f2aa98758bfce8bd788b79fe1a158d4ba77721f30d4a706ef70d17
Bombay/oxford__Bombay_73.jpg,ff34f9cbf3f97503e938214279f5fe00603e6091f772a8d327f922f72b611247
Bombay/oxford__Bombay_74.jpg,c7e2b3f4665d682b8e5d4afb3ab9cc044a43f6648e4d81480529ba14c915d82a
Bombay/oxford__Bombay_75.jpg,5db18dd2c48688e08e99d06dfa10b9de8ca4c657e858277407009eec6d679854
Bombay/oxford__Bombay_76.jpg,55db79ba86a167640cdc0efc6dec9f9ed330d9c3d7d68b6ea747f518a73fc441
Bombay/oxford__Bombay_77.jpg,8ad6f84f3438d59824519e45caf03cca0edda488f978eebc258202000d22a1a9
Bombay/oxford__Bombay_78.jpg,00ac7c1b2c0cc5f460cfaff365d66d6dc8854a3c3340d8dd38fceb067dbfea5b
Bombay/oxford__Bombay_79.jpg,af2397c86e30811ae4c643b0ba170447fff5e8c35e6f0f9cb2821c6ddb6d3f4d
Bombay/oxford__Bombay_8.jpg,8eafb4ae2ebd5d00b31aff6a66c142d321abf9201e7f939f31b11cfa4debc4a2
Bombay/oxford__Bombay_80.jpg,6ad1cc989f97855af51592eb6e2fdd5c09144bd3d5585fb4836fb546d8d545e9
Bombay/oxford__Bombay_81.jpg,bc2b5124e892366ad0f4ae52eacda2048f771368bcfe88f19aa9023da717e9ad
Bombay/oxford__Bombay_82.jpg,a299f9dd1fa3a97bff966555230edaeddd78f810e44e6e4d8b3740813f4de66b
Bombay/oxford__Bombay_83.jpg,22c0c5cc8df8b865e4b0b11b3ebfd15b3b75504b8f4a5b90fc4af04518536eee
Bombay/oxford__Bombay_84.jpg,eae30daf9a257b340bc0e2c806a81d571cc63b384198e53a18a5981211b2f94c
Bombay/oxford__Bombay_85.jpg,6a740eee49cda586dec02c6f737e635633587a48e398caf38405757402e96dac
Bombay/oxford__Bombay_86.jpg,e8744dc7232c42d7fb35d14500eb38dcb7f930acde6b7feee591e69b75275474
Bombay/oxford__Bombay_87.jpg,f26abb2ee8bb66c07848e9616d9f26166e0991b3a4dba481bbac3defe54be720
Bombay/oxford__Bombay_88.jpg,dc877000988d8cab7ee86cf8ace391a60eb91fd892367de0b676681d5194eff8
Bombay/oxford__Bombay_89.jpg,3f7a93df75ea685132d1ce4b170110b83e6a7804c7d2605a2609e1a9016ddbf9
Bombay/oxford__Bombay_9.jpg,90dead003975c53f14c3b6b96d4c63d0d3cdbdef79c122762dc1dd2f9d3359e0
Bombay/oxford__Bombay_90.jpg,5131099b4129f9a78b3d0b5bcc1ed45b120c3c86f0b22b122af3efa6b291327a
Bombay/oxford__Bombay_91.jpg,1f641901ce652ba640f6ca648cc2f801f7820e921bb4abe5bc3d4a5e5f554169
Bombay/oxford__Bombay_92.jpg,4d140eb6b94cf6552b8957669d638303643c83f2fd1cfe8a2c9188159fc4ffa2
Bombay/oxford__Bombay_93.jpg,bf32b9c9e6851350ce053637f344b88573d2a817ed20fa9eb182372c6df3676d
Bombay/oxford__Bombay_94.jpg,40c1209757df25d4149f4248085c8a90fe9a415cf2eac6fd33d34b7030295b01
Bombay/oxford__Bombay_95.jpg,4bee60c0054ed7a7d6aa761bb919403fd4efe8845fe0d45deeec91773a83a901
Bombay/oxford__Bombay_96.jpg,3a0b4d6fdac3259b9e5e35376afb1071dc6ca83c3fdbda26c856de58a20cdb9a
Bombay/oxford__Bombay_97.jpg,12361b1c8236bed6bba11a285cc0c7d6c60104b52ee5470a1e57c02e75a003f1
Bombay/oxford__Bombay_98.jpg,ca32395555e3de8b7b71a074a207e26b6a626cb259da89fcbb8466015ac49e40
Bombay/oxford__Bombay_99.jpg,eaaa830f992e017bb57aaa9643033c728897f2adc4ab2e1698c7096960b69b1d
Boxer/oxford__boxer_1.jpg,c69ad527eca1a134e3abb4b360b4de990c09925b32874fde1310e84f68f1595e
Boxer/oxford__boxer_10.jpg,dd6429343ec550d392ab7b68964ea89c9b0aa1e526313a9626dc92a93cedca0c
Boxer/oxford__boxer_100.jpg,fb5e92447ca29e7e94ae08644ff9960e13546bc092c2f6d2bd8a7555b67431ed
Boxer/oxford__boxer_101.jpg,ba22a037dfe1f0de98289d02f976e369de98f940ff4f4f1665524a72d56e233a
Boxer/oxford__boxer_102.jpg,823e071f101791dc9f93bf5c4c6dd4a86569bbcc0671416c9e3c2db5ec9f608b
Boxer/oxford__boxer_103.jpg,d8a8b21ba6a47f58770d6bec3ec70833d48524d3bdeda178bf68f7e9869baa21
Boxer/oxford__boxer_104.jpg,8de5ffee407dd6f32387cdf60f08ec9970505d4b4ad114d1a6eae2d033005a3c
Boxer/oxford__boxer_105.jpg,78a5b8bc52da499486f1242bc86ce8efaa6a465a9881f3d383ba867a8f876e72
Boxer/oxford__boxer_106.jpg,a98df88ac9aeca8195710311654000dc9211a1423bd9aba1990762a27fe762bb
Boxer/oxford__boxer_107.jpg,38672165c76cdc85a2f1023a5cbc298e4c17f41f0f5884187c28950ea4acfbf8
Boxer/oxford__boxer_108.jpg,426e6a240ff7b70cd0df3689af6d082d73c2dd7cbad849709d36f36882a4bcec
Boxer/oxford__boxer_109.jpg,e32891146afccf12dc1eacfda4d73460204fa470ff842f378d1953608cef6b6a
Boxer/oxford__boxer_11.jpg,09d1f29efe91b2173f364b08136e5c71d608e05d810f66e09c0a20de42ca3bac
Boxer/oxford__boxer_110.jpg,c322ca91a9e0e07b64c86ad9f822d1103341269ff372ecc438f8b814ac094793
Boxer/oxford__boxer_111.jpg,f6606d4eba4770164c146b3595d57a9ecce0457233c47244f9e2978c9553dfc0
Boxer/oxford__boxer_112.jpg,3864b072c8feff1cd6ebcd44d87dd489b61636e9ef102588bea4eedcac3602f6
Boxer/oxford__boxer_113.jpg,bf0fea4c34d75eaf27ee6664ce6880e42926ec1280e9e1095519830826354958
Boxer/oxford__boxer_114.jpg,699936fea3ad7ab41a3793e6a66f4620725990cdcfd356a790a84368462380f4
Boxer/oxford__boxer_115.jpg,c472a9736dbe4d5ff9a50b02836a9baa17a2405c88f6e53c6bcecc9d398d085b
Boxer/oxford__boxer_116.jpg,72b418494a073d9e9043f93e63cb3dfc5bdfcc8024f62bb2722c6aae12ea9ba1
Boxer/oxford__boxer_117.jpg,112b6977a7ed074f5fc551476affe8a277f3c23180ec26404b7cc197cd78d192
Boxer/oxford__boxer_118.jpg,2702c8cc8d392f9c8e852a90b608bdc4d13a0b923413d7e182fbc82a19fefccc
Boxer/oxford__boxer_119.jpg,5e9a91bbedf191717a58ea2a817ab3a6c9ff245b7d6fa5dd96144eced0ca5052
Boxer/oxford__boxer_12.jpg,acd0ad7d0d54b7da00a8989e3a4fe2ddf72ecb7a8a7f7cf45a117dbf988d5881
Boxer/oxford__boxer_120.jpg,c9b1af02508a5cc6982c4c4a58d1006492031e96a191181abbe56c20a766d917
Boxer/oxford__boxer_121.jpg,40a0d2fd3632cf9f9e5363a93c7fbd98c1f34245ed4f186c5408393bdc4ad5a3
Boxer/oxford__boxer_122.jpg,388d2f5505310483cab17d2ad63c36f05c48e63b9582993fdcbc700c8e340b3d
Boxer/oxford__boxer_123.jpg,06b1069482384c817c1cdf0fb0d310f603d646e677fd609672b5a7e0d072bdeb
Boxer/oxford__boxer_124.jpg,fa815a4a61d682f8cbae2e47e3a3ac51546bd3522ef960408fc5b9a169c804d8
Boxer/oxford__boxer_125.jpg,0b838c43d0410bf17819cb6fe7dea2b5041c096e544991cd91218806aa89fa3f
Boxer/oxford__boxer_126.jpg,0ded586f8af26b4ccece7c3a3b60656b58b18a6dffa5f84cd18220b0657fa5ec
Boxer/oxford__boxer_127.jpg,462db8047dbe6d78a98c8b0e1c1da63153f8c03732022a188f56245a0f12a274
Boxer/oxford__boxer_128.jpg,980e72abc8d2b3db55c7c264459b4a5a2a7f830d9c750d82d6d96f1096f6bfa1
Boxer/oxford__boxer_129.jpg,a1aad4f6534777b11bbb0a953b3e2aa68338fab9032a7bc74c5a4683b4fafad9
Boxer/oxford__boxer_13.jpg,65ce8f5f08a91305af69353084d0c0b0ac86191455566db691fae9052e9a7dbd
Boxer/oxford__boxer_130.jpg,3612ec099eb3a4cf8c5249f29240a0458d1facce3c1b6bf7fbaab39595aee75a
Boxer/oxford__boxer_131.jpg,899cc249cd762aa24bb869eda5c6e8f2516f9b0c0758671d5172b144d0db454b
Boxer/oxford__boxer_132.jpg,c02fd5a64e7fd49c9d7d08fbd2f8597e95babedbc29891e5a778d1b3c65a05de
Boxer/oxford__boxer_133.jpg,23aa7a26081a18183772e6e06473b912af767711f275fbd296a322bb2341de6f
Boxer/oxford__boxer_134.jpg,de2ee10ca66fe761c159c0d99c7263c2c719c475b8a7d03c581170a0320906d8
Boxer/oxford__boxer_135.jpg,67249ccdfccd6ee00e65be4b268590737a7bc3bb4e9804451100703a6806b456
Boxer/oxford__boxer_136.jpg,55d6f7e8c82d5efd1fe5621bca6fbdb2a60264207bd9d8fd37a3c2e27b8ab8e7
Boxer/oxford__boxer_137.jpg,82129e3f336ccaf20438d2903e1f0c304be57bb57362ad98156a68d4d2259a12
Boxer/oxford__boxer_138.jpg,c2ea7f1e3aa3463aa81d500dc325b44742f4c1b4a5f581e266472e3a7b78d487
Boxer/oxford__boxer_139.jpg,d2357681ac78e7ab58bba010d3585f79f818ed2b994e58e4512b261819208069
Boxer/oxford__boxer_14.jpg,70ddde240970dd1ec3a135b40a4972c38a12a6bba166e9a579269198862af43b
Boxer/oxford__boxer_140.jpg,3c3ba57687033df40b2efc273fb645f68c7a3b7b9dfd1e9942c7718730c29948
Boxer/oxford__boxer_141.jpg,bcc0f5417d14402c7d3b71b2b55c6800f33e1694769a36687780cc3e3179b9de
Boxer/oxford__boxer_142.jpg,4f085d1f8ffc6a21204cb389083edea9459550cc1cbf76d60e24b398b3667d5e
Boxer/oxford__boxer_143.jpg,5d2c4520fb04c618e9b620abd85a58fde6b96462e5278f7bd33213c14495e2a0
Boxer/oxford__boxer_144.jpg,57c0393016b72b06f2ef9bf9131f653731b34bb067267e2627618842b869f8f1
Boxer/oxford__boxer_145.jpg,f6a9804a83a584d8bbd6b7aeeb3a58b308bb27d3b16a0105c1d6b6ad24e9bc79
Boxer/oxford__boxer_146.jpg,7c9172b9c5e7952b9ca5467008dd5dceaf819487d2dfaabfc1698240143cecec
Boxer/oxford__boxer_147.jpg,06c358449823ee265b1cfc5c5d07891e409352c8752ec0db29872dc85f1644e5
Boxer/oxford__boxer_148.jpg,0c8a0cd743ff2fb94403f5d5c273bcb3552a57d88bb99e872cd5921e62f5d659
Boxer/oxford__boxer_149.jpg,d35db204d5020ef3f29d804780e23918e647c794be75e1e4485f198a7f517fca
Boxer/oxford__boxer_15.jpg,c728393432be17792ef59a785fd355adc6aa95e0c8413b0003ed01d58e4dd4a6
Boxer/oxford__boxer_150.jpg,12210ed318c19f798198b171356e0ce632e1ef57eef7ff05d5799a88af1c42e9
Boxer/oxford__boxer_151.jpg,4d9b5babad22b0f72aac33ef3c14baf7c3e170cd10d12b5734fd750fccac6381
Boxer/oxford__boxer_152.jpg,f66cbee598e882c2dd80a6256912954523e0ca9f6be127ae2de5f0e032da6562
Boxer/oxford__boxer_153.jpg,eed90cef66d95e17336bd9cb5fb464512e888e676d5e8a5c4c251bb63db7048e
Boxer/oxford__boxer_154.jpg,7f86673ef23859e6d5920510e6eace04a5e6e250ffa649ac91ca08874b617141
Boxer/oxford__boxer_155.jpg,ef9c871ab53dff779575ed7be0ef9e0c26c8dee6be59789acd2d03026e025bbe
Boxer/oxford__boxer_156.jpg,a7ba947ddd41ca2c603af5ff5715920a68900bf5b88bc6d225546dea5c5e30f0
Boxer/oxford__boxer_157.jpg,01ec006ff74bc97bb2c598356ebfba0f6a4a4b9475417ae96cd3e0d8fd5d0883
Boxer/oxford__boxer_158.jpg,3bcaf66da280d5fd83584d411dc5e98d53b4c0fd3938562e39efc4f1f935b29f
Boxer/oxford__boxer_159.jpg,741493b3355283db85a86af76d51f74f45f5984ef584ec25b93ea109ec435e4a
Boxer/oxford__boxer_16.jpg,34557e46d2d28db1ec5cf49f90b58e9503a2d655387bee8a22cab154def900c7
Boxer/oxford__boxer_160.jpg,4359e68cb53f504d86955017c5aa60c2109edf48cdc66d817e9bf0fab50adc5d
Boxer/oxford__boxer_161.jpg,4eb157e14c35f7efed1e2863fad2bef924d07e7f17bea793a053524c90945021
Boxer/oxford__boxer_162.jpg,eebc8b219156f59f98469937c33a75af0b21c6764428fd5c669f54cd310a8de4
Boxer/oxford__boxer_163.jpg,0607eaad9fbc12f4cb91daa0cda8dfacfccb93338696d01e1e79cfd76fc993db
Boxer/oxford__boxer_164.jpg,ed9b85643c8c815d740996e7511382fdeeb415c8bec73e469d5088166b119f23
Boxer/oxford__boxer_165.jpg,7d4ba2978ef7e867d82ef7ab9fb92c8f50a026ebeca7baad9359aa3570c40ee4
Boxer/oxford__boxer_166.jpg,badc376605525d8652e3ae6070f7d168c9799619557f136d3927d219e4460d97
Boxer/oxford__boxer_167.jpg,eadb3dfb8523109cbf95f2f0af6befbba2a07c97325337ed79a190dbc45310a8
Boxer/oxford__boxer_168.jpg,acb5eb8f4c461eb7c4ca8ce33ef8d639acb82b66f844628e06e9ebe020b68675
Boxer/oxford__boxer_169.jpg,5af3ce89d87198af6a642313c62c767a8f7d2ad8f62758217584becdc96d87ff
Boxer/oxford__boxer_17.jpg,548fb07cf738724e73d4fa613e197c76c4d4962620553809ebc33fed70a1a7f5
Boxer/oxford__boxer_170.jpg,ba78baf1a72bb5d0b3b73a559afb4e707906b0a44cc033147951fd0d13ca736a
Boxer/oxford__boxer_171.jpg,9400340f60e2249aeb364c8cb807d3c29ec90d2274fbc6db9c03834f5b629190
Boxer/oxford__boxer_172.jpg,7993a3e805340d9f70a0941cce29c3b6a6c69723f113768e10d74319cbc35346
Boxer/oxford__boxer_173.jpg,412cd0b647e71334b53663c441b291f75929af8a9d8a8a36dfe91122a9b15086
Boxer/oxford__boxer_174.jpg,77b675f9437fa8d27b842079894188735b876b17b5502b45792e9bcee9ed672c
Boxer/oxford__boxer_175.jpg,c4e92fc37fe96d9488d4ddb66ac70ff8c686f2923c0c091675f4f6ea60bbe0da
Boxer/oxford__boxer_176.jpg,aa0888c0e95af6b3146eb1f169a9d7a5c20e089e1820e9749250b7d9fc2bd07b
Boxer/oxford__boxer_177.jpg,4623bba1d05f1cefeb6beb68d01cea443ac4ffef9c7152a334a30a92e476e6c2
Boxer/oxford__boxer_178.jpg,b23333fcf5b52dc3bf41e94e748d52f57731f8f873ae21ba174880b41379c7cb
Boxer/oxford__boxer_179.jpg,190af7ef6263ed4d3f6f68bfee7f77c91c4a2891ccd89d7d87a835cf1000aa63
Boxer/oxford__boxer_18.jpg,df849c580a8d73eb3fca55ed7a25db92b3d2449d33be02c8c7be9bb623551063
Boxer/oxford__boxer_180.jpg,867a390a2c0e0e6d0b432ceaab0c2731a6fb9188cdefc23e63984f6244952b27
Boxer/oxford__boxer_181.jpg,956040dbf50902f0ecf57d6fbd99e16ae800d6dfe2f8a98a8c81716cb2f2e634
Boxer/oxford__boxer_182.jpg,994e998be307355f34e6e7039be42f934862ff82597515a7cf9867c3aa9ddece
Boxer/oxford__boxer_183.jpg,b856dbe497c2b37be23aabc9273ba875e3b1481d174facd7f076d9f6dc7c1956
Boxer/oxford__boxer_184.jpg,9e5f87fa7b1b800cbb648a3718f36d70979f1c4646db5471bef156a333e9bcc1
Boxer/oxford__boxer_185.jpg,cd718660c061fc7ec3f02190177ac390216bce8885d3bfdb5e2dea3d5ce0a465
Boxer/oxford__boxer_186.jpg,56c5c933d534d9b25da2b2290c38db921c62c2bd59371df54d2fba139d791c14
Boxer/oxford__boxer_187.jpg,1c9e4f5089cbf528b1e219226c269a777eb02326b2db12ffe11146faf2b3aff8
Boxer/oxford__boxer_188.jpg,831342ed47ef11729c4b19dad6ecf48c7c7da67aa328a8777a825f92dbea7922
Boxer/oxford__boxer_189.jpg,f575244ab6bda0254ed5f27433809a2bfcb5c26d38497775708b8d31066d7a1a
Boxer/oxford__boxer_19.jpg,13cef2c5199a6f2b294c6c81446a27e4ac187151dc4d005724decccfa14f3bfc
Boxer/oxford__boxer_190.jpg,2a4eae7d2960fae916f81160704b8236cc44e72958428e5dc7bb76a799ffee5a
Boxer/oxford__boxer_191.jpg,2a3e81554b263d766b62ffffa7383dc6851e4be2f23018ac72fde5956c228342
Boxer/oxford__boxer_192.jpg,722e8b85265985cf5629c9b28dcc65a7dc79527466b7ff7d705020dcc827c9ce
Boxer/oxford__boxer_193.jpg,cf336d7bd6b7f2fac2e39600e87dfe0c993c6c77448ffae130cd3064e11de516
Boxer/oxford__boxer_194.jpg,7fb318fba9f7589c77d76c74dac9b06604ba043f77d45c65f04385870222113d
Boxer/oxford__boxer_195.jpg,03e23ce1fde5ef7387060ff4f88ae42c367e2c00d95bde8eb99aed63390ca69f
Boxer/oxford__boxer_196.jpg,4002e06c29ab004edec5decbd21469aa65e2ed51e3691bc3c965340f887baea7
Boxer/oxford__boxer_197.jpg,e8bb2b86570bfb23f4b64cc3f2566c10cf26e91aa482fd7a5e94c42862bbe7ce
Boxer/oxford__boxer_198.jpg,71bd3c38dc15dfd90f22dab02ee06fa0cc1130d0daae8e6adafc844b780c503f
Boxer/oxford__boxer_199.jpg,392bea6367e4142c6ca06b147b71fdbfdb3dbc3ea4cdef975bf1fc480060451d
Boxer/oxford__boxer_2.jpg,b8c9a2d25eab5e55a6dcf072c55d09ab92b67294210d98262655b4b8c69fcfe3
Boxer/oxford__boxer_20.jpg,e45735b8453e9957893e4c21590fdb54ecc9ef06979bf5af063ba5bc25350eee
Boxer/oxford__boxer_200.jpg,babac1a5679b4341ee7c2e7ec5066b3df1da07c816df4fda2bf8a60e5f2bcbe8
Boxer/oxford__boxer_21.jpg,6cd40298ceff7441d4a07cab0860c9c1e01d235e14a712388082142187355ef7
Boxer/oxford__boxer_22.jpg,9a1cc6fc5705225aed6913bafd83589969338d536f2033d07d0c79306ae1d35e
Boxer/oxford__boxer_23.jpg,99d7886f9328b28746928d7bddfabdc4b611818f4764d15b17ac131d8b8b8f39
Boxer/oxford__boxer_24.jpg,cc3a76921301de2c09adc908f6248ad4e94b252f240fcda0bf9a29a8e16b16e8
Boxer/oxford__boxer_25.jpg,3e24acf4d67766d4474619c1f49560abeb08681147457fea5656d47f8f038e01
Boxer/oxford__boxer_26.jpg,4bcce154af453ef50f650432450fcda68d7131e39cdf0d43df38fdf12264e02b
Boxer/oxford__boxer_27.jpg,4f0b3459955bbd97d48aea932b69265e509e0ff87aeee676eb779b163cc21bc9
Boxer/oxford__boxer_28.jpg,d4fd279c70bb7226b73d10dc7c0f7726ba2c086f90d5067409df856479e94b1d
Boxer/oxford__boxer_29.jpg,cb18fc72491f5caddb172cc5af7a97f719bdd4db27b59fa419332c671f57a814
Boxer/oxford__boxer_3.jpg,71c2b345f217b9c500015056da73862f69b2becac9b1ea8476b63fde78068446
Boxer/oxford__boxer_30.jpg,ff043576354ad3b578102908ccd4da87e60b5db3b161934db26fd89bd448da74
Boxer/oxford__boxer_31.jpg,8a939870c391f7fbe02952fa69357f245ac363aa41545692143f87d8d3e4f5bc
Boxer/oxford__boxer_32.jpg,ba628ed599df7618f4639fac4d79b75d9d222e83aa6ec9d78908f56248f43da7
Boxer/oxford__boxer_33.jpg,76267abb4f287b11f5716d8d386fcaf792d4d5c16316af666aec58282cbf1d35
Boxer/oxford__boxer_34.jpg,c9a71421d939a50faaf107a597c1b7b78e4160d91b02584bae2368ff9d305112
Boxer/oxford__boxer_35.jpg,67363342dbd3f733a99a172c343ff7cccb493fdd88b30f8f02d522e5903b1ea5
Boxer/oxford__boxer_36.jpg,d72d611b91c05eda702291a89123f934892fd4dd5470a9f8f8ac2d8673af54d0
Boxer/oxford__boxer_37.jpg,cc0c36227f9ce3a079ec03d3e129e0dac8418ce707f21740413e296d956c2cba
Boxer/oxford__boxer_38.jpg,75121ea4c6a0f8563ff2445d776556a7e58c56e8a20312ada177ba14a8b96591
Boxer/oxford__boxer_39.jpg,f7d6459277926b1704c18444c402ff5ead9ebaf349cdcbf0bf16960a61fdbc70
Boxer/oxford__boxer_4.jpg,77815eb5faf58ea1fe608e7c53c40f8f54633e38377c1fa82b2817635fce46fd
Boxer/oxford__boxer_40.jpg,bba35d829a819e9f990a48c0d8c88db796cda6ec08d7c1d32e75f769c8de24fc
Boxer/oxford__boxer_41.jpg,42e286eb155c413d9fd311f9512627429b6f8d4702a4609476da84eafc29d1f8
Boxer/oxford__boxer_42.jpg,497cfbb7af9f0288a1e67262eb38d3d38867e287dec8a69d6cd3f6d222b06cba
Boxer/oxford__boxer_43.jpg,03e3df476eb2f1d0708b9ae9a4c056f213fc04f0c3cb616360cde496965551aa
Boxer/oxford__boxer_44.jpg,0afdc40900f1ad552f0f64bcae2d84cbcfd3e58fa88880cb7bd37cb04696c2e3
Boxer/oxford__boxer_45.jpg,0a547dc273561adb303dc11f360366898a69b1263f571b1ebed203259ee03491
Boxer/oxford__boxer_46.jpg,17a2f4d16019cd9f9efaa86acb025f2dc6ccf5dedd53a851a65b5e990b990023
Boxer/oxford__boxer_47.jpg,054e73f154b521b3d33ff74bb393e510a988b2a00fad30593c0523b30decec59
Boxer/oxford__boxer_48.jpg,d290f4b09530129d63c3101a63f095dd2357e7f80279fd37c8cefb28bfbfa028
Boxer/oxford__boxer_49.jpg,00faddaaade07cea3d0e17a5e3aa2e28a59b1e044b9ddbeef1a2ff5edd55d422
Boxer/oxford__boxer_5.jpg,943592d059822b0bc59f0aa3e058efd4f247cb276427422ac0a23ace2f5c6d27
Boxer/oxford__boxer_50.jpg,6a6cdc93480d4fb81c1ed0814a33c44a47b8ca2e805ec2e3e058385a5d5df6b3
Boxer/oxford__boxer_51.jpg,8deae3a7515a63804ea20bc0af7b1e717445e12badd55d1d0a1006802a76f0db
Boxer/oxford__boxer_52.jpg,e742fce2cf25f6eeca851306e5f967b54313d813adc6ea58335eeeb5787a3477
Boxer/oxford__boxer_53.jpg,e505571070032cab0868a78f2954007e6d5a28625a6a4403ab3aa3e46e898d13
Boxer/oxford__boxer_54.jpg,aca6a93d8134d897d1e2c921f1f810c50ce734c1d298e8a12c3d49ca4ec8afbd
Boxer/oxford__boxer_55.jpg,b206cfe1706a259ec1b18c419085417c58c7b6a958aaad87f74e6b7ae192edcc
Boxer/oxford__boxer_56.jpg,835d561ae9c32aa4e7f461f7ab760705fa498f6ead46f9c412533069d44aed1b
Boxer/oxford__boxer_57.jpg,6e099dda72d488f19f642009ad11cf59c0ab8a033b43380b7e3a5834cb56c20a
Boxer/oxford__boxer_58.jpg,f685b9f06d06d479807314797d5d1fdc4e9ab46a410a33db4e5b3384a2fa5920
Boxer/oxford__boxer_59.jpg,b34696cad30d8278c60fb2d5c506ea05c4b913e988f7f43a3125fb2f828cf3c5
Boxer/oxford__boxer_6.jpg,d7803c5e56be8803a0fa40ff4ec0ecb9f97464248373033d0c1f3b826bcf077c
Boxer/oxford__boxer_60.jpg,20c4c95063fd86d6291e66a500c1cef06fc36ed7e49399f078c9a7cb439d4974
Boxer/oxford__boxer_61.jpg,10807d2db3b22a3181d46d92a0cfc85c5e3bf96cbcb99285a45dabcf8bb6150f
Boxer/oxford__boxer_62.jpg,1bb6256fc84f74e77b147044b0bd9e0a3a08eab337edb13d360f2b30b0d46ba0
Boxer/oxford__boxer_63.jpg,8fe8feffeb2acb2a09425041f921bae6347aef3234290e527de7831516af9e1b
Boxer/oxford__boxer_64.jpg,7255f399934346b7d2c65cc1d0537ba21274d28c36a87e88137740279ab4e3cb
Boxer/oxford__boxer_65.jpg,c59e4a89bcb78a56975677b7752cf9acebe65655df22df24875368384136d2e3
Boxer/oxford__boxer_66.jpg,96b528803d910d6086b4f9c9e0cb906683fc870791cc81e6a4ccc6f216cbbea2
Boxer/oxford__boxer_67.jpg,640917212f344ceca01137405123f1b6b3417b63098a1d9d9f38d406c68f3ad6
Boxer/oxford__boxer_68.jpg,df267a717c083024e50ed926f1a1618efa1bfac40663f8601d44a69064c0d2d4
Boxer/oxford__boxer_69.jpg,2ec0465d65933f3510354dc49641e8a6c03cc5ea3356503ea597e14bf96b88ae
Boxer/oxford__boxer_7.jpg,b7a559587a1b4c517bdb0732db66e4335c60ce95977b9bd331f69c910869393d
Boxer/oxford__boxer_70.jpg,f73bac0e17df4e58d7f43d27c9daaf6093afc172113e3f0f3b47b5bd9026bbff
Boxer/oxford__boxer_71.jpg,6b172ecfd5b8184bd8547a08d3ed88100001d28acc2f86c876f158d9d5c0cb32
Boxer/oxford__boxer_72.jpg,e47623e1ce59a0c7d24b881d2dfe7ba0a76929ea40f72761894430d28ce7fcbe
Boxer/oxford__boxer_73.jpg,985c11be4b7b3b78b54e7b7935dcddae79e2f8734db9a05d8bf3fc76f15fdc4d
Boxer/oxford__boxer_74.jpg,25879a0b73985887d76438f2be12acf684c7e26a0ea8bdfa02aaf87bf3e41d1f
Boxer/oxford__boxer_75.jpg,d48652ff02569011037e9e27b9d14d806a6227337d7232ba8b78029a4f8a4925
Boxer/oxford__boxer_76.jpg,e05fa4aace49a143cedb13c36eb8840bd554b3a5c330c2e799e6b87e3511b2a5
Boxer/oxford__boxer_77.jpg,a870bfcfee5296d15f982822833abbebf075533d150e75c36bbcdf2cea77ee59
Boxer/oxford__boxer_78.jpg,7172f08cf353a7936608eba9b3768bea80665cd2b6895894d158ef7635b2b179
Boxer/oxford__boxer_79.jpg,71aefdb922941a389502d6834e944c385a0d3e4887d8c55851f45e8179948b7a
Boxer/oxford__boxer_8.jpg,1e65ba3c562f2a56418741dc6f0e6f9f2e442a6ef90fb2e7cd5ea02f75851189
Boxer/oxford__boxer_80.jpg,495d4d8592ba4e98c480391fcd6adbe393a56578c2cd15ee201e2d4e03e19291
Boxer/oxford__boxer_81.jpg,79ce6acad1abfd3a53099211c4ca78a8fa66fc703c49612616cbf81a594a3a5a
Boxer/oxford__boxer_82.jpg,699936fea3ad7ab41a3793e6a66f4620725990cdcfd356a790a84368462380f4
Boxer/oxford__boxer_83.jpg,1cdc406bb386e91187ea0ab08114317ab2bcf24729702b4b744e2e4e0a658a92
Boxer/oxford__boxer_84.jpg,a9390ba26c05a6c163793152a1831674036e84a60eab02426dfb664d7967440b
Boxer/oxford__boxer_85.jpg,36cd5b09bd8a17e9db7c39fa7598078a3005c613e15bb1e04e0c13332178562e
Boxer/oxford__boxer_86.jpg,fdbf1335a4d4d536aad64f17325af86683cf9c8ae861fa9f7153ef75f5c9aaed
Boxer/oxford__boxer_87.jpg,0fae19d593c6121d35acb18b196b1b513614eeb4a0f1d9b6ee942c9c836e12c1
Boxer/oxford__boxer_88.jpg,7f3bdec60d59f194c7d4f75cbac65cfce9cd4074b0fada2379d2c09ad6c852f4
Boxer/oxford__boxer_89.jpg,d5270d78206a3e531aa9fbd2663be29aefece5c125e5ed38441c9b08a464e85f
Boxer/oxford__boxer_9.jpg,e3dc109c92c5aa75e738d21f84d551feca42c9489e5fc7130f7441baf6f1d9c5
Boxer/oxford__boxer_90.jpg,c28df83ce8b9c117cc823a5817f89b81111bfa07227aea4349a3c40965b7228e
Boxer/oxford__boxer_91.jpg,2c955bef952536bedbf5c1d3ed271fcf1942684117e145d1d33cd22d749c1dcd
Boxer/oxford__boxer_92.jpg,d06a19a73bc0f1004af1f46789c6055937ed1fa9729fa5ce14aec6b9d8927388
Boxer/oxford__boxer_93.jpg,85ddd1b9cb51d30cf0bdb2c7ae3f3b726abb04b87367044029ec26107c35ef62
Boxer/oxford__boxer_94.jpg,903bf553668fd4c232af58773c0f0d8a5bb8b208a2b48a80acd101031547bd98
Boxer/oxford__boxer_95.jpg,028c46df6ca10f7d65164c2c53b0f5142744d6cd858656e97be536c370dbcbff
Boxer/oxford__boxer_96.jpg,0139920b9382fe03d351779d65e41b2ade15a35651b6d428b98a5afbcaa7801a
Boxer/oxford__boxer_97.jpg,2bcc2109f6676da1a4357f91d401d6245bd07dcf9957c6b3b142c9798c2b651f
Boxer/oxford__boxer_98.jpg,fcef27d3df9f9308e7237d85ec829fc865a68381e4962476ced7eb79812af8eb
Boxer/oxford__boxer_99.jpg,86331712fb1ab8f1e977ea873be3c2f0d447449638dabed85ed59acd169ff976
British_Shorthair/oxford__British_Shorthair_10.jpg,e84a01333e2fa742bf21e53336e49def5555713094fbb6918210dad7b5d2739f
British_Shorthair/oxford__British_Shorthair_100.jpg,d58cc799c4950dd33799363c9b379e268ca794fe6c27174e54eadef8c20e9728
British_Shorthair/oxford__British_Shorthair_101.jpg,b1f4f97cc87cdaae8e40072fea942620e9270a0c270f2c64076ab3d27a35c3a5
British_Shorthair/oxford__British_Shorthair_102.jpg,e0da4848528babeb15a39e661edf854f8350c4f3a515601f8472da7608a7bee8
British_Shorthair/oxford__British_Shorthair_103.jpg,8a49f10a2754525811ab021995d9dc0477933d3cd77fce52441a9356ad125d36
British_Shorthair/oxford__British_Shorthair_104.jpg,f0feaa9c31d7f15a1e181612c3a3d5b136d81f8aff0130c6ce1e0c7026e3b1a5
British_Shorthair/oxford__British_Shorthair_105.jpg,aace1cd0d1ae62465676a1a4a614b5d2f02544e2a41745d1d669f68024c88def
British_Shorthair/oxford__British_Shorthair_106.jpg,623cd536ec2c678ff69944bc5e5cec24bc0090b8af75a87a5ba9b338c02cac4d
British_Shorthair/oxford__British_Shorthair_107.jpg,229fd3dff2645ec3312323f3931108b90e72210cd944cd367afd103181297076
British_Shorthair/oxford__British_Shorthair_108.jpg,5e45f2e833d571f4bd4c73d34ad7808efd0a9b3eb8582afc300b6c7b240be85b
British_Shorthair/oxford__British_Shorthair_109.jpg,dfdcee7be5943efee5dd04e027afbb80a5dfb683624f59f98f2af1deff8e775d
British_Shorthair/oxford__British_Shorthair_110.jpg,ccbb2a6c6e74af3404442dbca209487e3427bfc19d516d31342cb376ac29d82c
British_Shorthair/oxford__British_Shorthair_111.jpg,b04e3707760c3ce9f35617461cd465bb7f48377b1d8dd841f13911d41409966b
British_Shorthair/oxford__British_Shorthair_112.jpg,a54f4151893d5beb065994b5f06407dac511b959d3cac4964af1bef2a9828a2a
British_Shorthair/oxford__British_Shorthair_113.jpg,2997aeba0cc40b3cb12d5cb2d730485cd3d99fb2a55291a19d30089980dddd87
British_Shorthair/oxford__British_Shorthair_114.jpg,d687382a50cd9a8b8f58e42dd899c6edf54f7e654fa498ce3b1cd9315376842c
British_Shorthair/oxford__British_Shorthair_115.jpg,83ab01e207dd6ccda68b5c632859bd4a40e37fb12bfe16dc599a81d2ca98e426
British_Shorthair/oxford__British_Shorthair_116.jpg,d46945552a11c233b3825e0b07ad631d40fcb9f9e75b22c72edc8b7d9f2e5e21
British_Shorthair/oxford__British_Shorthair_117.jpg,acc88898e49872b2ff8a2e7f49ff2e4d9d0810cac0e0fed85cde94a0c02016b5
British_Shorthair/oxford__British_Shorthair_118.jpg,e7d772168e64999580bcf3b331781a6315dc110cbd3dbb6598af59a524eac387
British_Shorthair/oxford__British_Shorthair_119.jpg,b8bb900ee7a399e2c5698ef4e08fbb2bb188b3351c572632c0fa9f9f87b1f92f
British_Shorthair/oxford__British_Shorthair_120.jpg,115577dd5f9e4eaecfac46d632501266f286349ed87feb3200f8253b55f2e59d
British_Shorthair/oxford__British_Shorthair_121.jpg,3643de1d819175b18964cc049e860ea3b625a790db70bb49addc21a3b2741b87
British_Shorthair/oxford__British_Shorthair_122.jpg,bddc7c6e2b1066a063382eeed0a33c8df6c484482acb62776695bda9ddd94767
British_Shorthair/oxford__British_Shorthair_123.jpg,437bb21df1f23e34c613250e905838fe8eef12b55b00b7f0b59f04096f4d4b1d
British_Shorthair/oxford__British_Shorthair_124.jpg,76178a41898472969e53fcbdfd16004ee3956e1699611c3ecc40a9a5b251bf68
British_Shorthair/oxford__British_Shorthair_125.jpg,1df09f5cef4f6b19473ecbc525973bccd54fa57e3edbef748e6a5637f150ed0c
British_Shorthair/oxford__British_Shorthair_126.jpg,85fb6efe3e90c848a365b87bd0d7c8bfaea5a8062d75ab875e267f33a2cef7cf
British_Shorthair/oxford__British_Shorthair_127.jpg,e205902390fb8a80f507607dfa023acf80eb127efb1dee91ce2c87c7f6fafbc8
British_Shorthair/oxford__British_Shorthair_128.jpg,617971f03d0448bdfe1a85628856b45adbb3ae03ed194b5eab8d2b2fb42d1a66
British_Shorthair/oxford__British_Shorthair_129.jpg,bd77ff2f44f4043665e1585e083f3c066b1ea1fe29bd1d5a5a057af6be6a5212
British_Shorthair/oxford__British_Shorthair_130.jpg,3eecce90452492ceb98057d5ded0a77524c80cce61bffae4a95e254372f9dda4
British_Shorthair/oxford__British_Shorthair_133.jpg,4377a00e698313b835b5d59fa1c8417b15e0c3ed7243a994ca508ff85a6d3b71
British_Shorthair/oxford__British_Shorthair_134.jpg,0b2563ae232dd0770b89e19197face14bbb566f8b0982c415c1bfa9533745852
British_Shorthair/oxford__British_Shorthair_135.jpg,981e445e0122724f717c580901224f30e48f88d2218510f974702beb42a25655
British_Shorthair/oxford__British_Shorthair_136.jpg,de98e02ed4e636acfe6e3bdddf1374c41682691794f81fb83038ae28e5615c5b
British_Shorthair/oxford__British_Shorthair_137.jpg,2106351bbe5d22126ffb68ebd9312ac8c42440821e07f5c59fe660acb1bcc130
British_Shorthair/oxford__British_Shorthair_139.jpg,d95f283fe1b8181dce60358637e6453333b3166cb136bb94fb1ab12aa2f5611e
British_Shorthair/oxford__British_Shorthair_140.jpg,f6e3b0fe82c14cfeaa03780bbf6b53b905abaa80886abd95fdaa9d79c3f1ae62
British_Shorthair/oxford__British_Shorthair_141.jpg,49282800f3cd537a7c033055cd3157db68152aa5769f3a85e10657eddc0b235b
British_Shorthair/oxford__British_Shorthair_144.jpg,5aa5fa1d5c38501c084d5433ab8862cbf4c194dba0c1fed2ce658c20d1598593
British_Shorthair/oxford__British_Shorthair_145.jpg,c1123fd9a1c5c7969a6b2f794c1832b077cfd372d5036941ab3e246585002e5a
British_Shorthair/oxford__British_Shorthair_148.jpg,0b7cc57dc7216cf39a4c2fd2192ea75d55871665c8646fdb2aae635b4536f03d
British_Shorthair/oxford__British_Shorthair_149.jpg,290c5f395fd488589bcd47a6661bfd3086b85c01d7373148aed8f950bd26cd24
British_Shorthair/oxford__British_Shorthair_15.jpg,7444ad519c9d284d8021952c50d878286a3b65d05451b5ae6644cdc5624da968
British_Shorthair/oxford__British_Shorthair_151.jpg,6267d36fe520b325781810541f2787e6ffd2b927941aa6107799f304af0d6542
British_Shorthair/oxford__British_Shorthair_153.jpg,a7eac3d29dea9f3805dde5f35e025177bfa15cf759f55d56538ccc919ae3a11c
British_Shorthair/oxford__British_Shorthair_154.jpg,745bfd5fdba0f80df14aab82feb4d22271f869e9ac5a68a8ff7565e9b5a2d0e6
British_Shorthair/oxford__British_Shorthair_155.jpg,5e91d3ab7452e77950cb2a8c489b6b54afca268495367969344803eb2fdbb868
British_Shorthair/oxford__British_Shorthair_156.jpg,f6e80b658aedd37897fc248f5dcbd87967d0d6ac1c2fa05d341edf537b4cc183
British_Shorthair/oxford__British_Shorthair_157.jpg,b9ac9884e4dbaac10fb46c298d6117bba12577adfad6e12d8288cf22559c99f7
British_Shorthair/oxford__British_Shorthair_158.jpg,5f70bafabe4196b52d83a3ce86cd49e471bff2a51b04323bd347c5f5c7b1dbc2
British_Shorthair/oxford__British_Shorthair_159.jpg,eab376b5c7563fa1105bf0a196a9f056899429753517fec32be90b53942fc4a5
British_Shorthair/oxford__British_Shorthair_16.jpg,ab13bb9c2fcb88ff0eb6e2100bc5fbf8b7a31f4d0fd34aab3f1b1e2c335df754
British_Shorthair/oxford__British_Shorthair_160.jpg,38c3b3a424d8e3aec7074d701348e806f4b61d617209a0166e4ce2584120f53a
British_Shorthair/oxford__British_Shorthair_161.jpg,373bf2c2baafefa01f3688eadcc8b4bc265ef19ec0c4e5beb1f26f088b999275
British_Shorthair/oxford__British_Shorthair_162.jpg,eb469e82c00fb00e64c762100a86c97492ffc292048a01ed7aa9e8b0d20f557b
British_Shorthair/oxford__British_Shorthair_163.jpg,01e15de89e3a694db87aa34436ba75e42a3d95ca7b200af06d24a5fc6589c649
British_Shorthair/oxford__British_Shorthair_164.jpg,a82e9f7fc690ac24c854fd8f31c1ccb03a18f7509758efa805e37c687f08e601
British_Shorthair/oxford__British_Shorthair_165.jpg,09bddb112e484d19599e48ee8fec8eed8610f4c5f5f0da18bf336939046c02ef
British_Shorthair/oxford__British_Shorthair_166.jpg,073e990b46e90060f43472ba19469cc8c7331acbf6fb32dc8adc6e4b0c2317cf
British_Shorthair/oxford__British_Shorthair_167.jpg,4a8a8e947a46fa199706e6c0285a4c5da04d9c5178b0031a3b30d4e3cdeaefd9
British_Shorthair/oxford__British_Shorthair_168.jpg,795f182185ed48a80d95bcda916be0c519dabeb838093f72cb10ccd5ea7142a3
British_Shorthair/oxford__British_Shorthair_169.jpg,08d6cc9e9f305e838ab2907b6f8c848781be851bdc9fc2d12b83fccb6b2a2765
British_Shorthair/oxford__British_Shorthair_17.jpg,1703af446e3033ec468fa0bf3874c780870462a113f7570440304153a6cf4567
British_Shorthair/oxford__British_Shorthair_170.jpg,54f195872e166e53e45c6d99648c018253c1ef982836aab00fb73cf0a5b4088f
British_Shorthair/oxford__British_Shorthair_172.jpg,595590fa2be5f748935b531c20b5e12469a531161401d8478d168fb26d48b741
British_Shorthair/oxford__British_Shorthair_173.jpg,24eb2825325e4e56c4ed43e4af6ec5148661b7f85214886cb1a16695bef2b857
British_Shorthair/oxford__British_Shorthair_174.jpg,06f81ccd856ef62d297b2ad2fbc410c1674e38c763a8b217ca45c0df8321f161
British_Shorthair/oxford__British_Shorthair_175.jpg,b68ca80196872eb83a76ed78a0735185efbc3a2aa7d28eeef1608d0cf8bff275
British_Shorthair/oxford__British_Shorthair_176.jpg,9fe29d6ce4b88bcbfb24657df9c83fe40dfc173ff4cc43b571f4eb85d46e9abb
British_Shorthair/oxford__British_Shorthair_177.jpg,c6cafce34df890945bc5df02cf14b8536fd03c6a98aa68ae224e307c6eb8bd17
British_Shorthair/oxford__British_Shorthair_178.jpg,5c88157582c8d7ba8e5bf7c612e57a8aba0111024f502e8b7ba76325bfa1b7ad
British_Shorthair/oxford__British_Shorthair_179.jpg,7b8b502c4fff5f482a72e0ec9ddd74ea330fb2917d61642ca0728faf1fd88f1d
British_Shorthair/oxford__British_Shorthair_18.jpg,9f1edcbe6f61283209e03890cb0b9070778f740b84d9df23f54459310b7c37f4
British_Shorthair/oxford__British_Shorthair_180.jpg,8e14760df5c64c5b469aee3af048f7e73e65cab198ef320ea648d506a604bd4f
British_Shorthair/oxford__British_Shorthair_181.jpg,6b00e31f27520561f804b3c4234e65150a7bdbb819684d4d025c326513a69a86
British_Shorthair/oxford__British_Shorthair_182.jpg,44234b27c94dcb7106f9159c5ae0d356b1432deed981807bcb093ecc7b73bd3d
British_Shorthair/oxford__British_Shorthair_183.jpg,fdf7dbfc0a99c9f9b0544f4024c2bea5f693558e65e3e9f3079c11f55fcb7615
British_Shorthair/oxford__British_Shorthair_184.jpg,057cb4b63d6a5ee825214c6e339f3135a66be1b17e191a1e2c23c0a6b8bd2505
British_Shorthair/oxford__British_Shorthair_185.jpg,6639ef022cac146cb622145803171275416c600514c8b94a1caacce233628086
British_Shorthair/oxford__British_Shorthair_186.jpg,f30b9af7a2aa1430933eab36c70ac9c04391885f29a0eff05b1e6cf0b34d9891
British_Shorthair/oxford__British_Shorthair_187.jpg,62ede0eef5e0cc0ffb3a2c6c9ef0340bfe32f2a48af8331e937f3a052816145f
British_Shorthair/oxford__British_Shorthair_188.jpg,c795f0dcd0243bc3fda2d8b2f9d634965ce055a249f8ec777bbb61c939dffbc4
British_Shorthair/oxford__British_Shorthair_189.jpg,1cc78a2e3f4ca74c709918d225fc76b2696e190bc29ab28df2c718a0cdbea195
British_Shorthair/oxford__British_Shorthair_190.jpg,06d79040e03d4f61b8a1fda2289c231942a57e0239138fba54682978be3a0163
British_Shorthair/oxford__British_Shorthair_193.jpg,5e97a5bd77e7a5a72a1cc79b9b6f920d6d0708111608c4b0bb7a9d35b47f2888
British_Shorthair/oxford__British_Shorthair_195.jpg,ba154be532f3e8b7c496e407518a33a2b0cc87236caeb80f192dba16add2d512
British_Shorthair/oxford__British_Shorthair_196.jpg,3343dcdd6f69113b834c06efc132846c980332752317b0c43d96c248756bdc29
British_Shorthair/oxford__British_Shorthair_197.jpg,8fd7d4f0d63ca0311acc306ca58a5265498dc60bdc6ab434693806835b8a09b7
British_Shorthair/oxford__British_Shorthair_198.jpg,2c83b20b8e52379f16a1d3d1c0f0abec1a723e1dd1d7f962aa3591d3639413be
British_Shorthair/oxford__British_Shorthair_199.jpg,160a67038dabb8e502f9883875e79b478040945251733ddad233f930d14a88ce
British_Shorthair/oxford__British_Shorthair_2.jpg,78d2122f76c4564f9441b8d0b8c906d63f349a08392590f8d12579ea20aca09e
British_Shorthair/oxford__British_Shorthair_200.jpg,2c1946252305586c77b3f307848e137408c291ea3281d434b34acf3ceea80e5c
British_Shorthair/oxford__British_Shorthair_201.jpg,2d4bb1d1c1ea190b9294735148ae6fe64dac6f77568d59cf4542763685c1dc98
British_Shorthair/oxford__British_Shorthair_203.jpg,b4b50c3b11574e55ac6b9c59d64ac3a10026dc5d71a4d01a6184d7483fe829a2
British_Shorthair/oxford__British_Shorthair_204.jpg,9c5e3500eebbd2144b2d1d423977a4f3dd0acadb6a958e5a3bbe7ae99696ab4d
British_Shorthair/oxford__British_Shorthair_205.jpg,1dd73a60338d1829ec03cb1f59f70f8d739ca1ec750ed929436e30d84e4c455f
British_Shorthair/oxford__British_Shorthair_207.jpg,37798a3c7f15cf7c10faf9790f534f946c6384c6c9141f957e6f9ee8fe3116fc
British_Shorthair/oxford__British_Shorthair_209.jpg,49ca65842f422e233134ad66cd3ad92fcc1cd55c315fc6731dac2cf01fdc7002
British_Shorthair/oxford__British_Shorthair_21.jpg,3ef09d6f950c5a39f187b9516825725b682bf8f37932ddf7f7a05c4981d1f30a
British_Shorthair/oxford__British_Shorthair_210.jpg,0fc8023c9a5e8985946b6c9c790b1c45566317d8a8f27a47ceb5c0b09f5af33c
British_Shorthair/oxford__British_Shorthair_212.jpg,d7f44959719ba56182387fb173b6088c34ab80e24c7d6817aba0b7f8921e8b09
British_Shorthair/oxford__British_Shorthair_213.jpg,72d7c1c3299c70f6192c522cca9a029e5490add768d5bbf6e9a9df4a5b8fb5d7
British_Shorthair/oxford__British_Shorthair_218.jpg,2c522b989275ba110a28b772851d652aabd71d21528a1229f4aa60f9f9a14b92
British_Shorthair/oxford__British_Shorthair_22.jpg,79df40ef7a239644f6bb246e07ace8a33d1b70d0fd72cd90ad65aa1a4e0b45c1
British_Shorthair/oxford__British_Shorthair_223.jpg,f952cdf86ae4d4d9c7f349e8344898818a76651cfae713249801e406ca5e6986
British_Shorthair/oxford__British_Shorthair_230.jpg,7c462fb330a5b353483037c11f4968ea78f0c46658c27566d5710e17bc52eae2
British_Shorthair/oxford__British_Shorthair_239.jpg,4180a862abecee939a394f31befcb8838052b8c3e1d225d6dd72808dc6b5d81e
British_Shorthair/oxford__British_Shorthair_241.jpg,7581c808f4256d803cffbc0297f270e4661dbc0476e13f299adf066d1352e4d2
British_Shorthair/oxford__British_Shorthair_248.jpg,88bfd7ee665b479a3f53d76b23b56fd4d698079256ef03c9f3157075ce39a705
British_Shorthair/oxford__British_Shorthair_25.jpg,aaf43adaf5a9908fa510c3d91d58cf7b4db904d576e8fbf5a57feb94379085d9
British_Shorthair/oxford__British_Shorthair_258.jpg,ea7a8ed172ba3c9f8b569a7b939c6b34fa9bf5ecb8919302337f1fcc2cc992eb
British_Shorthair/oxford__British_Shorthair_26.jpg,9f38db05e75b4e374dadd2a3c7404699629c34ad1b93019d90e5347a51b93854
British_Shorthair/oxford__British_Shorthair_263.jpg,19e8c22e24747051d7adab674f616fb4b008124cb6bd102bef40668275f85536
British_Shorthair/oxford__British_Shorthair_265.jpg,5d0436b22cba24773e5b3c42d990fc9c7fdc1f7db891c1f0ae51c0b26a5d58e0
British_Shorthair/oxford__British_Shorthair_266.jpg,955e3bc768ef009f32fb4df8b61859fca861589fb474e2a0eb344a8ae6218281
British_Shorthair/oxford__British_Shorthair_267.jpg,5cfebd840ee4a17f248c73d83fdc236460a558ab8ab22266c1b7f5d488aab325
British_Shorthair/oxford__British_Shorthair_268.jpg,fb5e7ab47c3a8fb72c974df830048ec4b14e34c04ee7ab0a643cd6d222c847db
British_Shorthair/oxford__British_Shorthair_269.jpg,d448fefe3f27580682fd844cd14eefc68165528136b4f7144d089590e37fa01e
British_Shorthair/oxford__British_Shorthair_27.jpg,bdf387f09f60f8c9835802202b4e1b39e29b78e57a37961b78dc25009495ecff
British_Shorthair/oxford__British_Shorthair_270.jpg,6765ab24a68bb659553bfe46a2c94a11cce3910a58e8a6e49be28e28a8fd41d6
British_Shorthair/oxford__British_Shorthair_271.jpg,f37aa6d1802e4e65bfbea5cd962ad59a05819e12d0e90f3c09b9d540dfbe2d01
British_Shorthair/oxford__British_Shorthair_272.jpg,a449568ecb210309b66513cf223bfc78c787cf2466dfd2ec44ce8dd13dd26ed7
British_Shorthair/oxford__British_Shorthair_273.jpg,1282aab01d5685aa2bca6ffbce00a05000810f82c2a0a7ded12266aeef2920f7
British_Shorthair/oxford__British_Shorthair_274.jpg,10bd8c501a79f246fc38e4f08cbbfabd8f421727f61b196e93e92a3048c08af0
British_Shorthair/oxford__British_Shorthair_275.jpg,6533a03e0588b1cdce6d35c694b0734ad38d1411380f5dcf162035cc5aa8f7d3
British_Shorthair/oxford__British_Shorthair_276.jpg,43ac8210aaa6be336e8d4738d18368e9f10cb9740f800aff443d58c3a901a854
British_Shorthair/oxford__British_Shorthair_277.jpg,1e3f78db33bfc090906adcd692818676890afe33be18760932ae9aedb0dca7d9
British_Shorthair/oxford__British_Shorthair_278.jpg,499387599cc84b59d201b2bc621100d4e270b53b948303d045ec72b8719dc3b7
British_Shorthair/oxford__British_Shorthair_28.jpg,9d39ec31bdadcfeba4b98b45daca417b79f678af6b990b57a0a6ac91c28c41ae
British_Shorthair/oxford__British_Shorthair_29.jpg,a052fb442f0fdff2003eab9770a8edc278f2987ff945be60977370e7ab7e5fc5
British_Shorthair/oxford__British_Shorthair_3.jpg,f9a6a7809f0c89be93455e47e2d1077a842e1750bd35db4a7786410d0249fb5a
British_Shorthair/oxford__British_Shorthair_30.jpg,a04c0fffeed476267734d2bec0c74201890e1f350e849b86cef27684f627edf5
British_Shorthair/oxford__British_Shorthair_31.jpg,66b7118c2f6824ae69b29652ab27a50a0b04f86ee250a446c461c72a8f6a1197
British_Shorthair/oxford__British_Shorthair_32.jpg,f7276c3db51b17c653e8d971a80809426657faecf835ce27a414c4c9181ec74c
British_Shorthair/oxford__British_Shorthair_33.jpg,a3cac1eeb271542535b7c29771bbc75d77589c7aff61066ef4ab98eac5420248
British_Shorthair/oxford__British_Shorthair_34.jpg,4505a53ab92fe4aeb246b8a3d556c0186d71f94f346767a799210145ff02f600
British_Shorthair/oxford__British_Shorthair_36.jpg,afb1f0b9accc62d35d06e3901b0ddb426d6f9eba4dd452e3ccd3540c078b8070
British_Shorthair/oxford__British_Shorthair_37.jpg,f749a3980f5e5deb583119b1f784f9eaff6f809d313f8e6779360862c91b1efe
British_Shorthair/oxford__British_Shorthair_38.jpg,fdb8f791265d2ab34049cc876c8ec76e633889df85b0a9e05d2fbaf622d10d2d
British_Shorthair/oxford__British_Shorthair_39.jpg,a1edff14a82110b6d71e98580d91b004cbbe266c39255c17a5a2e40bd6e8e4fc
British_Shorthair/oxford__British_Shorthair_40.jpg,df5eded5fb0531e8683e16c741a17c423c3bf4fc3d425abb3bc57e9da3645689
British_Shorthair/oxford__British_Shorthair_41.jpg,6bc5443ad037ee11176c2cd7377b3663ad14d0704246bf1f28a68fa9cec2324a
British_Shorthair/oxford__British_Shorthair_42.jpg,12017aa43a4baddcf8de316de0c8642c4d12b1b8705975d2f25c8c76e1fce4ad
British_Shorthair/oxford__British_Shorthair_43.jpg,56e28bd04c202c17d08d2a2c17fd01232c2ebe28f8212dd944418d3a726daafc
British_Shorthair/oxford__British_Shorthair_44.jpg,201122ec2ab8fa3c8417f7457d62260bd5973ffaa801563c4e7f428ef13e2bf9
British_Shorthair/oxford__British_Shorthair_45.jpg,22fe4843092dd783dc60cec386a9075790af909d0cd394fba38e7180c8728845
British_Shorthair/oxford__British_Shorthair_46.jpg,bdb8b8da7e301f85987eba24e8b654b1beb55c99043a414c1e5faab74604e2a8
British_Shorthair/oxford__British_Shorthair_47.jpg,39187dc2ba4ad60677cf2ac8d57a084f1fed3f5aaa96a3f650f7d298450424cd
British_Shorthair/oxford__British_Shorthair_48.jpg,dc9964f43d247b6cdc1d73cb2a847c36cb9db9bb31884c03ae5891b3493f1962
British_Shorthair/oxford__British_Shorthair_49.jpg,317c5987c2f39ca6558fb85e271b383457a9b2b1768991dd6aa65107644dc245
British_Shorthair/oxford__British_Shorthair_50.jpg,11958d0146f413cc351e731e01ea45cb64cf19d5eeae1bee2c5648b3b1fd783d
British_Shorthair/oxford__British_Shorthair_51.jpg,437226c6e3099ec7e8a123520d635d2c8c275cea5aef27cacc82134227a3c39b
British_Shorthair/oxford__British_Shorthair_52.jpg,5ed16d22beeeeee3e82b40c3136c9da536db40b3c1abec13df142ce9cd888c08
British_Shorthair/oxford__British_Shorthair_53.jpg,8e8c70ca0c4ea2eacdebbc349aac54b558d55345493af16bf132675af4b978e4
British_Shorthair/oxford__British_Shorthair_54.jpg,1ffe15ac447c3926372a6dc7155ae52b7068153d5773cbfd67b2667dfde35ee7
British_Shorthair/oxford__British_Shorthair_55.jpg,44e1d7cd4539f9097b46a79715dfd7a5368d6d507dc8b5470eda94ce8d56124d
British_Shorthair/oxford__British_Shorthair_56.jpg,a0eeb70d54338471b349cd4096c391d60e6b641289ad8f08deab00e02ef22b48
British_Shorthair/oxford__British_Shorthair_57.jpg,bb69410694543eab0dcea38121a745564698d1bcc0fa065572d3495fd7876e78
British_Shorthair/oxford__British_Shorthair_58.jpg,333e715b8d7b02694b196c87c88784262fc5df7f1b524c34fe79b45c05d1b4d3
British_Shorthair/oxford__British_Shorthair_59.jpg,c2f695296c99477304b034a0449d152b19512afb212dbe33673314f41baaef93
British_Shorthair/oxford__British_Shorthair_6.jpg,e3e9771730aa9d87f892b392d68a42dc7d9e65bf7d52d27d696934584722b1cd
British_Shorthair/oxford__British_Shorthair_60.jpg,dfac7d16254321042caa747ed6773fbdb1d9366207d7276b37deac2cc92de7d3
British_Shorthair/oxford__British_Shorthair_61.jpg,6f3052334f3b959254bf3c54f51ef3872def0690b65a6cdeba88c4507a8960f6
British_Shorthair/oxford__British_Shorthair_62.jpg,7c7fe0508eb22020a5fa0c0068288be5400ef624d08cea00c8dc7265154c203a
British_Shorthair/oxford__British_Shorthair_63.jpg,31344bcee600a5ebfece72c80e26b80b1d60c9b188f0c204dd26e54255d35a3c
British_Shorthair/oxford__British_Shorthair_64.jpg,d8fdc639ecd357ac9206361779991d39dab78386670ae7e1f97419124e60310f
British_Shorthair/oxford__British_Shorthair_65.jpg,6a2eefd491a4d0c177b9419ca3ce03537f5525b69045f4b8ed0483c7511016ae
British_Shorthair/oxford__British_Shorthair_66.jpg,9efa8069af1860c64de2e8fcc04d384a80131621717c19b23ea74e54fad6545e
British_Shorthair/oxford__British_Shorthair_67.jpg,30a616cd1b2349a1ea479ac5b01d437428fcbe62a3d542bab70d00a1adbb99dc
British_Shorthair/oxford__British_Shorthair_68.jpg,92adb4cc6ee1c58cee936be39ed030abc49b1b6146d8b02baa9744863625de52
British_Shorthair/oxford__British_Shorthair_70.jpg,f338f1b50d9d603749a00d227c6d5cd1732f776bac19df6f21de27d12f5dfd73
British_Shorthair/oxford__British_Shorthair_71.jpg,4bb3c8c9a5f6a2b38ee83f043a2fb9426c231d205c8ac3cb48dc4a8271131b15
British_Shorthair/oxford__British_Shorthair_72.jpg,8a623a43e69a2724fb0db07e2a5d7a2453741dc25caa45f8bd837b8f2af4bac9
British_Shorthair/oxford__British_Shorthair_74.jpg,2247a29ec781efd825be75fad03a33ac07b212f2bd8e61c4fa2d92f81d1cc8ae
British_Shorthair/oxford__British_Shorthair_75.jpg,295a5260f8a0193a1873a12d314ef2966a9b6bf8fd489be19e815903a5c2d296
British_Shorthair/oxford__British_Shorthair_77.jpg,1b6f626d80344786554db59ad1f7737c87797b2c4489777c12ccb4fa8336ce2c
British_Shorthair/oxford__British_Shorthair_78.jpg,dd092600b17bfd7a860a8db0b1c5f2dc73c2ace7b485b63937133b20c82e16db
British_Shorthair/oxford__British_Shorthair_79.jpg,579b9f69a4c59007e6dd99d1078240cd5851e101d1de68470f854e3fece3f65a
British_Shorthair/oxford__British_Shorthair_8.jpg,130cfa9133837b3d4df0b8b336a52dc300bb0e2aff1eb2f000662ec9b134b02b
British_Shorthair/oxford__British_Shorthair_82.jpg,f8bbce4632a29fd4ec72326f25ecefd1beeee1153055d9da9e794d887152cdf4
British_Shorthair/oxford__British_Shorthair_83.jpg,07f412bc31c5d29ff390e0d6c2a5f63890fcc827fa11a1f2a74816ee2e1e1ef3
British_Shorthair/oxford__British_Shorthair_84.jpg,aa29ee18c4cd297bdd0bf9b92fee20cbc6765c06b0c47d8b01b83df8b06b1b7b
British_Shorthair/oxford__British_Shorthair_85.jpg,889b4d70717d8f77e7e839b62f867ffb914d58fd66484d3808ef9ab008c813cf
British_Shorthair/oxford__British_Shorthair_86.jpg,5d889e1c2b9b50e9e99a57a29aae420b5e676fa22ec1b02a26866c12579f35bb
British_Shorthair/oxford__British_Shorthair_87.jpg,0ae632117d69cb6f1a9d785a619ca734f247fd78949e6a97212a4b5d68fc1753
British_Shorthair/oxford__British_Shorthair_88.jpg,0de4176365818619db206f19002c7a9d5218e9255e3c4260d839693029e0d263
British_Shorthair/oxford__British_Shorthair_89.jpg,7a5f52f546f014f0d0ec4345443bf9b89c41018fa89854f5995eab1ec7b8f27d
British_Shorthair/oxford__British_Shorthair_9.jpg,2e53cfd0fda1298d2c93e5ea223ad284e225d6f47fe2504ee617f45ac4d502f0
British_Shorthair/oxford__British_Shorthair_90.jpg,a7546de8722ef56c487a071a3261100871b5fd665b74a2f1aaa718098ad27e03
British_Shorthair/oxford__British_Shorthair_91.jpg,63af897a55441a877bec7bd12677b2a9227a621c59f3fcd0908777de2fd709ba
British_Shorthair/oxford__British_Shorthair_92.jpg,8f7f68c5377765979a70d46d804ae8d5e56763555a933b1648f70079c1faa475
British_Shorthair/oxford__British_Shorthair_93.jpg,d5a4b099af045e70622c51568490e3c0848b360af1930b364bd079f56dda9769
British_Shorthair/oxford__British_Shorthair_94.jpg,4897f81d460aa15de8a7963a1c537c8266380c2e0251c82106daae0292a77b10
British_Shorthair/oxford__British_Shorthair_95.jpg,c804bbacb0a8d6b27078e5d6502f314522e47294393e76d396e947d6c820682b
British_Shorthair/oxford__British_Shorthair_96.jpg,4a0670a2ed4fb709d8b70ce4a66294db2967fe456d7205c4689b7a91f80f07f0
British_Shorthair/oxford__British_Shorthair_97.jpg,37a133a5b3d127ac5cfdc76bf1e303669703a378b06461f8b8b5a5f8ff8ec702
British_Shorthair/oxford__British_Shorthair_98.jpg,0fbbde6cc4b282e3537649ce9e740fd85119a6539fbebf7cb180da4a19a99ba4
British_Shorthair/oxford__British_Shorthair_99.jpg,654d156b1bc85dfa5498885057eaf9efdd09985b1d9543ee1d51cba8a4a2cce0
Dalmatian/wikimedia__0000.jpg,1630fb1e98c96129ffa23e7611c97d7cd6366b12d5e5ba5eaa2dee7046594a40
Dalmatian/wikimedia__0001.jpg,f1689f1cd881473882fc253c2b63ebe381a2f4c263baadc986289843fd749e56
Dalmatian/wikimedia__0002.jpg,0c8fd0da2b025424c9db007161e7455963afc542f717f7345a1b0354771f793d
Dalmatian/wikimedia__0003.jpg,cfb36cae51ea43fdf3e57523d93abc759bd851be778d9555d87e10ca9de6fc24
Dalmatian/wikimedia__0004.JPG,8eab081c52c3beab22565bd24cc9919401c7094277d1e5c28e23041c73419ebb
Dalmatian/wikimedia__0005.jpg,d93090e0893e85f59b8c3aa53d471d874b809a52f53190873a848d1c458ad8d6
Dalmatian/wikimedia__0006.JPG,3409fcf681925588f4cfd5b4aebbe978e521b02a5918c17a5b26028027176014
Dalmatian/wikimedia__0007.jpg,4ce02bee2308d11d566a1e6a08c6b3a44c3dee097de88ded58177ef07261b6bf
Dalmatian/wikimedia__0008.jpg,884d155fb870a396d99928b1ebfdc9f9af5e0effd09a2205063e945a0d2d2125
Dalmatian/wikimedia__0009.jpg,3c9c20ec1a5bff527b692790bb03ab1b0b0a622daef28734f22901799e1f8118
Dalmatian/wikimedia__0010.jpg,f2469d2991bf7c88f46e7eb657e9457453c91b54b3f185a5b689e969f0fdfe5c
Dalmatian/wikimedia__0011.jpg,8d7d44fb0831b263893ef1ff3a7f24226321f5f78966fd8e9b4a90eb8816dcf5
Dalmatian/wikimedia__0012.jpg,71ce8b676cb7a27689fe5e4c8f11031fa4e01015a268450c8beddee95889111f
Dalmatian/wikimedia__0013.png,7fd7243debd2ce2aa74756e96cbfe589012d09e24a6f534b7f0beebfa0a75df5
Dalmatian/wikimedia__0014.JPG,23e2796a7772dff267dd1e49bc06760df627ef7cf327db1ff48cead4c827757a
Dalmatian/wikimedia__0015.JPG,20f819c40090858bc9f678d50a9bb54c944aaeee2e41a4a60d9fc681f9c1e825
Dalmatian/wikimedia__0016.JPG,13bfc33ec5026afb2d2d9199f1ed963550fee2ee18028cf1c18147fd5c902731
Dalmatian/wikimedia__0017.JPG,8a9824b09ee451854f0711ffb5854780db7ce57618a8f2d0c9a4e612c7876708
Dalmatian/wikimedia__0018.JPG,2643b041d0f685d4ef026a97f64053b19420f6c1803724cad82ded2ab1c11204
Dalmatian/wikimedia__0019.JPG,0aaa9f47247ce3dd2ad6646ed4d39e8f2170c7859c4b28e5e7251de25dac1689
Dalmatian/wikimedia__0020.JPG,a63e813f52ec3b0d4ed6b1a5905f08a1251cfef9a11dfd3c20f0dbf744dedea8
Dalmatian/wikimedia__0021.JPG,c12336acf4b1f18e7282ede1d9b7a8768b14ce5d6c35af244d7c072cf7f591de
Dalmatian/wikimedia__0022.JPG,f78ed07e1f1f9128e65ac88d3fe6f879b8ed6e6d41fe3547501c1c9d5a7dac48
Dalmatian/wikimedia__0023.JPG,efb9f0e621d380dca79ab4c4a964261464108b391291becbc2811b8c5df98e29
Dalmatian/wikimedia__0024.JPG,2d3ce7b3fb206c44b4c199a3af552b96e143bf6230b426933d168cc512166376
Dalmatian/wikimedia__0025.png,1a7e00e474719e427ad7c7dd3e6f6a8125d011c42b08b7ac704e93742d074d31
Dalmatian/wikimedia__0026.jpg,d124af1d980053eb475e9fbaa953b38b561b3c8807377979462014e7cb17cc64
Dalmatian/wikimedia__0027.jpg,8f56525184e2143846b87927a7fa760d292911d9ac521bb5e9ea52ef7665812d
Dalmatian/wikimedia__0028.jpg,c9270cc8d179219fec0d3a2fbb79ded713f8ff8d010166e5cf6c7eb241e55309
Dalmatian/wikimedia__0029.jpg,19ff8444c62b0318c250f352066020e359326a2e460f6f8d8a75f3b9460348ad
Dalmatian/wikimedia__0030.jpg,d8d46974b86d114bfd81f1aedfcf21f292135e7542453d12498426f7cacc092c
Dalmatian/wikimedia__0031.jpg,183f8f54448fd6d2f112c3a5f51b740a2058877d1c1bbe06f62cc382fd532a1a
Dalmatian/wikimedia__0032.jpg,d028cb175f197c948bb7aaef2f2820d38c70bd339a47a5a208dcf9138f9846aa
Dalmatian/wikimedia__0033.jpg,53a261a43e73081f648ddc18828a8083819c1a88fe4a4d42cdb59b6396ef59c5
Dalmatian/wikimedia__0034.jpg,fe88de702a473b1464f9145eef623d78c55cc56b8381b1544f5b80a7dbc39b3d
Dalmatian/wikimedia__0035.jpg,66db3c2017859d4415dc62b5cbe0610ae56b83d515be2a5611b66bd06f6b6152
Dalmatian/wikimedia__0036.jpg,d50343a8877d81897b627b91ae112742684ad9ed0b7ba7d5d6c83f55cc7fc3f9
Dalmatian/wikimedia__0037.jpg,3a8551699ce8b2e7e0eb43044df9acbf91fda81104e3f48e4c76ab314e098034
Dalmatian/wikimedia__0038.jpg,410b3c4c4e68e2cc57d257a215673b2f3945322f5fc7faafc055efe5e51f8133
Dalmatian/wikimedia__0039.jpg,cdf8a6dfb6895ad5bd2aec13a67f5dae9e76ce7766b714d4829fd8012979cf1c
Dalmatian/wikimedia__0040.jpg,e1710d55e86904a03d321f8a4f2b0e884f67366a543ede8f51036951e7d1fddc
Dalmatian/wikimedia__0041.jpg,81c6080adb338d56086cb7b684823204ebac4bfb8aff8054dfda894b2a251f4b
Dalmatian/wikimedia__0042.jpg,c52be9835fb0d815fe092296836c053c099f99e2c3221048aee0855e9e9c1b72
Dalmatian/wikimedia__0043.jpg,bd85efce455b3b0605f02a72e73c46ef195fbb56972d4984cd5081c389f5ddf1
Dalmatian/wikimedia__0044.jpg,45090c811c71bea36aeed7b0f1772ee78e43eb8998382e8f51b20aace0327416
Dalmatian/wikimedia__0045.jpg,8930b019381c9c5b207b534ba225c357adaa44e67ae7770dbf75e251d33a070d
Dalmatian/wikimedia__0046.jpg,e119d3078251df4fff003970cd743c979f5ec9bc6d7c76444f4756603aa84f6e
Dalmatian/wikimedia__0047.jpg,474b347b8355bd2bd330e73bacb2473a72e061219b429b373fbaa35f6d772a9d
Dalmatian/wikimedia__0048.JPG,58a45a88de5d877872d15f3e947f7acfc57cc875933ba760cdfbaa870dda1fbb
Dalmatian/wikimedia__0049.JPG,dfca64f9a1c0025a31ac9c5b7f5d64046ebee70c1332f453bae72019267a3c7d
Dalmatian/wikimedia__0050.png,1544338209161171bc449574f0149d3deafe0eaab2f182e154308f30661e1d9d
Dalmatian/wikimedia__0051.jpg,58e2b3659eb9e8c293d96b7b456b45df41812ec13129a057648fd5ffc6ee3b3f
Dalmatian/wikimedia__0052.jpg,f4bccd25b852e609365d7a82614b2db4f0a6cae2975467707c455d4ea47ff257
Dalmatian/wikimedia__0053.jpg,2b57ab76ffde0876493e81da558fa1a4b3acf7e3fc82b5596ffa4d15392e62d8
Dalmatian/wikimedia__0054.jpg,c175959b6929ed78eb21800ea1b04c5d83e35ce8bd5d143edbc21ecc74a34200
Dalmatian/wikimedia__0055.jpg,bbfaa14403d1dfdf871f3f81ecab4b7a0cf3841cf24a411f1e742e699a1319fb
Dalmatian/wikimedia__0056.jpg,e60b83fe1a6b8fc005e96736fe628b8d1435857d37e18e7f38de458771558961
Dalmatian/wikimedia__0057.jpg,ae54d8e9875f48f874c5cc0866d563d747074077d1837a40a11ce66f5ee3960c
Dalmatian/wikimedia__0058.jpg,980bbfc290e1b913b0c8594d9ea271421b214cff041ae9d13031dc9cac98d149
Dalmatian/wikimedia__0059.jpg,6848dad3535675b9703b1bd0a3c916eb1a8d4ee01beae22583a3b8c6efb2e8a9
Dalmatian/wikimedia__0060.jpg,b2ae3637790257a549054aab3a4fcb86d5afdcf3617d23e43643fe21908c2f1d
Dalmatian/wikimedia__0061.jpg,8ee55f2178a701aa5cf079bb84ca64103ce239ce79c0f3198dbe93b6134347c8
Dalmatian/wikimedia__0062.jpg,58ac33fa3bea176848e4f2dc9887d81640aec946b91418115e5e9f863f79782e
Dalmatian/wikimedia__0063.jpg,ea9ffd5d129445dc6db4820ee0960e425f9dfc32ef489ca62698a7ab78bd5c0f
Dalmatian/wikimedia__0064.jpeg,8e13f279228e2d0cabf7c434110715a82ab110a3a197573303c2f74ea5ab0e30
Dalmatian/wikimedia__0065.jpg,2b7242db85871fdde4685f00ba2eb3eea86487efdbcfd5b7ae3ccb2f073e7f39
Dalmatian/wikimedia__0066.jpg,b418639607055a104478740a60b617f11660ae303847ed99366f1bd95ad214d2
Dalmatian/wikimedia__0067.jpg,6397f17d686be838573b356a3da856e4ed6f275e530b58ad8d307cf2a7f70cc9
Dalmatian/wikimedia__0068.jpg,c3cc83d104f7d4bca2ec2ea40e9d10d8092648c8e78366e16fa0a604b31f6004
Dalmatian/wikimedia__0069.jpg,e3355ca47dc4cf2e6482d0ea8aa4a14d293f61a780b76fe97152c3766cadd522
Dalmatian/wikimedia__0070.JPG,a4354f7351e145e49f056a42b1837f04b71303016486c19bd8e8acc63175c4ee
Dalmatian/wikimedia__0071.png,5a00076fa2cc9a4f43bfad415ac78c00fdc4e56cadbfff5848a32ca6009057b5
Dalmatian/wikimedia__0072.jpg,ee854f2021637850c0b27c858df5173175ab8bd4b03cfb86838243dd0292d5ea
Dalmatian/wikimedia__0073.jpg,ca0dfed9b03de559696d76bd8527c5ed90f4e1c3ff0d6590223621d7fbd0eb31
Dalmatian/wikimedia__0074.jpg,961dc4b08e9ef09e1bc23b612ca8144d5975d5321dde1aa7cbfbaae2153236f2
Dalmatian/wikimedia__0075.JPG,16eed380f83f481dfa7bef6ac781dee845b6f8a24341017ce4fdf4abd1e6b9eb
Dalmatian/wikimedia__0076.jpg,ab872a9384ad6907a48261ff3e58ade4db1a01b203ac3006a5f3270aebf82155
Dalmatian/wikimedia__0077.JPG,21fa18dd5cd821d95ca3d713e43fe97eb7d97caf221cff826233eab58484edcd
Dalmatian/wikimedia__0078.jpg,9e86aca3acdbc262f0d9a12b800c677c5f3decffd6b93cf215a1d0dbddc1d20b
Dalmatian/wikimedia__0079.jpg,bf51991603feba46a9ca1fdebfc0a151e46f388e8d1daf59cbda15084b2050f2
Dalmatian/wikimedia__0080.jpg,05312f121b44694c2954690e29853b1dfa54ce7f7fb19bc5622b3e4c846ff8f7
Dalmatian/wikimedia__0081.jpg,e502d8273476fa19e7846581c907471325990d7838a28a6492e095e49010370e
Dalmatian/wikimedia__0082.jpg,5131b1531d78c7352bbcd544907e36e7d0d098f08a7e37b720bcfff2d0116702
Dalmatian/wikimedia__0083.JPG,a80796fc9ef130c17d8e49eb5bd90547de91bfb7e0927bb3328673252800b41c
Dalmatian/wikimedia__0084.JPG,e5ab9c071f75de3cb9c23ef9e583f6e41a813a67176240c21e937f3e098c2679
Dalmatian/wikimedia__0085.jpg,9b875cd5766ebea739295ea273aa83da682395f1c1b72bc88cc1ff6d9f339a53
Dalmatian/wikimedia__0086.jpg,196e6c835de730cba0662e671ec365b9b315b7c7bb936c489aa4ede30bc76982
Dalmatian/wikimedia__0087.jpg,91adf67e2d2519cbb31808ea84e28e9f23ed52e22a9a5e8a50c5f3540c16d5b0
Dalmatian/wikimedia__0088.JPG,928b878d8930ad71068069174a16f000cac5c4ff560dd0840201ae8a70c453cb
Dalmatian/wikimedia__0089.JPG,40908c50bc268ab852aa06a8bae21bb910376e492054a3c45a1fce8d77809669
Dalmatian/wikimedia__0090.JPG,0f0752fc44ce86a5bc64f107f7cd7484eed121ca5850094cabeddb0a6ed27878
Dalmatian/wikimedia__0091.jpg,b96d7ef748f532990e2fb8d2cbf5f905359f1f3bc1a336ef71d408a2e71e8f86
Dalmatian/wikimedia__0092.JPG,c3104a8e0e59a243edc2e799c7ed46f789c009a101f2d5e468dba5a111d53e3e
Dalmatian/wikimedia__0093.jpg,2895db6b7dc8be816a7d372618d75f5614ffbf7314ed0ceefedc747f1b7ece14
Dalmatian/wikimedia__0094.JPG,63a1aa34e5f8141d4774518d5b259f999aa27780d1776b3b499dd13754b7f6ad
Dalmatian/wikimedia__0095.jpg,71c1f38565bde20ceafba363c5cf402637a6d4d00f86e25ebbbd3b316a12a59c
Dalmatian/wikimedia__0096.jpg,de487f784c1caa29e9d5d6599c52fcab3526f9deb659d07549a9699ba2cbd08e
Dalmatian/wikimedia__0097.jpg,10cf8ed8097737e4e644f627c838b8442a3652c950f3fc79e6e9a151548cebb2
Dalmatian/wikimedia__0098.jpg,e2e47dd63e9f779ad4e796912789773f1266bfeace434790dce0cc935ce59a9c
Dalmatian/wikimedia__0099.jpg,58ff416a2d6d6ea35da0c67c3bb369c14f438f3cf631f77de7e7ea2bc0db43a2
Dalmatian/wikimedia__0100.jpg,676ae0f81cd22657bfb98f4480e124066505a632d6f4a077b15a5bcf3b5c481a
Dalmatian/wikimedia__0101.jpg,c15f6365c57ffe1c0f27496caec206a6ca6f7da21ff1be6879fa440d4c01d36b
Dalmatian/wikimedia__0102.JPG,f07a9173176d41ef55167ac84edd330004b358160aa25820eb2401c83f147cfa
Dalmatian/wikimedia__0103.JPG,7269fc258c159e05915fdc95ca6ac612ab27938c1a732d7578ad062635fd1b4d
Dalmatian/wikimedia__0104.jpg,2284b15b9c7209ab2b05660c3a41ce4cb92037dac712309b94a739ed873dc316
Dalmatian/wikimedia__0105.jpg,619e20adfc7005adea85f85cfa82f32af9604ccd1eded4895733036c72437d6c
Dalmatian/wikimedia__0106.JPG,c37d750aec73b23308b426446eb5dae4059a53dc05de20358de1a22f8bf9514d
Dalmatian/wikimedia__0107.jpg,9a7aac85b528b82ef4af5c506901206e969b36615d28ee4e6a67d34de7cbed33
Dalmatian/wikimedia__0108.jpg,1a9d6a491345251658888d824575904dd8af99d339b89223772348f971d19e0b
Dalmatian/wikimedia__0109.jpg,5b92a25f6702b215165b13e3533223203311f63497a40274c53968806c967ca5
Dalmatian/wikimedia__0110.jpg,b8fa76215b634e331cc52cee8c055f9c64f8611b74bfbc1202f856bb15d6684a
Dalmatian/wikimedia__0111.jpg,dafc69d45ae8e1bcd995119bd00e3af07bfb742d698038544aaa23dc6f87aa32
Dalmatian/wikimedia__0112.jpg,6d556a3bb2a55a8dda451fa961e4abcd9b241ab544a4d4bc801ce208293d549e
Dalmatian/wikimedia__0113.jpg,019ff5df6eb3b2ca32ed6b3566e7db38b823585792bc96a484be86db0ea28755
Dalmatian/wikimedia__0114.jpg,08ac3d35fdee4cbcd91241932f0eabdbc3b61b70b5b3938930fa5e4fc9a050f9
Dalmatian/wikimedia__0115.jpg,9aef631da006bf6f154a2723e3eb49f1e49ce275ccff8eebfa1c0dfc06be7e67
Dalmatian/wikimedia__0116.jpg,62d92cd707d555fd6d63a776644cb0487b7cd792848886291d6b3c76efe6cf01
Dalmatian/wikimedia__0117.JPG,d99b7e163fdcd9fb514fd10cc7a5dfa1cb5e078d2ff88563f29809e8d67a080e
Dalmatian/wikimedia__0118.JPG,8a585b1d91c68c994de082a45ccea33f50626e27a888d1f97731b9fcba12606f
Dalmatian/wikimedia__0119.JPG,4eca01dc0fd549ae4b46a9cf1c274a8d9ed56e0d9dcc9bbd6b5e8744c7f2f01b
Dalmatian/wikimedia__0120.jpg,d2c7de088bbf7899c920384437175e8de4328ce4ee2241970b2d68aea59e344d
Dalmatian/wikimedia__0121.jpg,f8430193a0257669233b4db3c13a64b8b0760f47b2181bf995bf20db208286e1
Dalmatian/wikimedia__0122.jpg,4ed9dd509ef2d16b366ba3765b6f5c6aabd46ee1dc0bf7e431a1e146dcdbe8af
Dalmatian/wikimedia__0123.jpg,ed27f2e01b51fafe42e8933d4de41f2a045c54cafce241052e1f4b818033c37a
Dalmatian/wikimedia__0124.jpg,31fcaf45719a0d310759154ff205821e1bf4efb6ef17b8e563bf0f223a318fbf
Dalmatian/wikimedia__0125.jpeg,06bae1de59f1f3829948826452f664a5627b6d31e137e1a958d758dba366c109
Dalmatian/wikimedia__0126.jpg,282395f23f266de88f87dfaa3875f463601e2ba17af5858299f8672891f7ccb7
Dalmatian/wikimedia__0127.jpg,b1679709c0b657042377791f6633a6970e7aaee0829c8704aab9be0f67cad00a
Dalmatian/wikimedia__0128.jpg,0b2dd717d67b606e63d602995d057596fc5f763a075ef9596bf0e60e0577914f
Dalmatian/wikimedia__0129.jpg,8842896d73c72819a8fe2628ac917df18e71d3e8d6ad806801a2889a48a2ef53
Dalmatian/wikimedia__0130.jpg,270f2a427ade28a466e78cefc41f7567e30d2a83714ca17c5ebf3d0a5639da4d
Dalmatian/wikimedia__0131.jpg,c4200e8344440f7b338c0d6f825d1f047c026aa2e9189705e68a90d25837adba
Dalmatian/wikimedia__0132.jpg,0cc2779707c6273f9a7bbfefc1ea632ab60e850012d541a70f464440e4947340
Dalmatian/wikimedia__0133.jpg,6a644548e17d121893e86c44a8b40d52d21e1ff47b00538475d0ab37fe5b6055
Dalmatian/wikimedia__0134.JPG,205858358bf5c02b71fac07208c006506d2427b9d0a6861c12b50b2a8ee65e09
Dalmatian/wikimedia__0135.jpg,e450273900e98ba167fe0784b61c2f2b0be026ac456559e9ed82b39336cc4191
Dalmatian/wikimedia__0136.jpg,5a515d6bc878cf525b980c8f39d6cdc51af61c9d1b1bae5c78e73f0fe42d0a5f
Dalmatian/wikimedia__0137.jpg,58f25148d3c0b11c9001101ab53b5c8dfa4a5ec3e03d5fad2fd4007c37820fd3
Dalmatian/wikimedia__0138.JPG,fd0a5a3b0ad1bcc9b836b0709182a9c74fa8693af8e3936d35c32d3ad7027382
Dalmatian/wikimedia__0139.jpg,6da9f1bde383f7410201976069b66f6ce0b672b6a090da1bdf028757d2689e30
Dalmatian/wikimedia__0140.jpg,a008deae1c886570e0055f6351c7d4524434c3b55ab256d6fec990c35d2efb8b
Dalmatian/wikimedia__0141.jpg,525c925e51b6054703eab6c92dfc90dae2e109cc77f832cf33c716a273676cdb
Dalmatian/wikimedia__0142.jpg,341672cb9b6581a379cfed490f49daa82d44e38dafc978b983ced1d48eed69e0
Dalmatian/wikimedia__0143.jpg,21447519196ef60f456dba078edea87b932e5948a6133f56a42bee2e303cd8ae
Dalmatian/wikimedia__0144.jpg,492db46900b3ef1dbe0bca215ebfb521da64046faa70d69dd483e1770e28ea01
Dalmatian/wikimedia__0145.jpg,569b485dd60fd75309315f7f4acec34418567bc548275df1bc61e3936d30ce32
Dalmatian/wikimedia__0146.jpg,2338eea863028d6c2e9f541a5cafdf15767a13fde1e8015a5d5a888be83bf870
Dalmatian/wikimedia__0147.jpg,66f55f7d40f8e77b1911dc86e714a847f17634fc26328bb70b68379766e80b77
Dalmatian/wikimedia__0148.jpg,4648f28c3ed8b37db32ec2834b54df173ee2c3edfe1cc8cc11ce03fbfa8ed8b3
Dalmatian/wikimedia__0149.jpg,aeccf8e1a0e05ba4d5078dd63c69c9aea234c9d88ed5d856bf09bc6b93f60736
Dalmatian/wikimedia__0150.JPG,92e214039c21738023553c305717a371580a600b4f131089731dcbf80a26d05a
Dalmatian/wikimedia__0151.jpg,a5b75d759707f807326f2c8b3540cdf640bb879d9336a97afa86e7f0b2605604
Dalmatian/wikimedia__0152.jpg,3a7337949a9c77d9dfdabc4db5bbe450f84fb2a78252fdf90a790e99ecb0cce6
Dalmatian/wikimedia__0153.jpg,02eeea182f55aa0b7952e7aead5e7904fb35b7fc0ac83ef96907a079115c1657
Dalmatian/wikimedia__0154.jpg,216c34204b9e729f803cb258d29111ed3a8791bedce709883148c4e4a4303790
Dalmatian/wikimedia__0155.JPG,c1e2ec7c011b8055fa375aaa06262b64407de31fa272483b256ccf1ad0030900
Dalmatian/wikimedia__0156.jpg,12e704d4c6b91cdfddb12c02a6daf5784a28925f10cec01ed2911251eb41577b
Dalmatian/wikimedia__0157.jpg,bd35014f4a726f87e6f96dcc4b9b03d1c7cceeedc93456d244c5ae4fa89f0f6b
Dalmatian/wikimedia__0158.jpg,462bb8e3deb4cb98f3231a94cb6b8af5bb92a819b1fd2054c4bbffa3d04d3b2e
Dalmatian/wikimedia__0159.jpg,50d8d2e69b7365eb119aac7740b52d354db86b8bb48924fd6c006deda7737f3c
Dalmatian/wikimedia__0160.jpg,9cec56b820488184abf4fbc47b178b1569f3854897053d4548f7a82dbb2de930
Dalmatian/wikimedia__0161.jpeg,7669cec6d59a2f5bc31c5c275ac3f516c638a4f35e9bd6b830e0890cc2ded0c7
Dalmatian/wikimedia__0162.JPG,3571d9eafe933500c57c7e53040ae6005ef93705434de11313d25d05bba0f3de
Dalmatian/wikimedia__0163.jpg,82f85d878b408b13cab9727ffab22982a763cf28af7d19df65cbe8456e7277ff
Dalmatian/wikimedia__0164.jpg,bbd4654d2b49c5a5de8fa26aea6e8fd51b8f9e6ca54115d42b5f3a2947183cb0
Dalmatian/wikimedia__0165.JPG,f05bb4a7f591cca008db83563fab94c457666997dff010ded8fed8fe5266a32b
Dalmatian/wikimedia__0166.JPG,46264494eedfb9cc4fe3360a7fa9ee3aa15816ec9e7b360cc44f04d922c6681d
Dalmatian/wikimedia__0167.jpg,ae16ecf5766efa034ff2708c8a6c7c690373678a8854f51732666a1c701889cf
Dalmatian/wikimedia__0168.jpg,a8e5cbb92fd6d586915021161a278dbae9e3656b75eb7e5f396ad5a15d96be8a
Dalmatian/wikimedia__0169.jpg,3f832982267681dfd19f1c115da977f16d041e41052f8f3535f6a330e06d87c8
Dalmatian/wikimedia__0170.jpg,a61eb7b23d9db8e3f70de9a8394bafc8118f1acc779674650febd62e1de53913
Dalmatian/wikimedia__0171.jpg,e2808b362d119b14760e8d9c89d138d5d8241948c2c02c1e7ec013fabe3b5e7c
Dalmatian/wikimedia__0172.jpg,1f90be547a7aca256f2f8388300cc1573b505896771e406d1d08d1d48e0e9b48
Dalmatian/wikimedia__0173.jpg,8a168fbc36a8bd34692f7c98ff3eb60b50f76970ae4a6ba2b3bf22e2446a53a0
Dalmatian/wikimedia__0174.jpg,1c68cf9411c74dff0c4c31dfe830aae3d2ef7624feb739223408a157d9bd50fb
Dalmatian/wikimedia__0175.jpg,c09ec04192876370e5180b460ee9a31ca5236d2249c95cbcd4422d45244488a2
Dalmatian/wikimedia__0176.jpg,0e3dafb14c7401c82d0483a3c5396a3f0797ec04b27d38ce8673d4fe5eb6f1e7
Dalmatian/wikimedia__0177.jpg,7355b0744b836c9de1e685076092adb78148c729444cdfa138489ca0ac12a013
Dalmatian/wikimedia__0178.jpg,b767ee58e038aeb5fe12d3e212605426e51647616ea25663278e143a7247fd1a
Dalmatian/wikimedia__0179.jpg,f7150f93cbffc38e70a3eb8788435ccd92caf9b376666dd167f11be08aaf23af
Dalmatian/wikimedia__0180.jpg,127c3c22e5a16e1639ebd8b2d863f508d852cb2b890e00168ce14c55d97eae15
Dalmatian/wikimedia__0181.jpg,10f521f434366de07aedc1d6db6d5d99abd3ffd1d590d12984eb9dc48aec6482
Dalmatian/wikimedia__0182.jpg,8e0c0d2dcc57d0f54614347ee4083992f37087d96d6c940cecf7c1ddec910cb2
Dalmatian/wikimedia__0183.jpg,ae3d88826b7c3a22cbf68e996e0700df86f67b30923f20f04d6542f12a19fc87
Dalmatian/wikimedia__0184.JPG,302a6c59efe21dad5f23ca0e8f046cd8d7ee5432f162dfef6204ca070d426f73
Dalmatian/wikimedia__0185.jpg,a96ea8e93cec5ad518ac0a79280b0c0e1d07321dd5440f652252be78a8ec5118
German_Shepherd/stanford__n02106662-German_shepherd__n02106662_10122.jpg,3779f7cd088993a2b31f0c509ce5aa2a64205791aec1826d9395eb8c0b9a012a
German_Shepherd/stanford__n02106662-German_shepherd__n02106662_10338.jpg,a56951046dbe1e6d578c5cdd3477ae03567c857dc06c7b0241bc48fa3a949729
German_Shepherd/stanford__n02106662-German_shepherd__n02106662_104.jpg,93600dc5da33525e6a059bb1dc8ed35b9da4db21796d1a007b22935cffcc2254
German_Shepherd/stanford__n02106662-German_shepherd__n02106662_10490.jpg,9af2eb38534711107c02897df72b114be48911897126eece19180190ac6871eb
German_Shepherd/stanford__n02106662-German_shepherd__n02106662_10552.jpg,63045691c2404750ddbded7d40be42656c7ab47bf1dc77765aa6afde50a69e54
German_Shepherd/stanford__n02106662-German_shepherd__n02106662_10676.jpg,357cf4a1bf2405b7a8d6866c49616a20f386df419988711e6a037849b8e5aacf
German_Shepherd/stanford__n02106662-German_shepherd__n02106662_10715.jpg,b50651d8edc861a3c2dd4747e99f2710a9f37d6d3fc9858908743a18700bcaba
German_Shepherd/stanford__n02106662-German_shepherd__n02106662_10858.jpg,84ccf3a40fef42cfc3db3e50abaf3d5465647e6096bc14139c5f170ab9862fda
German_Shepherd/stanford__n02106662-German_shepherd__n02106662_1094.jpg,4afa1e062d75729031155a2612e1d65381e0e456ec6705cac7d7a0807b0e956d
German_Shepherd/stanford__n02106662-German_shepherd__n02106662_11620.jpg,8bf51972d6e37302bbcfea6d57d1984d3ec902fb154e515e112b3cb12077d6d1
German_Shepherd/stanford__n02106662-German_shepherd__n02106662_11808.jpg,bb8ae26eb1fe78b756c197cdefa46c121e1b683e654ba5747ac8aa76f496b993
German_Shepherd/stanford__n02106662-German_shepherd__n02106662_12028.jpg,e9b66b196d48d34231ba8d892ec3c0dc9e622a8ccad23979119ef1c3db67de0b
German_Shepherd/stanford__n02106662-German_shepherd__n02106662_12116.jpg,2738059ad2a994475075e757a7b0305691983c89add2db99b8b18b5d97bb1265
German_Shepherd/stanford__n02106662-German_shepherd__n02106662_12906.jpg,a7793b9557239d50dc7f430460eff305bf25ab153153a35c83387880cc67f52a
German_Shepherd/stanford__n02106662-German_shepherd__n02106662_12969.jpg,264e39d522b18e1336e0583dc9c0cdf036777cc0fc580f2c115e124ea8150172
German_Shepherd/stanford__n02106662-German_shepherd__n02106662_13050.jpg,612d0acdbafa2281469f4ea0573c133888fe6a2cfe9e39d19d44b78ce311ccb9
German_Shepherd/stanford__n02106662-German_shepherd__n02106662_13123.jpg,15b59c89c2601fe562cd9ebcb96f27a987cab10fffd6c2720179f8c6d04a9b9f
German_Shepherd/stanford__n02106662-German_shepherd__n02106662_13178.jpg,4d4934027093b8afcb30f668fd5ab43edb474a6658dc1f30b2ed7daadd208823
German_Shepherd/stanford__n02106662-German_shepherd__n02106662_13368.jpg,ab3467cf4bc55740eb7c4dd0ea6af3409480a153d9356807c135df3ac283e077
German_Shepherd/stanford__n02106662-German_shepherd__n02106662_13380.jpg,ffb9939a94d0fff331a78f695cb4056d0efb307ba968a264c883ec9b7f54c334
German_Shepherd/stanford__n02106662-German_shepherd__n02106662_13599.jpg,193cb3184f1309e216c2554afe449d5f758292b2b9fe35955f3e9cf4357ef221
German_Shepherd/stanford__n02106662-German_shepherd__n02106662_13904.jpg,126a375a84d7f40922281b666c17dd0b4cdae63456079ab91785f98188112e5d
German_Shepherd/stanford__n02106662-German_shepherd__n02106662_13912.jpg,820718023acce5298f92281561b23c43b6adaa92d687f53b164d7e78cd86601f
German_Shepherd/stanford__n02106662-German_shepherd__n02106662_14247.jpg,f994caf8c154649977bf2f71cb8b9d0d68dc36f9f242cb921faa8752812f61ff
German_Shepherd/stanford__n02106662-German_shepherd__n02106662_1451.jpg,392968f465451f990cad61896736278318d93ca6b3cf84f1fd9d7698b1e93216
German_Shepherd/stanford__n02106662-German_shepherd__n02106662_146.jpg,330065e6a4c1bb5091a81a3ed7eeb32f92fa0a6c3040a1a86e32e343d14adf61
German_Shepherd/stanford__n02106662-German_shepherd__n02106662_14842.jpg,62308fac6a690c109a284f11da03fde62223563dbb00c52485f68f5ddb8da497
German_Shepherd/stanford__n02106662-German_shepherd__n02106662_14930.jpg,89a252117e0cbf32266262897fcda07cf291f7b6674ae80d3e967b017315e1f9
German_Shepherd/stanford__n02106662-German_shepherd__n02106662_15107.jpg,c25e1779ad9d311f93156216ae5473351fe3714b448daafd8440f0e964edfb98
German_Shepherd/stanford__n02106662-German_shepherd__n02106662_15398.jpg,b03c12432f3677952d335924ed08eafcf06817233ab13b554b759c99a5f4ff54
German_Shepherd/stanford__n02106662-German_shepherd__n02106662_15429.jpg,3227f3ca69de98a50b5409da7473d8ad04d1161a974dbf64cf07785e296206fd
German_Shepherd/stanford__n02106662-German_shepherd__n02106662_15647.jpg,96ef15737d135913162bca115dc587bde6605266cdcd6d2e0b1a35a1a512b193
German_Shepherd/stanford__n02106662-German_shepherd__n02106662_15666.jpg,df782467c0d22d07b1f5fc6e00ab93b9f75fc934c4e24a1e8b2e468c84b5bacb
German_Shepherd/stanford__n02106662-German_shepherd__n02106662_15813.jpg,68ca8b3ea70527e3656944e986f1cfdac0753cc3371a23fd2f1e2fc9a084141c
German_Shepherd/stanford__n02106662-German_shepherd__n02106662_15858.jpg,f7c7c6c07624035cd262a483dc0a6612e42162968c37ccfec0f504a0cb3afb77
German_Shepherd/stanford__n02106662-German_shepherd__n02106662_16014.jpg,926a7bf5c1f984a739e4f172c3d1cf2015f5f797b512626cccf2f86a72ee318f
German_Shepherd/stanford__n02106662-German_shepherd__n02106662_16129.jpg,8e55dabec4a2fc707d4f10f2d33e0dcff18a299d38b1d15d5d845ec6ea61dbac
German_Shepherd/stanford__n02106662-German_shepherd__n02106662_16149.jpg,a80007311aa4dafd02a290d5b49b3a3c6e76b054e4c7843ce5b1f5a70194d11b
German_Shepherd/stanford__n02106662-German_shepherd__n02106662_16163.jpg,6185855a21ca63cba6f6da6fdfaaf80cbf9b7782ebe48cca8dd4aeb7b34fbaed
German_Shepherd/stanford__n02106662-German_shepherd__n02106662_16342.jpg,21aedb4b0e8495ac398ee820034872eb7a730d7b02eeacd7fd52ce56db950ef0
German_Shepherd/stanford__n02106662-German_shepherd__n02106662_1637.jpg,78f6c34fec98cfc96b43492ea4957e3dd21f3534206135d93369a38a14e0dad4
German_Shepherd/stanford__n02106662-German_shepherd__n02106662_16418.jpg,95e242b367c1f9b823596248d884ba95e8182f8219d281aea1b0c786b748c6cb
German_Shepherd/stanford__n02106662-German_shepherd__n02106662_16817.jpg,75566562f952c29cd31a488f1747c8a3d279fa3722d2425b6d4d4c8c22e744e0
German_Shepherd/stanford__n02106662-German_shepherd__n02106662_16891.jpg,3cb82950b4163564551ec93dfd24283da98defe3c792099df3c4e29dcb0fbb6e
German_Shepherd/stanford__n02106662-German_shepherd__n02106662_17240.jpg,d64aa573e71fa36011bbf47d6d27b4568855063bb518018fb04e8273bd2159b2
German_Shepherd/stanford__n02106662-German_shepherd__n02106662_17446.jpg,0c95b5a1a73521f2423fe8836c88f75c1718612c7b14b2ba07485cb1b03de16c
German_Shepherd/stanford__n02106662-German_shepherd__n02106662_17449.jpg,92c34753dd592e8acb5bb70151b0b99d3034be96f954d0b304dd4dd4aa85065d
German_Shepherd/stanford__n02106662-German_shepherd__n02106662_18065.jpg,813c176589a9fc5a304b2567d99bbaaa1ac6309b0fbd0aeebc168e4c11b69faf
German_Shepherd/stanford__n02106662-German_shepherd__n02106662_18113.jpg,1d18be50981205e78ccdcaee6cbd7bc12942aabe03b333bd154b64bc29e6fd8e
German_Shepherd/stanford__n02106662-German_shepherd__n02106662_1812.jpg,c0b7f9e5e3ae25c3564d0c34df7f55e28150451dc8865e50166ab08b2dc0b938
German_Shepherd/stanford__n02106662-German_shepherd__n02106662_18268.jpg,cf509ab68f7ccab6e946d5135f7ce7b9dfafc658490e6f373fa9dad17e22abd4
German_Shepherd/stanford__n02106662-German_shepherd__n02106662_18405.jpg,5895faae4440b2bfd63f11d37a3e77e494cba7aeda2c4c33e136de961e438d99
German_Shepherd/stanford__n02106662-German_shepherd__n02106662_1841.jpg,21bab598a0c2b131a68a486d7317a54636c437585330add96d4fb93c66fa382a
German_Shepherd/stanford__n02106662-German_shepherd__n02106662_18922.jpg,fcf162d29f7eb6405e3fa0792378cfc862081d8809df618fa4b844338db8803b
German_Shepherd/stanford__n02106662-German_shepherd__n02106662_19641.jpg,85e9665aa7b595e240b91909574aad410ae2d1789a7f43502b5653ac5ed8bacd
German_Shepherd/stanford__n02106662-German_shepherd__n02106662_19720.jpg,fa4648ae737e94fb6b677bd42b878760782cf9ee5975eb39b449aad03a83475e
German_Shepherd/stanford__n02106662-German_shepherd__n02106662_19791.jpg,d4c1857ae692a256f4f7c365940e68a72bd8bcb9c81b47fb07b97ed1055fbf6d
German_Shepherd/stanford__n02106662-German_shepherd__n02106662_19801.jpg,cad642ec825482ab39c95d6f5aeafbbe0be6f6f3c55145c65e546e2153eb7498
German_Shepherd/stanford__n02106662-German_shepherd__n02106662_20036.jpg,7ef34f36f9836a51c3405f044bf6b206deb5adecac70851908c8c70c30b5fd2b
German_Shepherd/stanford__n02106662-German_shepherd__n02106662_20546.jpg,d0d2ec23bf9c98863768aa63e8c26ce8fe3ab7319e308816b43b63e3e58ae722
German_Shepherd/stanford__n02106662-German_shepherd__n02106662_2058.jpg,e2e6c1edd719e4d5e706139be684784ef4752e8e15bd154de415dd49b93bb4ee
German_Shepherd/stanford__n02106662-German_shepherd__n02106662_20711.jpg,0b0ca431f829f24f19cc69702e0863ae01a59bc56ad443ed5a6a3d805b82278e
German_Shepherd/stanford__n02106662-German_shepherd__n02106662_20732.jpg,77a3afbfad9113d6e0242d32918525617b71596b22293e947f9574c11fef3974
German_Shepherd/stanford__n02106662-German_shepherd__n02106662_21094.jpg,923585eb3f77758a56240958599088e856cefa1ed862062284b4bdaefbb80bfd
German_Shepherd/stanford__n02106662-German_shepherd__n02106662_21348.jpg,a54bd180d40c2f0d25f0bdb140f1fd2061f0e5fbf71e8881db6a1cea9a73853d
German_Shepherd/stanford__n02106662-German_shepherd__n02106662_21432.jpg,4d7a310d0212b9744cec41912431c5fc7a0feb9b946e6b043b5f368a330655d6
German_Shepherd/stanford__n02106662-German_shepherd__n02106662_21715.jpg,d28c27a128d785f37ecc84688fcf9d8f600219ebc6f1678aaa654e70c8083150
German_Shepherd/stanford__n02106662-German_shepherd__n02106662_22245.jpg,eecf012a680224e7762daf8548c954e8484a38597ee4ed8656a4442b5ecb49ed
German_Shepherd/stanford__n02106662-German_shepherd__n02106662_22394.jpg,209da3126d0e2e38e9234dde99b13451065cb420a296a01c10bb3e54cd41d7bc
German_Shepherd/stanford__n02106662-German_shepherd__n02106662_22456.jpg,019185b2aea1e9a25abb8fab459fb21b38754f9fb568a5f0f7208b17ccd18662
German_Shepherd/stanford__n02106662-German_shepherd__n02106662_22730.jpg,48484929d6d5723470bed866b1bb66e8785789359affc970b250ae5870ee039f
German_Shepherd/stanford__n02106662-German_shepherd__n02106662_22764.jpg,7e8587c8db434f4fd34a437fb019670e07fa95453879d6ab9cd81343d15b3bae
German_Shepherd/stanford__n02106662-German_shepherd__n02106662_22854.jpg,2e50e9e70023014d706c2cbe939c3c8a9d475b1bce032322c02ae18b2b213a79
German_Shepherd/stanford__n02106662-German_shepherd__n02106662_23196.jpg,bbb02cf4223dcea263163b484ba299676e611cb95faa0e6b7bc665c819284e05
German_Shepherd/stanford__n02106662-German_shepherd__n02106662_23360.jpg,7f81482bddae20bfbe6414aec93f2347565283ef20607819fa77ef933e09d88b
German_Shepherd/stanford__n02106662-German_shepherd__n02106662_2337.jpg,3b72f0352833d875cb01e412021d9d315f666b98bc1bfb030dad002ec0f63eb8
German_Shepherd/stanford__n02106662-German_shepherd__n02106662_2358.jpg,6147b47f5043f0b0497f1fc7f4bfc96c5402b304ab10985043395e06b00a1177
German_Shepherd/stanford__n02106662-German_shepherd__n02106662_23691.jpg,9404e791db9994fb106c3477aa88d24dc7b160b0b36c3d02a28d7c732d7a55c5
German_Shepherd/stanford__n02106662-German_shepherd__n02106662_23996.jpg,77efa2924fe112080be3562ffe8426a267ec117f9bc904b5db60baaa3dc6670f
German_Shepherd/stanford__n02106662-German_shepherd__n02106662_24110.jpg,343739aebde25aa8530a6f8c3c0f57f66656d5bc60d92a34a653bb15e84a0298
German_Shepherd/stanford__n02106662-German_shepherd__n02106662_24577.jpg,abaaab70b4f955cfb20886cf78dfeeba8fa517c9d44e346c21bf0fec7b3d5cde
German_Shepherd/stanford__n02106662-German_shepherd__n02106662_24758.jpg,1d65ad67970b2b381a04a69b48797b202445fe7c17588daea453c6d223a30572
German_Shepherd/stanford__n02106662-German_shepherd__n02106662_24768.jpg,78a1bcb8d1591148a19a82dd79ce057e4049be67ac982dca5a32a49cdb542861
German_Shepherd/stanford__n02106662-German_shepherd__n02106662_24774.jpg,bacf5cfc8c0f3e75bd3fe07cd6e9cbcf3fee113797c0ce524c31c3570206f2fb
German_Shepherd/stanford__n02106662-German_shepherd__n02106662_24786.jpg,fc23aa9acf94b321f8d89d96b0b364d33cf667d04befa569bcc9e4f8db34e90e
German_Shepherd/stanford__n02106662-German_shepherd__n02106662_248.jpg,bc8c65066d7389eabd5ddefc4a1d96fba1577daedd3895c066e510f2c872204a
German_Shepherd/stanford__n02106662-German_shepherd__n02106662_25775.jpg,4c73b6f03032d26bdc965b317a1412827ac9b7ed90253a9b95ffc7fc20d1398c
German_Shepherd/stanford__n02106662-German_shepherd__n02106662_25917.jpg,01add90087f232ba939d36120958295513dbb6375eb9b083dfc4e8737215f838
German_Shepherd/stanford__n02106662-German_shepherd__n02106662_25986.jpg,352c56c7b87045243dc8a0e4da8df65d1bf4f6a88c6872a4494633ab02485ea1
German_Shepherd/stanford__n02106662-German_shepherd__n02106662_2631.jpg,6c0e194fcb38e78e34b9ee49c82563d3cdcca085915d79e6ce2eb092be5a9b4a
German_Shepherd/stanford__n02106662-German_shepherd__n02106662_26335.jpg,57e69fb9d42f99db18807442e5c6b7961b4f1d3f36f753c860c198f1d5727413
German_Shepherd/stanford__n02106662-German_shepherd__n02106662_26549.jpg,4b242fd48830c0a08cd975d7575f4fec309564e73e9e0a5976c45ffd8a7362bf
German_Shepherd/stanford__n02106662-German_shepherd__n02106662_2659.jpg,e7421e7abbb3bc0f96cb4ab700ed6bbb296bc357365c965b04003658a7d84c43
German_Shepherd/stanford__n02106662-German_shepherd__n02106662_27186.jpg,e2b62314a3068b65015e741a23867256f85c1829bdfc8f934c48bf9746cebfc5
German_Shepherd/stanford__n02106662-German_shepherd__n02106662_27251.jpg,89a6d591c36e28ee6841915bf1105a2c7c7cf5b171045cc627566af7efc80eba
German_Shepherd/stanford__n02106662-German_shepherd__n02106662_27393.jpg,61078d4f6eb8942040e0f1c483bd19d0537f22581e4c422c9b60a97ccd3b5fce
German_Shepherd/stanford__n02106662-German_shepherd__n02106662_2740.jpg,e33e8e8db8b039a48814b87afbf73106a6da2eba5721152387704f7838f39256
German_Shepherd/stanford__n02106662-German_shepherd__n02106662_2753.jpg,9f379e1a32aeb83f3e72d83eaa2055504e834d4a8db5ad680d79349d992e0894
German_Shepherd/stanford__n02106662-German_shepherd__n02106662_2810.jpg,cf3377725de98ef1754b45007aea67893b6c78c1fa96f759466695a6ce74ce2f
German_Shepherd/stanford__n02106662-German_shepherd__n02106662_2884.jpg,0d3a914b4b15e4513e5531ebb0a28997ead8fadea4bf8107a7a9355c786bc245
German_Shepherd/stanford__n02106662-German_shepherd__n02106662_2924.jpg,a62f69dd1405770ba34f15e4e74adce3434d2fcc142e9e9e4f598c7a01dd4563
German_Shepherd/stanford__n02106662-German_shepherd__n02106662_29517.jpg,a5165c3cbbe35062fd627611ea41d8348a1fd3dc30f727f245d6589955d1afa8
German_Shepherd/stanford__n02106662-German_shepherd__n02106662_3116.jpg,1ba499c9f017380d86228428a0e828c0622d7183ced092e2d577d3c404b56671
German_Shepherd/stanford__n02106662-German_shepherd__n02106662_320.jpg,9676a2eb5033318c9e967fa124037717f0740093305a06680bf27d9c48094a5f
German_Shepherd/stanford__n02106662-German_shepherd__n02106662_3260.jpg,b3907e44030d5038463724c3d403dca29cecbb436691068e5359f68d491be6e0
German_Shepherd/stanford__n02106662-German_shepherd__n02106662_3431.jpg,a1c246c4df3ef4fb85424c2524367635e5710fb0829269c66d1f9176cdd39f0f
German_Shepherd/stanford__n02106662-German_shepherd__n02106662_3781.jpg,36ce3cc295eb351fa9580686d93d004f69c5da252ce660542d5fd8b7dee829ed
German_Shepherd/stanford__n02106662-German_shepherd__n02106662_3815.jpg,e1bbf689f78d01ed47f7a06de089397dcf940373911b36ba2c9aa2a619917bcd
German_Shepherd/stanford__n02106662-German_shepherd__n02106662_3953.jpg,d5f9a3dd1681bc651b085d8b6bfcda26c253caee370bb1113df1d228a99696eb
German_Shepherd/stanford__n02106662-German_shepherd__n02106662_4021.jpg,d67852ee892f61db531b955afc7ad22a08fb5f5c0509a644942135e992f6f198
German_Shepherd/stanford__n02106662-German_shepherd__n02106662_4059.jpg,2e072340c5a214c8f6a10021652bac38649c149209acf2f98b88e94087c14642
German_Shepherd/stanford__n02106662-German_shepherd__n02106662_4201.jpg,e10f599db0dbf930decb5a7c988ac2e25478738c09b9c2228136aa44abd00196
German_Shepherd/stanford__n02106662-German_shepherd__n02106662_4402.jpg,55dcb4d8b59dce8f9808c3b028fee3c22bee94c2c86a0e671d449ff5fd48f862
German_Shepherd/stanford__n02106662-German_shepherd__n02106662_4498.jpg,6abed9b7e9b509595b56954cad8f827491cac36547bb5edaaedfb9ffb391861a
German_Shepherd/stanford__n02106662-German_shepherd__n02106662_4522.jpg,286b419b37d992aef7505cfc9257fcb21fceeb5f12433c6415671680370647f7
German_Shepherd/stanford__n02106662-German_shepherd__n02106662_466.jpg,e99d3b239c2da69c5b5ddab66455babbaf079dd8cdb59bef040e4d6b682a8390
German_Shepherd/stanford__n02106662-German_shepherd__n02106662_5169.jpg,d210086cd4c2af4f400e82cbeacec34c81aa0288ab69975a77fb7ea81e8782a4
German_Shepherd/stanford__n02106662-German_shepherd__n02106662_5795.jpg,ad30724c512b0df72154fdb1f22670414546e52b4731091ff789a0f623e946a5
German_Shepherd/stanford__n02106662-German_shepherd__n02106662_590.jpg,61600652d0f40af5729064939cc11039a28e4473b033b7a9b33aa642146a53d8
German_Shepherd/stanford__n02106662-German_shepherd__n02106662_5929.jpg,d04df278cc268c744ba6310828680fc00f522efffabc588bce007ec46ccf1fb7
German_Shepherd/stanford__n02106662-German_shepherd__n02106662_597.jpg,3175ca900e5aa12f07d41bbf557aa1802e2bf26b84663d34af15b7b54a9ecd09
German_Shepherd/stanford__n02106662-German_shepherd__n02106662_6088.jpg,9eff73ae53402c5270e3cc98c1bf8ee397dbcc4651c66949e7d0b9a614e715e9
German_Shepherd/stanford__n02106662-German_shepherd__n02106662_620.jpg,883c49a083114a4396af3f5f3bedd452c13c30b356088249bb69e14a23a14279
German_Shepherd/stanford__n02106662-German_shepherd__n02106662_6443.jpg,109c07295a9e68179aabe3d4c6efea095b8c5410a32ec46c1c49aa765e3ecb29
German_Shepherd/stanford__n02106662-German_shepherd__n02106662_662.jpg,4a9079d7a4cf807b112f63d618ce470619b0fec70b5acd315e52e56ff4430d40
German_Shepherd/stanford__n02106662-German_shepherd__n02106662_684.jpg,52c797e9503e7f389e0c4c5d855f4984a0a1c1212eb780d4f7f07025237c7408
German_Shepherd/stanford__n02106662-German_shepherd__n02106662_6889.jpg,a8eb099ebbeac7c43a8d117d593596f66fdab2197d51172fcfb0e99062327c17
German_Shepherd/stanford__n02106662-German_shepherd__n02106662_6931.jpg,d4fd4d5c7c68274cd314e2e9349d97b2cb4f0308979992a878bcf5269a1fad1e
German_Shepherd/stanford__n02106662-German_shepherd__n02106662_695.jpg,1f0177de7050960a1d17c5ab4a2e05a2b74b1a1f5bcc194eaba9db9001848030
German_Shepherd/stanford__n02106662-German_shepherd__n02106662_6966.jpg,cac4a880db4f97fcb2a438516465883f41307ffb4b5ac19d74dc41e18d969c09
German_Shepherd/stanford__n02106662-German_shepherd__n02106662_712.jpg,1826d9ee8a023e660d32a73befa2db6ee4d6a4ff9b54e39ae11b8157b7eaab37
German_Shepherd/stanford__n02106662-German_shepherd__n02106662_7122.jpg,cfbcf1502fcc5349e7623af86e3c2f0d0b8d0447b8ec06af8a602f644bc34851
German_Shepherd/stanford__n02106662-German_shepherd__n02106662_7168.jpg,4581416a24962997a293792980b115eab43a829a72f59e7735de74df9808e08b
German_Shepherd/stanford__n02106662-German_shepherd__n02106662_7212.jpg,1408adac00ed5b2679722a07b3507fb3b1e7e6a9e45f74a446f9d988909a7d5c
German_Shepherd/stanford__n02106662-German_shepherd__n02106662_7238.jpg,89cbb40d68c6ebb4ab49d24e6d23f333241ae42d5053115b281fd3d1666ed773
German_Shepherd/stanford__n02106662-German_shepherd__n02106662_7313.jpg,8364fe6215820fc719f6294d159eca5292a29c7039086c99f756500a23408a30
German_Shepherd/stanford__n02106662-German_shepherd__n02106662_7545.jpg,8b21958bde90f419a09c1753d2a10649e1292b093be67b41dc77f31f782ab607
German_Shepherd/stanford__n02106662-German_shepherd__n02106662_7885.jpg,40e4be4f7c0f1e914502844dd4599c1567a135deba0bbfc4bde69b42b9897eaf
German_Shepherd/stanford__n02106662-German_shepherd__n02106662_7960.jpg,fa3de43b109d40335537fa34bc2b007a0fc0f91c62fb5770d26a4a81063eb528
German_Shepherd/stanford__n02106662-German_shepherd__n02106662_8002.jpg,c7a201be832c748bd1b80dabe78ffb007a43022cb31338924d7b8bfe7e1abddf
German_Shepherd/stanford__n02106662-German_shepherd__n02106662_808.jpg,f5d10dc5e7a9a37bf71b2f7881400634461dd07df9377ca333efc01b1c97b065
German_Shepherd/stanford__n02106662-German_shepherd__n02106662_8246.jpg,c35c848d7b34507c8f9c7fb91275f5e2a66d2e52d4c51404b32f14c12b8ff124
German_Shepherd/stanford__n02106662-German_shepherd__n02106662_855.jpg,54e243530c7aa519e44d4418f236f9260d89779ac61bff4a9061663e70f8ebc1
German_Shepherd/stanford__n02106662-German_shepherd__n02106662_8870.jpg,6e537d20bb039e8d228abd90088fc16e1179ab718fd50c2ed0b484f2d2194b86
German_Shepherd/stanford__n02106662-German_shepherd__n02106662_9226.jpg,f43b40d7c07c425efd79b68a8c9c8daa8fa139a8ecf55108f00cdc2e27b357d3
German_Shepherd/stanford__n02106662-German_shepherd__n02106662_9292.jpg,1da59dbd417c4fbc5b9dd08f7145ed8a67eb816ef1675a15a04eff035d9af607
German_Shepherd/stanford__n02106662-German_shepherd__n02106662_9481.jpg,6be6bdec5e0e271e0858246e1f271780891546ba7d772afc52627a2eec5b7afe
German_Shepherd/stanford__n02106662-German_shepherd__n02106662_9556.jpg,4d3eeca0d40a9391a23bd5368b0122853848a48e35d3617af611d2883b89b29c
German_Shepherd/stanford__n02106662-German_shepherd__n02106662_9625.jpg,607c6379935109f73dcab57c1a8445bbac5f502b996bda9da0fcf589687d683f
German_Shepherd/stanford__n02106662-German_shepherd__n02106662_9735.jpg,efa070f94a02066d47080583728f47b5c7cc592b9dab85f1d1a170cf0655441d
German_Shepherd/stanford__n02106662-German_shepherd__n02106662_9936.jpg,039f249478c8fea610fac6c1b88ac7af25c8d59495427c60ec769732616b5ced
German_Shepherd/stanford__n02106662-German_shepherd__n02106662_9994.jpg,26684290c8818fb8a7ec1786b481a3da519fcfd0ad4f59802b543f2769a9d149
Golden_Retriever/stanford__n02099601-golden_retriever__n02099601_10.jpg,5f89e5e33898e1eee19cb4e0a352959c27850a3bfeee6f426841432281161adf
Golden_Retriever/stanford__n02099601-golden_retriever__n02099601_100.jpg,8476c4a70619a1564a65e4fb12778b95a16074dda5bf63f4ce520f552ece7ce2
Golden_Retriever/stanford__n02099601-golden_retriever__n02099601_1010.jpg,04ccec17722793226baa557f8a7d38271e0f838d6f72e6a7a2d6ae8551ff6271
Golden_Retriever/stanford__n02099601-golden_retriever__n02099601_1028.jpg,58c075cc7e11529006a204653ce928068cd590ed81f6ffd5ca8b0df34ce33a50
Golden_Retriever/stanford__n02099601-golden_retriever__n02099601_109.jpg,a8b38f1f839bfb34b21d6b5039619b31a6eb231a552903929ea78f0ddfa48db7
Golden_Retriever/stanford__n02099601-golden_retriever__n02099601_1162.jpg,ddde395ac246ff782e9065540cfbc31af7422f7fc04531d9e3fb2e0352621a87
Golden_Retriever/stanford__n02099601-golden_retriever__n02099601_118.jpg,9308a1b48cad0a35dda8dc7bbb5bb5ed17f087a3f6092723c48371ea074378b6
Golden_Retriever/stanford__n02099601-golden_retriever__n02099601_124.jpg,a7345473d4f20ed90bf43f626a17dba985a26c2d9eaf901343d33295f7d6a1cd
Golden_Retriever/stanford__n02099601-golden_retriever__n02099601_1249.jpg,5dcca235bb0cd25ed718b65c5d5969e035138298ffbfc7abeba6592ce279c2a7
Golden_Retriever/stanford__n02099601-golden_retriever__n02099601_1259.jpg,0b67bcc6c55073309df2f4e97af354a40a4607cee480a6b06187d3583ee8ae2b
Golden_Retriever/stanford__n02099601-golden_retriever__n02099601_1324.jpg,7c1374535a364eb05dde69e87b330cc0997b766ede1bcc1ca9d17b1988d3c4eb
Golden_Retriever/stanford__n02099601-golden_retriever__n02099601_14.jpg,155412ac9d3dd7c93148629b2cf95b149ad26ffe7268bdd78ba8d71eac20a5ff
Golden_Retriever/stanford__n02099601-golden_retriever__n02099601_142.jpg,a3855680d28d8b5f60ed8e57a3d43da505789aaa043712e021d1def359eb43e6
Golden_Retriever/stanford__n02099601-golden_retriever__n02099601_1442.jpg,8bc7954540274597791f2d32f99496365ee32ce63990378d6f45cfdbe21e9b8d
Golden_Retriever/stanford__n02099601-golden_retriever__n02099601_1454.jpg,e4cdf4e203177d7bda120136daedfeffae2ffd85a0a8b6fc4457d84b597d9326
Golden_Retriever/stanford__n02099601-golden_retriever__n02099601_146.jpg,c9eceb0ff493323d0aeec74bb8a6571b51f5e376f92ba53fd0c0145f5e5327d2
Golden_Retriever/stanford__n02099601-golden_retriever__n02099601_1580.jpg,d7acba4070ece890104850745af111d6add4d53d8095abdd5f7231742a760fa0
Golden_Retriever/stanford__n02099601-golden_retriever__n02099601_1633.jpg,573ea7633bf329488ca5d5cf74d5a4fee20ac16e5179f3451db7d9a677f11290
Golden_Retriever/stanford__n02099601-golden_retriever__n02099601_1743.jpg,be302481af736d41c07192b55625a3c1d72fe3b7e80990a34772e273f769b65e
Golden_Retriever/stanford__n02099601-golden_retriever__n02099601_176.jpg,c10299ac07f243963d6af05886989621324748bdbf1d4259effa8d9a425ee948
Golden_Retriever/stanford__n02099601-golden_retriever__n02099601_1768.jpg,e3f601c69f95608b2fc32508f4164b0dc4d0e133d1366f20fa913710950c2c09
Golden_Retriever/stanford__n02099601-golden_retriever__n02099601_2029.jpg,70b57264e7d243a8aabaa79193b7eaad6777fe2272f22835d8a56bdf79243653
Golden_Retriever/stanford__n02099601-golden_retriever__n02099601_2076.jpg,696f259b6a46981cda0694ddd1b6695c6367a3ee090c88d97d30dfcd9709a87e
Golden_Retriever/stanford__n02099601-golden_retriever__n02099601_215.jpg,791a3466c06c2cd096f9de7046853a9e361a23b43e2e9a35f910c48fc163bfe3
Golden_Retriever/stanford__n02099601-golden_retriever__n02099601_2295.jpg,4c38f2510a79f5fb694a55d739ff34cedac39b47344c8dcbb1f629e792c4b2fd
Golden_Retriever/stanford__n02099601-golden_retriever__n02099601_2358.jpg,54a10ae8cf5ed69394218bb0be929e60ac151ea07b8df670b4c72e8cba32a154
Golden_Retriever/stanford__n02099601-golden_retriever__n02099601_2359.jpg,b5243c8ae1659eb54a71de0693a3823518693ebf22c86053c0567b1b213be13a
Golden_Retriever/stanford__n02099601-golden_retriever__n02099601_238.jpg,0caf6baf95110807dd442c7c37d99f4e269a89ef65499b66d5e3319e4778b798
Golden_Retriever/stanford__n02099601-golden_retriever__n02099601_2408.jpg,3b4d1a7dfb97ad1b3795e649bfc671629bdd7d81ac096b35d38af0db5dcc3c16
Golden_Retriever/stanford__n02099601-golden_retriever__n02099601_2422.jpg,d1c4f178497a1f92f3d4d15574ca5932b836c097c7b09a2f4e50bd101f7184f2
Golden_Retriever/stanford__n02099601-golden_retriever__n02099601_2440.jpg,a690e165d52c13f83e260352646f7b05eb9aaf842f6a11963df8bc40e87ec93e
Golden_Retriever/stanford__n02099601-golden_retriever__n02099601_2495.jpg,e5a63a1edc13c83b070bf065302fd22e4e43de406627b8f989b07268423e3055
Golden_Retriever/stanford__n02099601-golden_retriever__n02099601_2536.jpg,3f08df7500295b8add22085c47c19908934e66a79d3a5d09b1407e5d7142f07c
Golden_Retriever/stanford__n02099601-golden_retriever__n02099601_2663.jpg,ad819a2905ca493c36497612d3d3d4c573678fb0f844a17de3ca8919f33219d5
Golden_Retriever/stanford__n02099601-golden_retriever__n02099601_2688.jpg,6097305563baee6fc385d8af91db2bb249b88419d0848a5f04000a93953556ab
Golden_Retriever/stanford__n02099601-golden_retriever__n02099601_2691.jpg,45166e181160a53a49e77feeedce233aa3e4984561290dca71ef21520f369ca8
Golden_Retriever/stanford__n02099601-golden_retriever__n02099601_2796.jpg,560e9112d7647abf790e212b40a528c9996eb0adbd54b89ebbc4c1d2e75dc4b8
Golden_Retriever/stanford__n02099601-golden_retriever__n02099601_280.jpg,f73cf381e8e888137a720b24b26d88d50a7e984e4b63580c05f0b5fb2efd26d7
Golden_Retriever/stanford__n02099601-golden_retriever__n02099601_281.jpg,bcbf1b9b4c70a3344069c0590298c5272361a6b93e27c6507d68308e47fbc0fd
Golden_Retriever/stanford__n02099601-golden_retriever__n02099601_286.jpg,4335f294aee6fe3402eb71372827cc38f7b4ad4c4fd6e9ef7d10154b90467178
Golden_Retriever/stanford__n02099601-golden_retriever__n02099601_2980.jpg,a6d13edea5de71fafdd031fbc32ad657d22701c4f77731feb6a359d16260ae41
Golden_Retriever/stanford__n02099601-golden_retriever__n02099601_2994.jpg,8a411febc5ee2fad01b8c6f2f43fd15e522ef0b32a38aff2880c5e657bcecbb5
Golden_Retriever/stanford__n02099601-golden_retriever__n02099601_3004.jpg,1253c45e07a82ae27e981266f61497db5c2238d21e86eb0822445b04cc3305c6
Golden_Retriever/stanford__n02099601-golden_retriever__n02099601_3007.jpg,b47ec1e840006345c15b1334e325b8e0043311794cc97cac28b5be1e41cfb5a0
Golden_Retriever/stanford__n02099601-golden_retriever__n02099601_304.jpg,ff6729c65752fb802cf814b5925a493b8af2d56198e2b149c8a947c0aa8ecad2
Golden_Retriever/stanford__n02099601-golden_retriever__n02099601_3073.jpg,e31fb92bc6c038517a7abe9eba19e5dd6260ebb34b04cb3cd5de66945e816bc8
Golden_Retriever/stanford__n02099601-golden_retriever__n02099601_308.jpg,f73b7a8cd0a487fb6d0d2fd280acee9dc21fcb0241c5cb4480526b653e6c2bbc
Golden_Retriever/stanford__n02099601-golden_retriever__n02099601_3097.jpg,c96bf711be0df383fc6114e35a0d0278d04ba94b3ab852a9584d6250340820d6
Golden_Retriever/stanford__n02099601-golden_retriever__n02099601_3111.jpg,89cf10e21a27bebda2feac5bf2edbc4421cd1de72d036c4fa63aa68f12a99ec3
Golden_Retriever/stanford__n02099601-golden_retriever__n02099601_3202.jpg,8afaddaf4fa00238ec56bc6a0c551923261f2fbb108f0a29f1edfb2959f09c2f
Golden_Retriever/stanford__n02099601-golden_retriever__n02099601_3262.jpg,15742ce69943ac263cf8acf9f963134e9e03e52ee85a4af9b69ff77eb236c430
Golden_Retriever/stanford__n02099601-golden_retriever__n02099601_3327.jpg,b5a79818eba2ddce7d0ae6c82212df344709b69cb0b483ccbf293e4d9bd1cfb1
Golden_Retriever/stanford__n02099601-golden_retriever__n02099601_3360.jpg,a339397fe00f65f901d91dc541af0bf80be8faf7888d0f0ec8b33e02c557bf36
Golden_Retriever/stanford__n02099601-golden_retriever__n02099601_3388.jpg,13bd2c110ac0e572343db26d186f780cbc027c6244a8075b93c45bbe55a3c006
Golden_Retriever/stanford__n02099601-golden_retriever__n02099601_3414.jpg,f6b301b919519bc1517c7a2c3a9e42f0b1b3727ee6b0fbcffd600f6f9454470d
Golden_Retriever/stanford__n02099601-golden_retriever__n02099601_342.jpg,bfc3fc1acbf426bb46ed81bf5a8ee1c091a968a068ea711c81f038c9e9ead280
Golden_Retriever/stanford__n02099601-golden_retriever__n02099601_345.jpg,0b6197775eede5556a187c9857e7f849f7d957c02eae211cbf8ed2506fc314c3
Golden_Retriever/stanford__n02099601-golden_retriever__n02099601_3494.jpg,efdbf113f7f769eaadc34a2cabbf67ff6ae997a02b6c37f4126318ddd8ac0e1e
Golden_Retriever/stanford__n02099601-golden_retriever__n02099601_3508.jpg,a15cf2590a208be36b09a6e7f4f2f6a63a1d5f414d63da39e334773b11b7fd36
Golden_Retriever/stanford__n02099601-golden_retriever__n02099601_3569.jpg,194726ecaa0a2da7dc975dda5e09bf05b737a0bf0cd28adc2dd95ce26ff4ed98
Golden_Retriever/stanford__n02099601-golden_retriever__n02099601_3666.jpg,29581853b294974cf89d9c9b245cab7236e36d368572c69d5aff6171f240e372
Golden_Retriever/stanford__n02099601-golden_retriever__n02099601_3720.jpg,3dee971217458b88b0f083599b52a4fdfe09c6448b592889146a69234ccff614
Golden_Retriever/stanford__n02099601-golden_retriever__n02099601_3738.jpg,11a32e39e3c5fceffe71b616ca324e9b08d6affbe4e948e6a618fbb095d42a15
Golden_Retriever/stanford__n02099601-golden_retriever__n02099601_3853.jpg,2b8be16de9a1363748f0a2837bbc583aedd061e6fc0655e33c4bb19a899b6a30
Golden_Retriever/stanford__n02099601-golden_retriever__n02099601_3869.jpg,73bb56d847c4db2050a4e38fa9bfb6f5ffd4c822298ab774959fb4234ddc0fbd
Golden_Retriever/stanford__n02099601-golden_retriever__n02099601_4005.jpg,d321d792ac89f5b19496f618e48e04149a6228c419f8ae580148e1e71629add3
Golden_Retriever/stanford__n02099601-golden_retriever__n02099601_4241.jpg,ef4c3a344ca28d6c25ea013c81bd89ec4523ef6c54fe909fa5066b89c6961f9b
Golden_Retriever/stanford__n02099601-golden_retriever__n02099601_4256.jpg,d549515223a441c698f48ca24ebab13df9bc23312e838ec3b6d7c1b3abe51546
Golden_Retriever/stanford__n02099601-golden_retriever__n02099601_4312.jpg,ff95ec9f87c0dc7a62a4028aae91c6640c96f7d9de666b1615fef9c95cc658b6
Golden_Retriever/stanford__n02099601-golden_retriever__n02099601_447.jpg,1c39a09a031a220327c0db07c5092812b687f937f62369431212f0a9e1806086
Golden_Retriever/stanford__n02099601-golden_retriever__n02099601_4651.jpg,1d61e98a99d631cb9b6c32621105721e08bb33387906df0d24f03072e92ee280
Golden_Retriever/stanford__n02099601-golden_retriever__n02099601_4678.jpg,1a8c299e4c6aee6105448bc672967ef7c63284f418c6b6cf83aba262f4200ea7
Golden_Retriever/stanford__n02099601-golden_retriever__n02099601_473.jpg,5dffbb5f302a4a37f81ba5d5fe85a57edee79c7b0155abe07028a97dee3af960
Golden_Retriever/stanford__n02099601-golden_retriever__n02099601_4843.jpg,8901bedb9631a84086a413dd122320959268740af270459dc780f4ad6eba6a2d
Golden_Retriever/stanford__n02099601-golden_retriever__n02099601_4933.jpg,015befc0f03dd8f3c352597c365e94fa7dc58f632e08b14007e84b08c7894427
Golden_Retriever/stanford__n02099601-golden_retriever__n02099601_5.jpg,0e76204b9d300209727dc41a76ec2cb2792a6d77fe9ca6b80bce934f96ec868e
Golden_Retriever/stanford__n02099601-golden_retriever__n02099601_5051.jpg,32f9a3eee6e6faeeaf7365cecbf06ca4ff928b72ecec03dada3c4ccc6c4847df
Golden_Retriever/stanford__n02099601-golden_retriever__n02099601_5132.jpg,7bffd8f45f8cd21d75af68b100bbdf627588c3d77a988abf7e8e637d7bd2aa26
Golden_Retriever/stanford__n02099601-golden_retriever__n02099601_5160.jpg,020e18036a03a045ab58abb7256d311bc71683473294e87b0262a2ed42998164
Golden_Retriever/stanford__n02099601-golden_retriever__n02099601_5188.jpg,e333748193e1199ce848c8bd0504e83100d9071234cc7b9a0556468b72739a14
Golden_Retriever/stanford__n02099601-golden_retriever__n02099601_5240.jpg,b8ef860fec4242a0723b4857c038739182efa19dae9a3b771b7341d8b843d234
Golden_Retriever/stanford__n02099601-golden_retriever__n02099601_5366.jpg,7aaf096ea15e0662ac58895baaabcf6149e023ed73fa6f87dc75b5535dc5c787
Golden_Retriever/stanford__n02099601-golden_retriever__n02099601_544.jpg,2e3432b0473abda3dca340b3bd056c67eeb51857233bf0c6ef0887541a51ff8a
Golden_Retriever/stanford__n02099601-golden_retriever__n02099601_5452.jpg,07d779d81070784b9513d4f34c33f4f53433b2733e2c875447bc340dfeb5f9c5
Golden_Retriever/stanford__n02099601-golden_retriever__n02099601_5453.jpg,9fe2d7f8f6ca4d9d64ff58d730673614a15ad2ff354f93c811ae9b878e47a849
Golden_Retriever/stanford__n02099601-golden_retriever__n02099601_5544.jpg,7873f932a0675412e036153fe643517d66d051c2d37beb3190c985df8401749c
Golden_Retriever/stanford__n02099601-golden_retriever__n02099601_5642.jpg,96cfbbd937188f86317e8d49887369f0fc339b2c92b4cde404db332eaf3093df
Golden_Retriever/stanford__n02099601-golden_retriever__n02099601_5655.jpg,c877c37f1a87f914e7b2c58d0840ee1a3fced95d06d2ffd2c683dbf04a8f4b6c
Golden_Retriever/stanford__n02099601-golden_retriever__n02099601_5679.jpg,cf47c58babf3ff7ee44f723e419b6b2c7c79aa2b5e5f39d250c17099b742f24e
Golden_Retriever/stanford__n02099601-golden_retriever__n02099601_569.jpg,21355326d1445d4025d0bc6111622ee02194ba5970568c09d5d1ef26d5851eb3
Golden_Retriever/stanford__n02099601-golden_retriever__n02099601_5709.jpg,a130518e03cca85d0c04d322010479df37a44feaeda0fc6509de57b5eb17678e
Golden_Retriever/stanford__n02099601-golden_retriever__n02099601_5736.jpg,18ae8003a66445f69904bb8d78124eecc71915f8fd98741f59d236c862a3d217
Golden_Retriever/stanford__n02099601-golden_retriever__n02099601_5764.jpg,521dcc35d759ce2f4b75b9ffdc29ac9af8362992acb273d6e3e88df2cbf78ea2
Golden_Retriever/stanford__n02099601-golden_retriever__n02099601_5857.jpg,0606f5f76bd5ca39e9533f15d7f527653c94731f5ddccfb3168992d59fc3fbfb
Golden_Retriever/stanford__n02099601-golden_retriever__n02099601_5876.jpg,fd30ed1514b269b3523d95c92547efdf94acd26ddec7d2a56668690e5fa61150
Golden_Retriever/stanford__n02099601-golden_retriever__n02099601_5893.jpg,127131b2e40838f0efd850e6292c9f97d43471b29fa2b5769368afb926de4d39
Golden_Retriever/stanford__n02099601-golden_retriever__n02099601_6099.jpg,5107afad6afa29030018f72a7a819ab79b8733be273f699febf40a6c8702c8bf
Golden_Retriever/stanford__n02099601-golden_retriever__n02099601_6105.jpg,606be8cd8ef5924af17d3510253d2aec16a6da291425d761f52f66450cef2d32
Golden_Retriever/stanford__n02099601-golden_retriever__n02099601_6139.jpg,e50f75979d27abb6e95773686591dbe26dfb8b1360367514e8c0e76f6f6dbd29
Golden_Retriever/stanford__n02099601-golden_retriever__n02099601_6194.jpg,0c60d436d35022605a22036c0c27905396edc22bf72042be49713e949ada8749
Golden_Retriever/stanford__n02099601-golden_retriever__n02099601_6233.jpg,efca5c3ee36ed7187611cbcb8ac92884b7aa3f58381550ca97585f0aecbcf254
Golden_Retriever/stanford__n02099601-golden_retriever__n02099601_6318.jpg,97189f2aade9d0fee89b1e8855e7c1f3d57ed4c328b513df524baec4d8d050d7
Golden_Retriever/stanford__n02099601-golden_retriever__n02099601_6331.jpg,8f7dd6f4d6b84971d3b2650942a5444b74d8b39a89531fc99a4e98c5e517c622
Golden_Retriever/stanford__n02099601-golden_retriever__n02099601_6338.jpg,40aa3a06f2a1438e0513bc1921b3cdd872bdeac5b56cbcd8829538c4146b66c6
Golden_Retriever/stanford__n02099601-golden_retriever__n02099601_6577.jpg,783b2b16e3be40392467d1b7ff4149d9a865f41660f060aea7827e666886329c
Golden_Retriever/stanford__n02099601-golden_retriever__n02099601_67.jpg,b18e4aea75547ec188d8c1163cd3f594624174177b8001d1092a73da2de210c2
Golden_Retriever/stanford__n02099601-golden_retriever__n02099601_6726.jpg,05cfca69a5e81ba7d764e9cc485e2cb7abdfdfc2728bd3cfded9df303f5bf8c5
Golden_Retriever/stanford__n02099601-golden_retriever__n02099601_6772.jpg,c5bb7744a74dc75eb50247245802bab6c068495fe0a630a9a708f54879838bc5
Golden_Retriever/stanford__n02099601-golden_retriever__n02099601_6814.jpg,1afbd7dbb7ab0072c048b4e8105a01679a19e644797c497563f9d3f17d344f42
Golden_Retriever/stanford__n02099601-golden_retriever__n02099601_6820.jpg,72473b1640a7db8138b57ed7b0b321f5ed9e6eec765eaa576014758dac25e93f
Golden_Retriever/stanford__n02099601-golden_retriever__n02099601_6867.jpg,52d703e045f9e2ac394bc8022effac3a74204153d4b1c962362f2fa0164e6020
Golden_Retriever/stanford__n02099601-golden_retriever__n02099601_6980.jpg,6bf4ce27de508cca60fec7f14220774ed86b466ccd86ab36b5bfd374f80a4adb
Golden_Retriever/stanford__n02099601-golden_retriever__n02099601_70.jpg,553136f2f73395583ede771a412e31b3131f1aea0ece5088e57674448af674eb
Golden_Retriever/stanford__n02099601-golden_retriever__n02099601_7019.jpg,5ebd49c93ce851c645ea1442015abeac5a733a9375e36022da806d126c42ec7a
Golden_Retriever/stanford__n02099601-golden_retriever__n02099601_7037.jpg,10b56668f361ae9c505802d3f5ca6df06ab24feeb0b071caae19f903ced56ffc
Golden_Retriever/stanford__n02099601-golden_retriever__n02099601_704.jpg,d05e89317a39a4567cd947ebff9cbc5d42bda12907b5fad56d28cdd6ed7328fa
Golden_Retriever/stanford__n02099601-golden_retriever__n02099601_7119.jpg,cc80fdc1fb578bbc13717f62950fa945f514ded4b69bdf33126fc2d3eb52471a
Golden_Retriever/stanford__n02099601-golden_retriever__n02099601_7123.jpg,4e684e9216bd0292ad252a6db9821cfe63fbfda49eff0c7105f85a1fac003074
Golden_Retriever/stanford__n02099601-golden_retriever__n02099601_7227.jpg,a77fe7dea7ed6722b286205025225afe16419f24f6ec852723559c993a09008d
Golden_Retriever/stanford__n02099601-golden_retriever__n02099601_7304.jpg,91052e8fb504fd9ebcf755975b81a930a54fdc42a6fce23933cab594b4eed98f
Golden_Retriever/stanford__n02099601-golden_retriever__n02099601_7312.jpg,70934dbb3d8d01a6fc3f9994b51e447eabb9afdd3665ef0d14455447e961e084
Golden_Retriever/stanford__n02099601-golden_retriever__n02099601_7387.jpg,6cbc4d032635ef63f74938c8411e8812b93fcc3d1589248a1392c331b33c7d41
Golden_Retriever/stanford__n02099601-golden_retriever__n02099601_7432.jpg,1c40abfe6532ef29ad260aa508cbce3723adb652f911d52e95849f9e90c062eb
Golden_Retriever/stanford__n02099601-golden_retriever__n02099601_7437.jpg,8591ffdecbc8f6483536a7bb4778bc60c7b37ee2bcb85d3aa2ab13023b8ed725
Golden_Retriever/stanford__n02099601-golden_retriever__n02099601_7588.jpg,ad4263d34fc8284e123c1304b6817cbacd2215bc02bb517722928b31dc15be23
Golden_Retriever/stanford__n02099601-golden_retriever__n02099601_7654.jpg,504d3be4e924140647f8b77da4b6e8e355c70dc84bd71108a00206d384a0b8d1
Golden_Retriever/stanford__n02099601-golden_retriever__n02099601_7706.jpg,d278fd8821f5a1fe79a10bf7586f7a79fd0a471063c8debff9e4c412387c5007
Golden_Retriever/stanford__n02099601-golden_retriever__n02099601_7709.jpg,8f9ceab272cd58f2ba12533970c1671cae59a0750d6233a5cf895ae3b9891262
Golden_Retriever/stanford__n02099601-golden_retriever__n02099601_7744.jpg,761e13220fdcb136aa4239a4cb2cb1a15c14faf2387958eaa4d6beea1116dd05
Golden_Retriever/stanford__n02099601-golden_retriever__n02099601_7771.jpg,bdfb3a092bc0aaf0a33f724d47e8692cf30233be37bf154dec7660e8a76a2639
Golden_Retriever/stanford__n02099601-golden_retriever__n02099601_7780.jpg,155cbc7b4c6ba00b835da4798225cc4574568edf8f11d5d1eb5283d404e8a247
Golden_Retriever/stanford__n02099601-golden_retriever__n02099601_78.jpg,7194a80c964254de8d7a2cc3b0dc23fca2f6a323f8b9ac3cd81c8f474aa0210e
Golden_Retriever/stanford__n02099601-golden_retriever__n02099601_7803.jpg,0ea2f6be4b574d57535ff7102d5fec1c5e1ff3e8cb0d92492387dcea562a104b
Golden_Retriever/stanford__n02099601-golden_retriever__n02099601_7807.jpg,3302ede1eb3d1fa8c0bae292937141bc34edf4a5390dcb563ccc3095fdb8b0b6
Golden_Retriever/stanford__n02099601-golden_retriever__n02099601_7916.jpg,b68e7a06bb4f46c66482533cc6a6ba2bffdaa78ea7c13bedf237b1a15441190f
Golden_Retriever/stanford__n02099601-golden_retriever__n02099601_7930.jpg,82806e8fdba93b2d03983170c5253e37e30ab05f764b3016aacca05124161c08
Golden_Retriever/stanford__n02099601-golden_retriever__n02099601_7993.jpg,6503636b97caf9ca7fb7cb7649338466cad53700eeaaa53c8e94a97c0006c61d
Golden_Retriever/stanford__n02099601-golden_retriever__n02099601_8005.jpg,62dcb9af228722e9e5b7ba09f2b07faf4adf7b1c798ebfe2bc516052f5beaa0a
Golden_Retriever/stanford__n02099601-golden_retriever__n02099601_816.jpg,f86c86ede59b9abbcbf528bd0f753da14e260af1db6ba3dd31d78aa4280f7b5e
Golden_Retriever/stanford__n02099601-golden_retriever__n02099601_8181.jpg,91516c55c605736217e9ab41b791622ac4de48390aeefdf93317b8a051d15572
Golden_Retriever/stanford__n02099601-golden_retriever__n02099601_825.jpg,f017d72b67deb20ca89f2c49856d47a3ed9e8a8abe478251643c5780a0c6012f
Golden_Retriever/stanford__n02099601-golden_retriever__n02099601_831.jpg,715d6abc23fc6a6a6f0015ba5510980fcec9ff160f79e50a5c46d2ff234d7f97
Golden_Retriever/stanford__n02099601-golden_retriever__n02099601_8429.jpg,5ec8780f2d3b8cdf306fc958613f52064be871e778c867d7daa49cb216fe4edb
Golden_Retriever/stanford__n02099601-golden_retriever__n02099601_846.jpg,2d9fc8c57ae8775782431bfb3f61e7f61dfbdcbb7c20973560a81114f2d7d149
Golden_Retriever/stanford__n02099601-golden_retriever__n02099601_864.jpg,0b9cd66a3f5139aed06168c91686784ed81430e983861375ae99629246a66eee
Golden_Retriever/stanford__n02099601-golden_retriever__n02099601_8764.jpg,f4807e7f73b7a105db6f26ef52d51e03f3c7c43a27ae18391299c39d18c63939
Golden_Retriever/stanford__n02099601-golden_retriever__n02099601_9153.jpg,aa1bc0b11c890051ecd1f73a56d79c16d61bee032b72aeaeccaaf21ac1b8cdcb
Golden_Retriever/stanford__n02099601-golden_retriever__n02099601_9301.jpg,18e9c8e556f0cb3f55b238d0fd4108b03d452a4b4976f418660a8ec26db2dfb6
Golden_Retriever/stanford__n02099601-golden_retriever__n02099601_9504.jpg,150ede65b4d750cf2ec923709d708c9e4d97c2482ec0f0e122ae4b4650afef13
Golden_Retriever/stanford__n02099601-golden_retriever__n02099601_9518.jpg,fd5e6a53921dc95cf2e871ba8b27372a84a4abafd724ea004fd6fffe2c06b041
Maine_Coon/oxford__Maine_Coon_1.jpg,b3aa2930dfcf2615898c4068a1c12443f30d477e500f08dff1159a9b9501f43f
Maine_Coon/oxford__Maine_Coon_10.jpg,2e217c7550c093f1c1e41529bf209794cea4c55b1ba7313f24832ee106dfd64c
Maine_Coon/oxford__Maine_Coon_100.jpg,8c0bf7e6035963ffd98f4bbc47d8f92539e39cd011bf273612a02a1bc76337cd
Maine_Coon/oxford__Maine_Coon_101.jpg,b5fc7328087105022ffa8b3eb1033c1aca13313c51704a956eb211facb85d637
Maine_Coon/oxford__Maine_Coon_102.jpg,5f89a94d44a310902b5c1774166f3ed52ccf996828774a33cdcc39814b5f1d48
Maine_Coon/oxford__Maine_Coon_103.jpg,5a0c1ee5cede643fff6138fbf6f6e4f296e758f70509f2e93ead5345db7c145e
Maine_Coon/oxford__Maine_Coon_104.jpg,bbe376fcb20dc1f6d1da8053ff0bcae09dcdc67ca606d3e4aac70357d1c14d24
Maine_Coon/oxford__Maine_Coon_105.jpg,c92009b50afa3baaa2191f8bcf164571b845a15823488a796c0f9ba216dbf773
Maine_Coon/oxford__Maine_Coon_106.jpg,a3a2286cb91a185c2db7939c773cd6cff8b4944b31b3be009ba605f409746a2f
Maine_Coon/oxford__Maine_Coon_107.jpg,adfe7d628677edbf43af4de8078140eead41c3ac4b23f0b2e24f64ac01af41aa
Maine_Coon/oxford__Maine_Coon_108.jpg,5737aeb2c137d3557669c076307f92ac1fa36d7279ed34130c9f591036bd6b1b
Maine_Coon/oxford__Maine_Coon_109.jpg,42d7cf4e451d954883dd670eeb727fe382289414ccc52a764b84fd2ff8d0b8ff
Maine_Coon/oxford__Maine_Coon_110.jpg,b4c603fa22b5347104e6e744282a5e095c1f33e47159b541a94bd570bfaa4d18
Maine_Coon/oxford__Maine_Coon_111.jpg,3c07729b4b174d5f244d18ae464b67d8e90fc6a035f8037f73d14eda485c7055
Maine_Coon/oxford__Maine_Coon_112.jpg,2591016c355f95bbbce7140d2d056fff7a9eee8f71236b86639a7a9adb7b6ebe
Maine_Coon/oxford__Maine_Coon_115.jpg,a0bdcdddefe0507a6ab422f2db5dea832f676e36ef2e61a93c75c19ad9eaf934
Maine_Coon/oxford__Maine_Coon_116.jpg,7d38330eefa6e83527c8103d9b9ccaa2e494f5c2a71a552f03643f28413a8286
Maine_Coon/oxford__Maine_Coon_117.jpg,04d65180c445f2d29bd64f56542ad26c78894460b377d9df5f77c949a1f1d549
Maine_Coon/oxford__Maine_Coon_119.jpg,02cf914f34953c67e9da71a46296596da35c8a459569bd87334b5c5aa5d0d18d
Maine_Coon/oxford__Maine_Coon_121.jpg,5668ad85c62a96a8c4025b163344e5303d0978e5275fb1f16be7a27499241098
Maine_Coon/oxford__Maine_Coon_123.jpg,954c8c8d88314bb2ba543f78d1f7afc5fd6750359dcce23ae03a8b90644454ba
Maine_Coon/oxford__Maine_Coon_124.jpg,35a765ffa28d4d8710f62ee8931b52a0010124192ece936a57df8328617b37eb
Maine_Coon/oxford__Maine_Coon_126.jpg,ffea5a84e035d9c71ca99c10705f8a195d277f22c21ca15a453e475eb2980628
Maine_Coon/oxford__Maine_Coon_127.jpg,1fd050b5478387962e491aaaa2a7566c6f5b6e30e747ec60addc7c24202289c3
Maine_Coon/oxford__Maine_Coon_128.jpg,293b587ee6b43f73cb65e4d46ddf126ffe7b92e7369ec1ea3b87ea7acdf17c8b
Maine_Coon/oxford__Maine_Coon_129.jpg,2a6d9c895e2685a2ce8129fa0abbf82cb08bd694b1c4e9cca1e830eb4bd9af17
Maine_Coon/oxford__Maine_Coon_13.jpg,3f039d65d2cc43fe1f893722bda8aaef286a2d2feaffcc10e5a363d3b317b90b
Maine_Coon/oxford__Maine_Coon_131.jpg,ee5ade8e48fc23947e508664a9e942923489e02dce98dbc173e5aefcad1971d8
Maine_Coon/oxford__Maine_Coon_132.jpg,d2a8f3d4f75768154a65c86075faa1a552e227ddb5b7578be9f66839147879e6
Maine_Coon/oxford__Maine_Coon_133.jpg,79dbb606fd99ba082ab8cc985d2f5ebb21de5837a6844240531fb36936191e9a
Maine_Coon/oxford__Maine_Coon_134.jpg,f9ff73f70d99389a24409c438ce81ff9e33a53ffcf57c1712872e39f8d71460c
Maine_Coon/oxford__Maine_Coon_135.jpg,89ea018d0a78e00586656326e4babfe708aebdfe046b0f5a4eb22d4c1b54860a
Maine_Coon/oxford__Maine_Coon_136.jpg,8ad5d05978cc10530a508fabe0deed55c7c8e08744288b2362690faabdf51dcd
Maine_Coon/oxford__Maine_Coon_137.jpg,a80d3c12f706481da165a4494307dd285b2a0e4e5e47a6c10a7c5dac240e6381
Maine_Coon/oxford__Maine_Coon_138.jpg,31d9a0e8673663e0baab9e9fc2ec668bc8ea5b498b905dbf9561587bbc661cee
Maine_Coon/oxford__Maine_Coon_139.jpg,b6d17d5c1855d8ab96f4add8d12c8e95298fcfe96c5f2fdb97efd9e0d4938052
Maine_Coon/oxford__Maine_Coon_14.jpg,778810786acad799bfae3a435ccef92ef6a306bf4fb4c51d876454f1c8ce83f9
Maine_Coon/oxford__Maine_Coon_140.jpg,fd073630aa651d5edaf99c31185c76517d74b3d497b218bdc1aa58fbaf3e1869
Maine_Coon/oxford__Maine_Coon_141.jpg,fa24d17eb53c12995638a4a7ae3788a444abd1da29c4e85141a32f03455728db
Maine_Coon/oxford__Maine_Coon_142.jpg,5a8848c623be6206caeea419e1c07a763aaa6186baf842698889410f9b789bbb
Maine_Coon/oxford__Maine_Coon_143.jpg,95848cfbb667920c11352b4574fc7754eed84e9812ad15b5ccd5ff667302fe23
Maine_Coon/oxford__Maine_Coon_144.jpg,d81b0d9801561bae4e2700245feba6a4a7a0c5e09c119b9cf1386afc2ff57195
Maine_Coon/oxford__Maine_Coon_145.jpg,c3c138d75d9b72354b3a31a32b308f5cd5ccfaf03e0509885d7b404137a850c7
Maine_Coon/oxford__Maine_Coon_146.jpg,1388e59bb68f824fa5a811f2692174046f6f6bfac355a1def1cae489d5f09c4a
Maine_Coon/oxford__Maine_Coon_147.jpg,bf0f4e7e077738d2d3e4463715720781546b3868134233675779664538fb157a
Maine_Coon/oxford__Maine_Coon_148.jpg,b27d5ed8d2147f2f910131bf871ee9555546d78be790168e1b6f64b59cd75cb9
Maine_Coon/oxford__Maine_Coon_149.jpg,f4c617b6b9226093695c8807c39241545f0a6f166426f78dbe7cd832dfa94fce
Maine_Coon/oxford__Maine_Coon_150.jpg,b9d44dd08f3076234021f3ac69f26b9b6de8d9bcda8419f8dc110b9b1e846f76
Maine_Coon/oxford__Maine_Coon_151.jpg,01dcfdc665059059443e5bca13078e229232d05f6ac2ba4920a59b232c298e89
Maine_Coon/oxford__Maine_Coon_152.jpg,96fe3c4dbd78a16411429abddde2facaa94ea82e0e3b1641aa2028c0b218ab7b
Maine_Coon/oxford__Maine_Coon_153.jpg,f4cdd2e69a15466b52e6b67846d63af1da553cf7856af6c1b857d57012622e84
Maine_Coon/oxford__Maine_Coon_154.jpg,3da43261870481fbab013fa7ac275cd4c280ec8c17c4a1f0757184cac5f68ab4
Maine_Coon/oxford__Maine_Coon_155.jpg,a3aa8d967176798051fa84ddd09b2a9a827a39278b14f6f25fb1077d9fa79c85
Maine_Coon/oxford__Maine_Coon_157.jpg,9d684ea6cd6b5b652195655cc495dc92f45da4595e22cb26d05ff5a39a89b42f
Maine_Coon/oxford__Maine_Coon_158.jpg,bbd83c4f91ede9a271a50b8450cfd7ec02ad1a37179e3905e03ba0dcf4ef0cda
Maine_Coon/oxford__Maine_Coon_159.jpg,c7b773b82ec4369897fceebc547378af117d6f304ef22ab84ba8efd191ec2b7d
Maine_Coon/oxford__Maine_Coon_16.jpg,1be79cc7403880e10392f22ca67aa7b70271f4f934ff281ff47fd3f02632eca5
Maine_Coon/oxford__Maine_Coon_160.jpg,22abe9515bd9c33ae5af6ba0e50e0583bd3bf6c161f6dcf393c61b9f29a8ee0d
Maine_Coon/oxford__Maine_Coon_161.jpg,67f291acdbf1edc4ff9c353bb343963854af27a41d86c8d0ed24b1c50f30cce7
Maine_Coon/oxford__Maine_Coon_162.jpg,c49ab0157558b635404fb3bea1461a96e4572fd1fdbace56315c12ebb34fe26b
Maine_Coon/oxford__Maine_Coon_163.jpg,1ba596ce614644612e414f1e19c39b98c22b4acafde7c98a5b0ac26735b8871f
Maine_Coon/oxford__Maine_Coon_164.jpg,a6a1c2e63ab7ed55b4e399c1e302ded5b4bc5b8c204fb49470f3f236561c7d7d
Maine_Coon/oxford__Maine_Coon_167.jpg,ca6c31b872c154e0583bbd34dca0608867b9abda4dfc51911b604c9c1799bc5d
Maine_Coon/oxford__Maine_Coon_168.jpg,02832d4db83731ae7b607417b43b87692371621556b6c34a91beb537361179ca
Maine_Coon/oxford__Maine_Coon_169.jpg,6cd10eb8e005305426bf587b590de70f91ee8ecaa5d8012c9585fccaa532958a
Maine_Coon/oxford__Maine_Coon_17.jpg,f3d75d9232153e37b630752467effa9f053d858dd21dbadc205c9ba991874f35
Maine_Coon/oxford__Maine_Coon_170.jpg,924aac597ca51ab4c194bb9b8489aacefd296694be555311dbd52564ee885ad6
Maine_Coon/oxford__Maine_Coon_171.jpg,ada4bee8fc6baa6545488aced268c42c931dc663696c4347a635787351f897c0
Maine_Coon/oxford__Maine_Coon_173.jpg,65fad14212504635520a975b61bef0d88bb19415db7b981fbf2a050b2a4178cf
Maine_Coon/oxford__Maine_Coon_174.jpg,7d09189f3977c884c08d0e1d171dfd802ac299d0331dba3986005a4028dd4dd4
Maine_Coon/oxford__Maine_Coon_175.jpg,cb5348137c08d79cde2d6361ab284bc1c8e94ee856cffd917db1087cc872e340
Maine_Coon/oxford__Maine_Coon_176.jpg,e1a06087d281833b4fa4c0bd9a7683fc28f00c9fa0d742d70608605853d7899d
Maine_Coon/oxford__Maine_Coon_18.jpg,4d8c58d00d19b898473f8eb5b412007bdb0de020a0397dd4e7e5ce8b5d66a7a1
Maine_Coon/oxford__Maine_Coon_180.jpg,905d494cce02f3f50b9f6db0ed8d291469ff2baea8c919e7fe260cd6067b5af7
Maine_Coon/oxford__Maine_Coon_182.jpg,d5b1e21318327781eff5cba0d2258d7ea24893f4767963063ce1165b117daadb
Maine_Coon/oxford__Maine_Coon_184.jpg,2dcce3f623a183b98bf16af48137b1c137fc9ff415ca43e213c65b955757731a
Maine_Coon/oxford__Maine_Coon_186.jpg,867461e8ede70544049aea080975e6888d372588bc18e4a0bc2f9ba8fdcb90f5
Maine_Coon/oxford__Maine_Coon_187.jpg,80c394d1461baddbe19a38676649ca26886664d166b9340ca00f7bf1096f7275
Maine_Coon/oxford__Maine_Coon_189.jpg,520048f3843093fdfbba297952c3700dedd0b6c9a59340418f7eeb32951691a6
Maine_Coon/oxford__Maine_Coon_19.jpg,1ef66c8c854e7c7e7b0f95885f94bbac45aae4d667e8a870217dea34522948ea
Maine_Coon/oxford__Maine_Coon_191.jpg,1b90d886d5b6aee6b155214b927cfb5a6c4ee504c83cb6d99bb794db0d2c8d37
Maine_Coon/oxford__Maine_Coon_192.jpg,7b865df8764e72020f98448d95a52d4dc2db926aef9ef859f55669c287c86b7a
Maine_Coon/oxford__Maine_Coon_193.jpg,6f55040c00a74fb6fcff0f8ab794f91305ee1505c4c10319649fc9ae4daeb385
Maine_Coon/oxford__Maine_Coon_194.jpg,fb72c70fd7671e839fd0646fcec74f19007735c7e6712a43fe4f02dba88aa08e
Maine_Coon/oxford__Maine_Coon_195.jpg,2af0ab66291bb77ef7c326ad435198af4d8beab9f6785d622044fff58b2fe6c8
Maine_Coon/oxford__Maine_Coon_196.jpg,4a90246c19f57cd6f279f0ed019ea57f4de6ee3e6175c867aa423809ae502717
Maine_Coon/oxford__Maine_Coon_197.jpg,4668d8b80f97e3d0f5de05ffb27643c1eb03a7dadd28e5053ebb423ad4f9ee77
Maine_Coon/oxford__Maine_Coon_2.jpg,6bb22b5b6b1e3d1abc65b25b43302d8fe91b2ed41d2dbd2156556f517fdf8043
Maine_Coon/oxford__Maine_Coon_201.jpg,c94c64e4c891234dcb310cd8e0c8a536bc40282526367252946b24e251475b38
Maine_Coon/oxford__Maine_Coon_203.jpg,d4f23050ce04ffc6b1ef25ad4e27d1947367e034434bf4da5fe928af58e2027a
Maine_Coon/oxford__Maine_Coon_204.jpg,2e7e9f4034d4b9747eefcf52a970b3f0eae85fe7998e2e3b957d971bbc3ada0c
Maine_Coon/oxford__Maine_Coon_205.jpg,6309df7795a33fdd660aa94af77668acba56b920c4ddc3a8179c7716b94d5fa4
Maine_Coon/oxford__Maine_Coon_206.jpg,08f93a4c12c3067d9bc87d25bd563d6933316c5443cd8566edbfc01da9a57369
Maine_Coon/oxford__Maine_Coon_207.jpg,696a5e5fdd638efc5b86d040fa5e175531ae11ecef2e2f25690242444907c001
Maine_Coon/oxford__Maine_Coon_208.jpg,4a8615b129f454d1ef8ec1f20bdf88062fca7a2d39d8f66dbceaa548178452ad
Maine_Coon/oxford__Maine_Coon_21.jpg,b510e67e93682a4db99aca38d675d029ed743d06c344a3212e61b136c0356894
Maine_Coon/oxford__Maine_Coon_210.jpg,71f6fe2ef70e3e539b60a6accefbb42873fd381708ea5c362bdf4fee78243a21
Maine_Coon/oxford__Maine_Coon_211.jpg,e5771606a301a706a9743128f46f64e01060ccdd0391e6c4c316fe6e5ceff655
Maine_Coon/oxford__Maine_Coon_213.jpg,1e04dff9dd8e0f33568dcf85a42d2e22104819c6674549234d2d40ce0c250a4c
Maine_Coon/oxford__Maine_Coon_214.jpg,fa026c499b3ad9b25fc72ce4627cf1c172a848ba9f1ca5a9b87917517c416c1d
Maine_Coon/oxford__Maine_Coon_217.jpg,4b38be6b5cbb805d5c099e5cb27fb7e24af14bda6ec9d97a465b345cfb6a6001
Maine_Coon/oxford__Maine_Coon_219.jpg,1b44e2b49748aeb0c78430131cd7dcbde81be36932e901cab3953084a6bbd2a5
Maine_Coon/oxford__Maine_Coon_222.jpg,da716ff0ff7a9544a547a7e03ba737952525235745cea9bd9fa36254aa8006d2
Maine_Coon/oxford__Maine_Coon_227.jpg,3f538a0841a3ffc7832448ae9fa657fb28ccba7fa08b410fff61b00d1e366c0a
Maine_Coon/oxford__Maine_Coon_23.jpg,b0a3aaa078e14f78ac6c594094e92ffbb8d8f5ef249033c2742dd2c25008b38f
Maine_Coon/oxford__Maine_Coon_231.jpg,9d02c4e7862a6bec60b5ec0ec5cbb3479a11b40853a16883efbcd7bf6ae68322
Maine_Coon/oxford__Maine_Coon_238.jpg,b1d04e8635534aed234f7e99758ccca73ea88ba933b715946f29ffa8b3d5c3ee
Maine_Coon/oxford__Maine_Coon_239.jpg,e3bb7c0af9088fe03d8e9ef8314073373c56f3dab64385cdb894a9c87ee6aa57
Maine_Coon/oxford__Maine_Coon_24.jpg,55d9e7404b37ec06764a28bbf071581ba9e81c138d59692f217d23aa1488677e
Maine_Coon/oxford__Maine_Coon_241.jpg,c490220f4d76e4d7d997a5b714ae0863a68cb01282ba1431100889af17c28316
Maine_Coon/oxford__Maine_Coon_242.jpg,4fc3293506049cc8f6449e8424a8ddcc39218682e3db2b1a21d15a4eb021e04e
Maine_Coon/oxford__Maine_Coon_244.jpg,9d6a8a80b8ddae394c6feedbf99901736a3ad5a0dd3ba25e6de49a59837274d9
Maine_Coon/oxford__Maine_Coon_245.jpg,f41e4375e645cc15e2c29b547d67f6e3e9c40901e5d1d82eda760b26e297191e
Maine_Coon/oxford__Maine_Coon_246.jpg,d7e243898d17f8d5f8fc0d3382dbddcb12602720a1b76e579de454fb89ec04d9
Maine_Coon/oxford__Maine_Coon_247.jpg,52f62e0d210cb98c90e70c0b22221b8e9c8b298e34ec8f5eda026fad687e0c73
Maine_Coon/oxford__Maine_Coon_249.jpg,dcbc92be5aacaf57e545a03edc414be30432cf4efd1c0431c6e24c423f8444a5
Maine_Coon/oxford__Maine_Coon_25.jpg,4cfcacb676debeea03e0be46ae083c4440581ac008d23d81e10d6d3cba698159
Maine_Coon/oxford__Maine_Coon_253.jpg,4ae207a8d5f0795dff0cf1a94b59bdd0b5f5d7d2b8ee4f3f22ba62716c910c3e
Maine_Coon/oxford__Maine_Coon_254.jpg,d11ae93dc76a31f4a5d66f3b0ffd706501c3cf04cbd853dea89ed7d28be0fcd7
Maine_Coon/oxford__Maine_Coon_26.jpg,4693184a07eadd0a1891c71f5f8b9d6cd3fcd0b294b9d68d6287b39967aae31a
Maine_Coon/oxford__Maine_Coon_262.jpg,bddfc19a1369771b07d66348b81bcf283c523c32f80ebdd82fca018f5ca905a9
Maine_Coon/oxford__Maine_Coon_263.jpg,171ddf57be2591ea6a9cd4d0441a16ce05c6f9fd3b67c25fe4e15aac7af739b3
Maine_Coon/oxford__Maine_Coon_264.jpg,3ca41a9a0902762c1d462ca69f0820a0e4a07efc782ec5a84895e15eb97b5784
Maine_Coon/oxford__Maine_Coon_265.jpg,b73ad9dac8c49c93716a1fa3cd5b43fcd94ad422947831d83251751435c6318f
Maine_Coon/oxford__Maine_Coon_266.jpg,f0f56edd52a95402ebc51c6a84d3e8431eb9de00ff7327894ee9bffed4da8d0b
Maine_Coon/oxford__Maine_Coon_267.jpg,184aef7570ede544dab215fff337cc5de699d2a4923732ed5e02dd843108c674
Maine_Coon/oxford__Maine_Coon_268.jpg,8cf0a2bca1bd742897150387b3d2a690edb2325adfeb483093949376a111557d
Maine_Coon/oxford__Maine_Coon_269.jpg,e06397c6b0b04c28a6b18f8e6bba233d7e2d1daf1ec64e6a04067b854953808a
Maine_Coon/oxford__Maine_Coon_27.jpg,892af452ae8a252869f372bd9520924f7137ca6507407a35fe5a8b7cdb713f25
Maine_Coon/oxford__Maine_Coon_270.jpg,bfff7e5cdb7767b29f8fd7c01c2d5ac63d0c75fccc1cb697cdcfcecf0adca579
Maine_Coon/oxford__Maine_Coon_271.jpg,2b17aed4cd66df7d0746adc14a0bfe4bf9f4a300f615c86a9a9bb08c370ffcd2
Maine_Coon/oxford__Maine_Coon_272.jpg,31128d2e4fd23c803f197f244dd70f0cebf5d36b110e2c05dfa65defd793b6c7
Maine_Coon/oxford__Maine_Coon_28.jpg,bddcf99408386e14f43e0f74c5668df5dc9c1e23531e256d940866b3b4094e88
Maine_Coon/oxford__Maine_Coon_29.jpg,5a188f49d7e9378bf3aa27b27083216c499699b2f6bb48589b7decc0e54a6d26
Maine_Coon/oxford__Maine_Coon_3.jpg,f4f8bc46e21eda0b71f460ccf2c0056cb91747762c95c8c9c755342b6106b2eb
Maine_Coon/oxford__Maine_Coon_30.jpg,3c8156b79cefdd9407741b2663ecbd16793707f778c4150972b9424c4780fe3a
Maine_Coon/oxford__Maine_Coon_31.jpg,2fb489d958a60b259c68b3a90f7d5013446a2b9c7d4297560e4a4380514fd5ef
Maine_Coon/oxford__Maine_Coon_32.jpg,a4da53ce43b4e6c250c2461099c134f1b4aa40d9520b55171dbec9ef17bef0e2
Maine_Coon/oxford__Maine_Coon_33.jpg,3884c2f31912f30801bad97b49ce7fee0d2b437f0615b5112073c5bae6320d4b
Maine_Coon/oxford__Maine_Coon_34.jpg,4814c50c01c69f8c423d40933ba229b67e2346452ba4fbf38e66bd2ed980ca8f
Maine_Coon/oxford__Maine_Coon_35.jpg,9a860de8cfa6de72dcc5a6d88e7ecc4efb2acd9f1438da072ed2c0d99b8a1030
Maine_Coon/oxford__Maine_Coon_36.jpg,9ef4c37d9ec37b20deef2947ad0ffffb45e01b63f63a2e42ad1139ea17cd9aaf
Maine_Coon/oxford__Maine_Coon_37.jpg,cca6793e01396b465ccde7053ee92c62c8f246a2454f7e912d78e57ef5222e8d
Maine_Coon/oxford__Maine_Coon_38.jpg,21d4a612cee6ec5b74d17e18ca544fe1a868cfc2beacda0dd3b133bb8fe63c73
Maine_Coon/oxford__Maine_Coon_39.jpg,862b0d7ba6178643dd9cc203a9c906648eca3ac693d5ff8ff36abaa64fbcc08f
Maine_Coon/oxford__Maine_Coon_41.jpg,332c8d3ea9c314062b8e4aa9fd27ce193b9326472a909c464d8af1dc793dbbda
Maine_Coon/oxford__Maine_Coon_42.jpg,87554431f1efde8105461c2b22a687bdcf531f3b7cd998d0465a1184867db72c
Maine_Coon/oxford__Maine_Coon_43.jpg,f8cf8d34325c2037ef250fbe19e96e15809503acd448bfecb34a8e6d3d3cde8f
Maine_Coon/oxford__Maine_Coon_44.jpg,e331b26afd334970ab74a8d0a48f74d0acf7a0c95942c2aba9b9478d2fdc5bdc
Maine_Coon/oxford__Maine_Coon_46.jpg,f692e681ba55ad87b9ddb5eaaef3b3a6a30759b29540926d5a84aceae23158a1
Maine_Coon/oxford__Maine_Coon_47.jpg,bfb3779b138fa5b3d66352eebde4834f5c273e4d6bfffcd7f7bc0d0e9e241ee3
Maine_Coon/oxford__Maine_Coon_48.jpg,a92ca9b2ee88a075d91081bad414bb3ceae1968a73f19cf47365aa9e8bd659f2
Maine_Coon/oxford__Maine_Coon_49.jpg,3bc697145598d8c577baa4ef171bf17af79d1f8bdfce430f9f0594cf2dba9c35
Maine_Coon/oxford__Maine_Coon_5.jpg,a818d82483e4779b68bbd9fc27ae03d09e3f18cb4117717438590b18c65ff4f6
Maine_Coon/oxford__Maine_Coon_50.jpg,c3d45242f7fd0c4ecf23b23159fc8c857c1f73a0bf69e25c256dac6e55417863
Maine_Coon/oxford__Maine_Coon_51.jpg,138c4e09d7821cbb47e46fc78865b0baa870bc5172d03ef3965a2a022d6ce11d
Maine_Coon/oxford__Maine_Coon_52.jpg,363e745a1c986416e1f6c929efd92fbffbcf4278b968af82d68ca0975622fc9b
Maine_Coon/oxford__Maine_Coon_53.jpg,c87135f3997c1b98b41313276f2a893b09a5b6620754da4a10eb5fa5d4aceb36
Maine_Coon/oxford__Maine_Coon_54.jpg,e5da7fbfb61678f1338f68d166c2968f67ea867958cdb00e43f0a2b7995bf6ef
Maine_Coon/oxford__Maine_Coon_55.jpg,a57643d11ffdb9aa9b1f1425762e79b5451fa6819a2e6c44cefc9c6c1cedbe86
Maine_Coon/oxford__Maine_Coon_56.jpg,db8af53820e29a308fa3ceefb76bdb1c15f788236543c524e50d7b65c8ca247b
Maine_Coon/oxford__Maine_Coon_57.jpg,eef6c6d8c9940f4102e1dbbc8bbd69b5fda6f66f900d045f5f48070d13c142f6
Maine_Coon/oxford__Maine_Coon_58.jpg,8c3595c73c1613eefe66a2f45cdcc320613e21cc35b5421b8c81115c01b37bf7
Maine_Coon/oxford__Maine_Coon_6.jpg,ed3b7e40f742ec5f0d601b06d7f2dd08e5e4152fa6859f0b0c2fafa431a7aef2
Maine_Coon/oxford__Maine_Coon_60.jpg,9d8036dc0fe0a39d71e5f9e901178e752174937f5347b5ae3986bf1819850686
Maine_Coon/oxford__Maine_Coon_61.jpg,7ce09a793c5b9b41928bf77faeecb860d54729a5accf74f63c5293f25a319194
Maine_Coon/oxford__Maine_Coon_63.jpg,52bfb6b5b96770986335c05364b3f1aea4b76dc7ec8703183d11f604360a8ff7
Maine_Coon/oxford__Maine_Coon_64.jpg,ad4d2e8a3b35f3a61e1eabe293d2f4f0779d0f019ef1889806add2a4498bdec5
Maine_Coon/oxford__Maine_Coon_66.jpg,9d545c3a686d179d1f0bdae2754c1c810a3a3f3d6994cf7b3d54c79652ee0d9f
Maine_Coon/oxford__Maine_Coon_67.jpg,3ea57f88cba8e88da7ad258639c2ce0aebb28c62ee08302016e771fcdecfea36
Maine_Coon/oxford__Maine_Coon_68.jpg,46adbc7b8bed2debcbc66be6083536d972716945f51ab55ba851b6555e3027bd
Maine_Coon/oxford__Maine_Coon_69.jpg,301de33ed7d007a0d701e7d692ea9631f19a634b9b9174de708957d643a1913b
Maine_Coon/oxford__Maine_Coon_7.jpg,c3c3e3a4f23b88f6063db330318b858f9217c224244a6736241dbc829940590f
Maine_Coon/oxford__Maine_Coon_70.jpg,da4765a97b895f457bd1f16a1274197ce0fdc11521e8f9f264398e895a9aa56f
Maine_Coon/oxford__Maine_Coon_71.jpg,a7a3bdd4093841460f9fe56919987650312424f8736771a589b2da9783be31ec
Maine_Coon/oxford__Maine_Coon_72.jpg,db914d42f5ab2560f05b1a67b8c04614c0ca8c64afece5372fd59ef0c82715b5
Maine_Coon/oxford__Maine_Coon_75.jpg,8ea3c524b1d22d3040826f032d9dd5b86853630ae89ad7eb479744bb878781b9
Maine_Coon/oxford__Maine_Coon_76.jpg,ed18389a3b47ce8583a4a042c094bc6ed472eec171188c107358c030ae7aaa85
Maine_Coon/oxford__Maine_Coon_77.jpg,78b67795d1eefef66d7b049039dc6a712839ae3f9a3e0295e39750ca755aa590
Maine_Coon/oxford__Maine_Coon_78.jpg,9f987ad4ae4f24fe88cbda93a25f347c8cb1c0464f843d89298732304997efc5
Maine_Coon/oxford__Maine_Coon_79.jpg,82a73aebd6ad97a6c1e223031bb30f5d1cc83f5c2d3728fe00629db0f39e0bb5
Maine_Coon/oxford__Maine_Coon_8.jpg,9f7c6c15d4d7963f62138a91b06b0ea842de48b0b6d1b388e1838bc6e5e122ed
Maine_Coon/oxford__Maine_Coon_80.jpg,06036aedcd9514d7c87e6f0c29fd6fa0c63666db9d4c9367d6fe3232cfd81878
Maine_Coon/oxford__Maine_Coon_81.jpg,2519e9bc26f449f86aa8bf1404df270959f40294f2b23ed916717d37453be5f9
Maine_Coon/oxford__Maine_Coon_82.jpg,89c761cf18e7d8c3f7cebf11a90c97f87636cf6ce6aeddb385342d72e01bce29
Maine_Coon/oxford__Maine_Coon_83.jpg,91f552b31b90729b380d3b4836c1494447e15be640314f271f16512a0c0cc86c
Maine_Coon/oxford__Maine_Coon_84.jpg,10c3c4052bb3445beb13ac7428392b680eaa0dce65ab3aa6967aad46ec286b53
Maine_Coon/oxford__Maine_Coon_85.jpg,190b86ef2b6c02390171c39ea0fab80decb97bfa19f8c424dca11ef8df21f34e
Maine_Coon/oxford__Maine_Coon_87.jpg,6adb942f899926eeef209d1d1f42d3d217777ee19b210a0064c680c05abb07fb
Maine_Coon/oxford__Maine_Coon_89.jpg,0ed2fd48e9836638e9ef0e6f014ad0fc6c1b3173dfe1d979a7dae9e0d455fce6
Maine_Coon/oxford__Maine_Coon_9.jpg,8e02bc8b875ccbcec67c997a5dc7523db406d96a5dc74b6de3c47156a58aa285
Maine_Coon/oxford__Maine_Coon_91.jpg,d4a307bbdb602c047a05953caa614cff2c910cfd3d6a5dbf58648799e890742f
Maine_Coon/oxford__Maine_Coon_92.jpg,5e7a69e7d72558d21c8a863d3dfc42fee7e25011c402de37778ecf32013f1feb
Maine_Coon/oxford__Maine_Coon_93.jpg,a82dc72e0dfbe8e39c515f2d9305c65e513e18f3ec9b697d5c86510e22d626ab
Maine_Coon/oxford__Maine_Coon_94.jpg,5dbd0ed115a38d5bca59992ee9ad163724d91e133d181d5760d1c467b3913827
Maine_Coon/oxford__Maine_Coon_95.jpg,731c385eced034a0e97cf2eb37dfe721853f3c9109ad467422a77f9cbf3c0474
Maine_Coon/oxford__Maine_Coon_96.jpg,69ce5088a88d5a8392594c8409e4f920746b77443d409fe6d69e16e28a11dc05
Maine_Coon/oxford__Maine_Coon_97.jpg,5cad4a867f1e627384e5f19eb57fcd70f1245c72293fedc327eb7b9a2ed1c1ef
Maine_Coon/oxford__Maine_Coon_98.jpg,e25a22fb60336e8fcc79b90a2387b71f4b550957fcd358e47dec6408f7573db9
Maine_Coon/oxford__Maine_Coon_99.jpg,50bc56a38014acbae5cae5eac76536bde5ecfefb3beedd5e56978e60ed0dae23
Pug/oxford__pug_1.jpg,0a959b4173f5075a7dcd46e4c1c1a75cf45a39759c3b59cde0701d8009106d0c
Pug/oxford__pug_10.jpg,613a98eb31494376cd54f726fc3da0499f9f648f85ff27e9a8948ecf6c3dc7a5
Pug/oxford__pug_100.jpg,6648ef7d6965ed53e2276bf171a677880efd56ad3b54facd626a6d0aaed077e7
Pug/oxford__pug_101.jpg,5a17500cca23f72e220aff2e5fa11d2ac7b2ccb17591e3cbf7e7ee8774a0666a
Pug/oxford__pug_102.jpg,cd4c62850cb41bac1e0a68cb35c79361af3a6dcf5827a7662bd641d085d0890a
Pug/oxford__pug_103.jpg,77ddbccce35d5d5c200d9c81d9890bb90972222c2e58526218bd2625fe4b3fc8
Pug/oxford__pug_104.jpg,8fd3e81b195b99a50ee6187a96df4214c68563aefb74e7e56ea36e9716433e6e
Pug/oxford__pug_105.jpg,fe4510065eb6b9579342ac0ef2723956ef39ec03dbb12b05352ed7d55b8fe840
Pug/oxford__pug_106.jpg,ba53f6801b644e2fd16f297156508c9938c7fc0f8f2b8267b0aba9a2699e6295
Pug/oxford__pug_107.jpg,c1391cb9c11ab1faf74e53f690cdfd34c04139968956b0c3160e022021927502
Pug/oxford__pug_108.jpg,eb65685c38cf3ba06c10b8bf2cd5a428b8342fb5fd0b518420c2d16ce4df14a9
Pug/oxford__pug_109.jpg,82e854aff089d5a16271901fdf885abb322d1e93b7d658b61749ef65385cfdb4
Pug/oxford__pug_11.jpg,4c7ea18c7ee3722fabafb570b801b9163655423a45717d18320b4984f4219b8d
Pug/oxford__pug_110.jpg,c1838efbee72965a5923bce81d30ef26d4233edb48a84c8965ff36a07f1c3f3e
Pug/oxford__pug_111.jpg,d117e9e474bd291e266a54949bfd897265c823529ce2609b0840368f81a3aac8
Pug/oxford__pug_112.jpg,d6bbd60d490cb085f710b74a6104c245f6363b3e4fd732f0dddacb439c69906a
Pug/oxford__pug_114.jpg,ffa829e12f17c4e9e03c4d65e87951b02edb89295414c5e10a9ff1edac0420c9
Pug/oxford__pug_115.jpg,6ef9c8ee0367c7fa4af0b6a49e9eed372362eee0bfe1645d71a6c5af5395f755
Pug/oxford__pug_116.jpg,7ad82e186d704fc5bb65ca8bf88a07e5c83bd19781405626609fca4d506dcd29
Pug/oxford__pug_117.jpg,68d72e3bd1abd33502e253e562e946507a3bd756f94fc09984cf448a3c731e37
Pug/oxford__pug_118.jpg,fff79bb93c501f2fc87315c015b2876ace1199f67af41728c6156d37745caa09
Pug/oxford__pug_119.jpg,d05535ce58e6809226aeb5eaa13dbba5362039187bd4e6f4fd35d9fc46034e86
Pug/oxford__pug_12.jpg,32324c44b46136baf157fd25a48166b0c42faf238d65118e8d2f8c28de22581d
Pug/oxford__pug_120.jpg,68332daab0389c892e9fd3c2e0437366e91dc519af59f03ce42d0e012310e996
Pug/oxford__pug_121.jpg,ca8640481e019d3b4d7f68399ef10d2f10fc85b6fc711c38d2f11d9a0dbf9000
Pug/oxford__pug_122.jpg,4934202af268e03ab4a73e4a0fdd366ca4ce8cd7d5c3472b2df73144522f7f2b
Pug/oxford__pug_123.jpg,83f519d0058d2d43cbc1a6b66c85e1c3bb7315c41abb54c605dcac2733951677
Pug/oxford__pug_124.jpg,393cab1176d319fab1fe4c28307332df70923343744602fa71ac62fa2048fc3a
Pug/oxford__pug_125.jpg,4a04865f219fe662bc9f8b6f88ee785aad26be14fa8e638e2847faa973c81870
Pug/oxford__pug_126.jpg,5de7d2c4172a68f95204dcbc0e212bf4c5350b8bfe097678d34a6cadc7498941
Pug/oxford__pug_127.jpg,d3f0736181950dd60c4bbb3ec4738d22f384c4ebe228b936e20ce46aa4aeb5dc
Pug/oxford__pug_128.jpg,fb9a9fa3cb2f74472a15a8d46ce15e5f70fb3f57e4ed7b84bb352fcc72b03bd7
Pug/oxford__pug_129.jpg,be45a746aa5c05d7d0ef206421c6af6142664bb86e525cc0bc293fa30c7b1cb8
Pug/oxford__pug_13.jpg,5ea284ba735f39f850a865c7b2548dc9bd12424e724656ffe7c122e490e41604
Pug/oxford__pug_130.jpg,0b59506d12c55171750666b1f17f71a025dff5816aa2784f03b803d50463a32d
Pug/oxford__pug_131.jpg,a24d4d34585d856f2b674fd2d9075a5fff4e20116195cf18b42df1ecd0126002
Pug/oxford__pug_132.jpg,85e4e5cb0efc9dabbb6d6f481d8d3d2448e91b9bb7626d9989fe716f784b7c80
Pug/oxford__pug_133.jpg,775b42deea845a45edb48ca721366bda60d292bd030edf7820d73fc80007f4b0
Pug/oxford__pug_134.jpg,241242649d0aca56c243b9a8aa894c4c08fa2e988be965623127a5e052b008b5
Pug/oxford__pug_135.jpg,3e8526ed5c42e9eb56b8e21da85f0c95fb335b56ed8416ca7a5763423bb76c84
Pug/oxford__pug_136.jpg,40b0ec8c036d15c0b8268a2561a6f0cad0b0f663b1b245220f44a982a1d4d9e1
Pug/oxford__pug_137.jpg,16c7216b7ed9407a799914cae00e15fabfe08344ae6ca1f35ee6e28a012ef337
Pug/oxford__pug_138.jpg,96008ab12162b85d60363971de4080bfb52f8dd470407a97d069ec8c49448cde
Pug/oxford__pug_139.jpg,751740b8e9551b62f253f7edd18b3ce46dde3ac3b5725a122343d5f7696fdc70
Pug/oxford__pug_14.jpg,0e0548af458950f47118d9a47474587fe8ea60d64fed708ce321e30909d62449
Pug/oxford__pug_140.jpg,d4b8015e7584be2da02e1e0cccc75067524b847614a924b3b7f2c7a9a7718553
Pug/oxford__pug_141.jpg,f0d9c9e3ee743451499db6930d38ed8c53fe85391bf3ddc4858952a7db672196
Pug/oxford__pug_142.jpg,841c14394b12d6459ba72ed545b4c878a818ab6de2d96e84f2b8bad870c1e67b
Pug/oxford__pug_143.jpg,8b32fc496b2d0b45194e2469a5b8eb334acc6c7e389ea7120f80d8e9b8a1a7b6
Pug/oxford__pug_144.jpg,b10e2b92adbdf8b76109f29c744353b09b730460e6ba62bf50fffe061ca52ddd
Pug/oxford__pug_145.jpg,f3f22460ba8f6dea96b162395e09bed2d1bbfbca2fc8055a643f419e1181b74e
Pug/oxford__pug_146.jpg,577e50984f10f2d07fcaea4ffb8695576014646146796f34df1d15603ac5a56d
Pug/oxford__pug_147.jpg,bd72d69114a9a188727563d36f0c90553dacaf5189653c9a61ff58df881074fb
Pug/oxford__pug_148.jpg,d0bdf8823ecbc56e61e7f080e06543cf2f585de17279504cc44ecd71b818f446
Pug/oxford__pug_149.jpg,8de87a822b91f1860544fa3fad43a2e6746ed99666c65aa1feaf2429d2a3d519
Pug/oxford__pug_15.jpg,bc66020b6d469b3b59678d7d990e6a0c0fed36e56fdac41716883dc896926c11
Pug/oxford__pug_150.jpg,042b167d70c15eab5003f82c0c93608724543cb85f96db5a9be6f23ef71ce9a3
Pug/oxford__pug_151.jpg,ce584b9e866e1ead67f1fd26099890c64a0647fcd032c7ee666df0a76d0c1a54
Pug/oxford__pug_153.jpg,33769efdd1ed4f28fefa920cfe26b19f6be6fc7a2f5f2f80b494c6b06d724e17
Pug/oxford__pug_154.jpg,465ce430b7fc2e9facddabc33475ba73fc329791962edb25e4f380c47b8927c3
Pug/oxford__pug_155.jpg,886f786cdd8e4236876e1c389a578ae5c1cc9c556732255d1050baae1888bba6
Pug/oxford__pug_156.jpg,0bbba6a90c8d16caf49bcfc518ec84d90eaeb5463079164c3d2e5da72148ab44
Pug/oxford__pug_157.jpg,10337d5ce402d0dc02abf5d46b085b0d81f84f340a08905885fa237ff3f5f786
Pug/oxford__pug_158.jpg,8cf788e976368e2d5425b32a9b87a99e8e4becd10b8cb7e437439e32f99ed6d8
Pug/oxford__pug_159.jpg,844f58a47c048a964b3fbf2fc8befa1d222fb9f4b9564a656a2d774e71a7beaf
Pug/oxford__pug_16.jpg,e384e56c06dbbde0f7b5f3ecff556609cd1e7f87aa18b8b42fbc292a6ceddde5
Pug/oxford__pug_160.jpg,80631923d9d3edd722ad0352fa3715c84be431d77ddfd67524bf75ae69f03bac
Pug/oxford__pug_161.jpg,d294cef6aec3d5dc6f9791f5f64d8ccf7678ee0ee17e6972aad9dbb967ce3398
Pug/oxford__pug_162.jpg,f7c6de24bf005bf201a25ae41aaba2ad9efeb8713be195dd6ceb12fc99981579
Pug/oxford__pug_163.jpg,c4c8b1f384b72bbd66ceb6b52238b79292cd0edaa14a352d96c6eb9950b8d79b
Pug/oxford__pug_164.jpg,bd4616e1f4d43e83dc2bbc2927fc36362da32091528dc5fc32535dc1491b4838
Pug/oxford__pug_165.jpg,1f6e5710afc56db915e5a6d60bc04d116eb548d40aea1c75e6f61f7970c61760
Pug/oxford__pug_166.jpg,ae2b211fed5c283981afc10938fabbeab2f9d62fd9de1e1aacdbfed39895ffec
Pug/oxford__pug_167.jpg,a472caa7e465d535416bc319a9e735730e27df2ee4b31d957443d1eb3b2a2e44
Pug/oxford__pug_168.jpg,67f3bb004c9aaa8709e3fefbc857c789960d93da87ac1b1b56267983c52834ff
Pug/oxford__pug_169.jpg,2fb91f55cf265cdf056d197812dd1d07202f05d84ae009adb996d55c103ac48a
Pug/oxford__pug_17.jpg,4f316265f83d76b3b8af2e0e1c76080b81f21312efa1759520a4f0d6b059bed1
Pug/oxford__pug_170.jpg,7ec8e789ac7c064fe648b1bb48f3b6c652cfd158c11e99d4cbb6ca94ecf42033
Pug/oxford__pug_171.jpg,766c384104402e3e10ec7c0aa05191eea7292a93a0b26ae1609a9b7cf4e52730
Pug/oxford__pug_172.jpg,78e90ef04fa98c67340fc44b12993848f9d91a8c7958ac1f8b245d1a0c171793
Pug/oxford__pug_173.jpg,ab8bcabbd80c09032b5d35efcbed85d8b30923d2b4f965cb5452a8a4982f848c
Pug/oxford__pug_174.jpg,ad5bc95ae64bef1f6e2657acf89ba700cd53a46c98861d5460da8a5ebd99cfd4
Pug/oxford__pug_175.jpg,8643a9a842312a0e9ca723f3b8474d3cc1be777c83b1d9cb0133995db45374ad
Pug/oxford__pug_176.jpg,86d49a66a5a12dc28bacb81908644c72a26f86f35c370ed9ae966cb2f301736e
Pug/oxford__pug_177.jpg,97ea7121cc4e5f76fd9b7be59b896ca423a7931583b8dae6b3a79b5aefd33a7c
Pug/oxford__pug_178.jpg,adec52a89d45a309d5acf52b43dad90cc43657ea31e98febc213d271ff02a197
Pug/oxford__pug_179.jpg,f4b784b70f6a31e0a9be3336bd72cc707d8f19071a321c5c52d55a811e091d1c
Pug/oxford__pug_18.jpg,86fb8ba1b6e6104b2d1d432dcb2d150836d6cc3c6acd08b6ddf4d673093dcd3a
Pug/oxford__pug_180.jpg,1b49935fc2186bc15f0ed9897c3163cfb11878216edabc42c61a15cb3ac6ed4a
Pug/oxford__pug_181.jpg,ed61e07ea9cab73faf4c2745e7cce586c4124e003ce0cc63e37d3cfd93ff8586
Pug/oxford__pug_182.jpg,663ca72d1662f096aa0af3ce18c1356db0f9899bc85855610d79966ca4d9ded8
Pug/oxford__pug_183.jpg,ce713a08987f093222081a5b0463c0a94d2228251bc85775b231b68c08edd05c
Pug/oxford__pug_184.jpg,ae3f06013236f0bd6c2450a6cbee2bf208e138ea9913061b82fd3de8732d17ec
Pug/oxford__pug_185.jpg,8a628281418134f7aa52719f58c6dcd703c8d3f8d17d16475985eaefa60eb781
Pug/oxford__pug_186.jpg,b9e94bfb361d3191a0c519a129924b4da89d6e5571f07f5b9b698e6faf155dda
Pug/oxford__pug_187.jpg,73ac0d9517485390e6f91aa67be511c9eccfd02b7ccf1d1fdd0beac7cc0a833d
Pug/oxford__pug_188.jpg,b5fd90e629c9b53be60c3a76f12b407af11c02ad806a6185dab6c4abbb127568
Pug/oxford__pug_189.jpg,4dc2b24c6e483784229c54177317fb5f3d821f6c9357602e755d969bc9548ff4
Pug/oxford__pug_19.jpg,09d11041e54444f9397cf1edd5b028850ff7f92bb9401505c543319625058b6e
Pug/oxford__pug_190.jpg,c834e33ed09efead3b9ab5ed9da843d952768e5b9e1382224dccd41788fbd81c
Pug/oxford__pug_191.jpg,74db46d9428915c3beadb9a85e1a4094c8f341c88e3938d6adb18317c6b17d6f
Pug/oxford__pug_192.jpg,683e0248607e24ab6f5aa472e682357d9990f79634028e090fd17bd02972159d
Pug/oxford__pug_193.jpg,96b3963b7ef2b28579065053383b83722a922a631fb1d05cd57b3871f4b1d312
Pug/oxford__pug_194.jpg,024064c424b8f47a8f8e52e1d7878b616725b6f768012dfa1584b20c10bf30e6
Pug/oxford__pug_195.jpg,abbf59199183ce002876bbfc275b55d7be41c53d0feaa0ac7ecbeffadc49b876
Pug/oxford__pug_196.jpg,eff50d89c41062392bb85d416940142bf65698ff87329c50eb23d44bbdac507f
Pug/oxford__pug_197.jpg,29c011e30a770c5f8754ea8d714342c72357e363d4d11347dcac278e63b87920
Pug/oxford__pug_198.jpg,144af47a36580d41af630e755a5801a513727afe377edd647713123f294b49a5
Pug/oxford__pug_199.jpg,f66575bcd417c0ca3a17790360dcaa2cd1e4566bff03ed23d31c7651153631cf
Pug/oxford__pug_2.jpg,f66099bfe8d5b3106329bbb3fbfc9136bcd3d13c79d446e105f1708f53c121f1
Pug/oxford__pug_20.jpg,6b7ae21433682f6197552a0045f8236c29452ffa9b4747932c51d165a2adae77
Pug/oxford__pug_200.jpg,01d77ca5deff13d7ba09e45e41acbd5ef80ec4fb32886e7fbbf6afa578e04ffa
Pug/oxford__pug_201.jpg,8800004df010069885cb657a5952b98a46787bdf1683f9161afbc8e35d512c71
Pug/oxford__pug_202.jpg,2683f9c1890e32d4c280145c0e808364025f47feafb33da75bf7f141cee281fd
Pug/oxford__pug_203.jpg,49063fcd400ee7e7aeb5ba52a88afc1d7e5eed6deb12451feae84b47cdd4e125
Pug/oxford__pug_21.jpg,31e05f27e04b1b2f6c97c0c9dc65f9c9c1bfb8c9c09cba0c78a693fc36955396
Pug/oxford__pug_22.jpg,ad28169eb01e6f1fa30ee52bb57e9f94ac451afe199bf47045d5a265088074df
Pug/oxford__pug_23.jpg,53924efccf1fb0aa6104a226c78306012234cf3360770b80515893a0a1407a27
Pug/oxford__pug_24.jpg,3ce97783d49dc610c30e697907aa082918f6de647bcd8af29bc0795196c63169
Pug/oxford__pug_25.jpg,001bdfef0e80980785a855914a3234e0dc292d7c79015d395b15726dc6f17fc6
Pug/oxford__pug_26.jpg,1148bd13f407d3fa6276e674877a4ada7568fb92a44bc7993123853fb2b3d919
Pug/oxford__pug_27.jpg,7a643e77dbfc963016027633ced29a726025a1e752d02f4e6f6752c52172d613
Pug/oxford__pug_28.jpg,9c8e70f4c0cc554bc61c97fc080194a3740f457d0e222ac47084969af7f7748f
Pug/oxford__pug_29.jpg,ee46adb48b1598f0883439272ab225159a19232d63b8188fd3d49154178d382f
Pug/oxford__pug_3.jpg,636940e5588375d2a462aa75fe24cacf6aedd0eaee2e2ee741734ff1a2940da2
Pug/oxford__pug_30.jpg,699bb0ef8b7eb4d63af0c27c1c5baa134ff6406bd60c43f9cb116eb80f77ac32
Pug/oxford__pug_31.jpg,62afa4a285cc3750f34ecfef26627aa504314beb07c58adcf72379611a8cf2ba
Pug/oxford__pug_32.jpg,dc6bafef71be96125711bcd6b800774700472004b465b26174a64270e55bdc76
Pug/oxford__pug_33.jpg,d1e352fe764b93890e244e686c6e7128ad270b04c6036fe35519f29f8e49572b
Pug/oxford__pug_34.jpg,393be027ab034dce8db1f77cc9b471b55e2bd0f1b57e1fc04c61aa2f94d3be44
Pug/oxford__pug_35.jpg,88985199aec8952b8b92a6bfe3a847ccd2b6fe200c61dcfe44d588281fd53604
Pug/oxford__pug_36.jpg,92448aff3f47f8caf3e17bdcf7914db5d4bce1eb353f7a5c84900703617eea95
Pug/oxford__pug_37.jpg,659be1d819d5f79d3f1ac59a577d62adc3f4f69967dfb5bc73e3ccaefe19d526
Pug/oxford__pug_38.jpg,64f001c683cb7e6372072f1ab96a2a1fb9dc3148ec7782291c3f8198dd45f88c
Pug/oxford__pug_39.jpg,9b5d5d8e20c4aa648fddfe4ac28bd016494829e8165fd40f1c43c62f0923f8db
Pug/oxford__pug_4.jpg,150d28d40905d7fd9e2e385814f8d34bc98d12b532887903e863b3cbc1935a35
Pug/oxford__pug_40.jpg,761df568f8d870de3b45c43977653a00fcf3c682b4bf8f99a5a93b873fca9f55
Pug/oxford__pug_41.jpg,388a2a17baaf01b545d1916518e688120da893e076037ff624abafe5bfd8193a
Pug/oxford__pug_42.jpg,f33a1d4a8c802193eac4d78ea3cc7bd2b79fcd8bf94aa172efccb04048a08489
Pug/oxford__pug_43.jpg,6763b56712c76db333ad566e8b4bbe3ca68f89e35740d4f5dc599905bc4da380
Pug/oxford__pug_44.jpg,6a12899f8925ccfdc3b817898024d065cb38d50e5f587845deab8beeb667fd22
Pug/oxford__pug_45.jpg,ce2f45ac9addd9e3bfc3634624d5a3ff5de66b3e4bbe004b84a5c04fb5eeec88
Pug/oxford__pug_46.jpg,5a00082f2a7117d453f0b360c3bbd5749c3ca357e0bfc5a638feb8285322b349
Pug/oxford__pug_47.jpg,55aad346723f7a10e0054eda0b2b58ae24a42a5a0fd936e560f4d8584ba3f69c
Pug/oxford__pug_48.jpg,e7a5fb33a8d60803e34e73ab116cf43b526cbd5ebb94c548f52b3dc4ec7d17f0
Pug/oxford__pug_49.jpg,84d523fab10309753d1a898c41986129baf9a27c54929a12f52407b85bddf1a2
Pug/oxford__pug_5.jpg,d26c005a8e37320f07535c89487190ae70d21da090acb68f40d676ebb5e49e4a
Pug/oxford__pug_50.jpg,4305999c6023f82a13737aa62e3f004f2586e498dd9977d406c1b493b2ca2f73
Pug/oxford__pug_51.jpg,c18e1c8a3400f090dd7c272927442a48008e1c7b812eee69aef70bcb9f5ba9af
Pug/oxford__pug_52.jpg,09a4b72d07697012e4084ee287f33b1e9e72c7faeb354540fde0176e545c044b
Pug/oxford__pug_53.jpg,5615e6c8c64e68614e3cb33fb8f1ab941e9b5f97cfa5a34894688782232d1005
Pug/oxford__pug_54.jpg,190c262153abb35d1cdd9980b5404f6bb4379b016a46beeff87d2529db1912fc
Pug/oxford__pug_55.jpg,bab34458995e15605610587b9d37956a0066300b0ee1ff772039c64fbbe67d2a
Pug/oxford__pug_56.jpg,f59260de3cce652fedfcf1a4025934049a7cea1d77d40bc83cdf131e2ac33191
Pug/oxford__pug_57.jpg,e2e342c23b6eea44917521c0d71c27b000e42395e3b826b639d6f1dc4a48933d
Pug/oxford__pug_58.jpg,6d47aa7fc1c0003468d8db5f5681e4e7747a8804dfe0517c8c1798cb5646253a
Pug/oxford__pug_59.jpg,642785331698ed03e34bb62e75561e72e14671f1735e6aba89a6206bdfb0dbdb
Pug/oxford__pug_6.jpg,5ae3cc42fefb154a8bff54b18bc56f79e71bc9ca781a1ccc106a8669cd8f710f
Pug/oxford__pug_60.jpg,101f622b113c43a015f83334e4a0374a9478bdf24d45709d6bf62809351636dc
Pug/oxford__pug_61.jpg,fd85093667700513b519a5c490ab94717371d9ee116aec1119840d08ccfbb576
Pug/oxford__pug_62.jpg,4e5e20ce973ceb5547b8bc181898168e1e76e3a5765ae3271f130307de26f91d
Pug/oxford__pug_63.jpg,79196ba904cb081a0fca8f66f9778d610e34c0081d09f3d88c379b1cc766d736
Pug/oxford__pug_64.jpg,a45c9e467828fb8979d28ec98c5e264935f96e996e7c4f4b4a75320168c05311
Pug/oxford__pug_65.jpg,fe1d8891bf41cc1ae5f4e920bb157b18649425b840e880c560306545ca68ae56
Pug/oxford__pug_66.jpg,251db6e6756c79d837b05e5bcf14caa0300ab2d782b945c3b533c39c33e12c9e
Pug/oxford__pug_67.jpg,8eb79c77a0bd04f80ae69aa53a960b1292cc6736d71d6cf2d8fd62bd6563379b
Pug/oxford__pug_68.jpg,678c70b0ccf188b5f306e2b26fd9a9d83b38e8d09a4bbe5349619ae095ca741e
Pug/oxford__pug_69.jpg,821d21c5c518648e48c524955e8c2585b11288ae29e80b4b9fcb51a6f3610cdc
Pug/oxford__pug_7.jpg,bce5154ba6489a9b0fa4a5f18989b2388faab9039c6bcfdae6535bd60a2b4240
Pug/oxford__pug_70.jpg,88463e1b3153231e7a88186f2dafc35451a9fc12083fa696a8f9e1ad29403e0a
Pug/oxford__pug_71.jpg,55bab39d7f3a44733138ccc83eeb8b0b486e32a1e23d0718a6cb9a6a4d882f6c
Pug/oxford__pug_72.jpg,2535b070375bb33b38b557b5cd71c5fc6efa3361ed9e1bbdef19fabc4a5b3f39
Pug/oxford__pug_73.jpg,6866ac91f20877df4e4456f33f59dd8880ee525ac8886e58c18deebe4eb5b1c5
Pug/oxford__pug_74.jpg,4b6bc02a5df0d17d8956af5f7d156893e35407e7ec157594a6907f97ee9767ad
Pug/oxford__pug_75.jpg,e81cdbacc4e55882edce1d04dd08e029f6005eac4523b8234b703dc17581d766
Pug/oxford__pug_76.jpg,23dbd60ab4d63f16e0ac95ac1cdb6d074684df2ebc91554af504f68234526bc8
Pug/oxford__pug_77.jpg,5412d4b6b4166135932b5bf75ef2cf0e66185b557050ef2a7ebafb4068a5f9e7
Pug/oxford__pug_78.jpg,135f27e2dfd0bf620a24e5fceb0b74bfd3e134b65d6ea9ae613bf649bdfab1f9
Pug/oxford__pug_79.jpg,8c36e477ef2311acb603e51a065760ca09f452f32ebe9173b119fa04c17ed2e8
Pug/oxford__pug_8.jpg,a3444542e6efb053439645f21a1e102b08a68080034960fe2f9ba90770e2e8af
Pug/oxford__pug_80.jpg,e0c211e04818dc0e23381fbc8681445326d74ab1eb07d6b4098d43029f6681f2
Pug/oxford__pug_81.jpg,10e2e6c6a2a4e439ae17daf31b561b906facd2a506e9467ace13fa6cd8240a15
Pug/oxford__pug_82.jpg,c2c529309115a9ba018788fb7ba4bdd78f8da441d9ae63ab20073264f62028ed
Pug/oxford__pug_84.jpg,4bead6bd4ca9faeada68f97a9d5e3d1c2db5b700222c0c905a442bfac189bf87
Pug/oxford__pug_85.jpg,52b4c5212a4baeee05463183c2a099e8f2f33315b172a45f9b1c9587b5b62fb0
Pug/oxford__pug_86.jpg,363a5e30efa111c62a32d28a10808bf42a64e751089d57063211b02776984cf3
Pug/oxford__pug_87.jpg,583e245dcaaff1d1bd6572635fe755e49f63c58a5ec5929a81e15e1f09d66ccb
Pug/oxford__pug_88.jpg,ea40c250e84096d517acd353b4b020f76e52df6f6eb6cb22c595cf2873309a33
Pug/oxford__pug_89.jpg,3ddba45932035a071c22c1e36e8b350cc17bc4ecca6c3122522d8327d3c34ffb
Pug/oxford__pug_9.jpg,199b88c00233729ca8366a51812a123b69497ac3840d3670112eb5e25db2d996
Pug/oxford__pug_90.jpg,14e3304ab7d552282b70dc8e81becb9f3a34a6f9cc66e37a324c6e77ccc1484b
Pug/oxford__pug_91.jpg,03b3eda20b28976ab8e8fe999e9805608538edf5dd576be97837be85fde6bfce
Pug/oxford__pug_92.jpg,7918c0e1e1624ae4226e36ea4c22f143a92ac8564f5c0dfe9d0c3b5a16fe66af
Pug/oxford__pug_93.jpg,d9ddf898603824fb27255361d211678584780443e16ae1234a49f95be750fa83
Pug/oxford__pug_94.jpg,bc3eea5b748c27978e5699737e7e004e735d3000ab41d3ebe4dfd32c68dad8d3
Pug/oxford__pug_95.jpg,60ccf0ab693daceb169f367c2fddcf35f30681e27e8aa153a88199c48c1c513b
Pug/oxford__pug_96.jpg,3fc0630242f739e7ef38d498122b58039b4b239975802651262e5a387accfd5f
Pug/oxford__pug_97.jpg,3982ed22743e896e8f9330b2d09252060a4f818d9547ff62629d4b8708e3c3ef
Pug/oxford__pug_98.jpg,214a62c7cc3740512282d966eb7ede79b13eb55467432231317429f29c707a2e
Pug/oxford__pug_99.jpg,88ede061c625cc71689c43173c280753320265facb78193181ca3f1efec6dd7e
Ragdoll/oxford__Ragdoll_1.jpg,4ee8d0e653da0ffccfaaf0db2c6f38f179817988c60d69f760d930047a566ca6
Ragdoll/oxford__Ragdoll_10.jpg,e4e11d0226578267151989c63fa9fec37ef27a63a264a2edc929535e327dfb50
Ragdoll/oxford__Ragdoll_100.jpg,0a3e59345910d9c0e7d9d4e49c0049e58e79fde07463a351cdc31e3cd20963ab
Ragdoll/oxford__Ragdoll_101.jpg,7f8f7664a834cfabb4b4fb761d4a410a966ba4d5df64a72de36e51079fcae0bd
Ragdoll/oxford__Ragdoll_103.jpg,6e441f1cbfd5ae3b51bc858921a90b59f0e5cf9daa491ccd24ed96b7eb40bf8e
Ragdoll/oxford__Ragdoll_104.jpg,7bc7c31c17e7b4a695387a96c9925bfc39b4a953c62f3cdd8ab712913b5b978b
Ragdoll/oxford__Ragdoll_105.jpg,9c20000ce4f381e2b737abef255027a1d0e8e06486a244e9be065109ab42d6e6
Ragdoll/oxford__Ragdoll_106.jpg,f41ded8a98dcaab8f62297673e5409ce736825201c45d6102c4a4e2214bed34c
Ragdoll/oxford__Ragdoll_107.jpg,817a547052f16886310763a37abd5e9f8b5c387004d9ccc925639be75baa0487
Ragdoll/oxford__Ragdoll_110.jpg,de5bb78f03e09591d483b63798c59876868ae34520295d3eff6cadc66eea8f14
Ragdoll/oxford__Ragdoll_111.jpg,96037e7a895d73ac7ba4693bce65c29576bedcea73e4d7d62e622af6dcf45389
Ragdoll/oxford__Ragdoll_112.jpg,b0015045c3ad279be256b9545e2d537c02633bc29bd5f3a5e1bd0e994b6b2f76
Ragdoll/oxford__Ragdoll_113.jpg,c306c956a88f25eaffd69da1bec1f3e8b1f8df7e6bf489a68feb643e9fc5e68a
Ragdoll/oxford__Ragdoll_114.jpg,6e5e00d2d3d0788fe3d3a4ded7284a745632a000f7dd7e4b63f31dbf67c89851
Ragdoll/oxford__Ragdoll_115.jpg,a74cc096cacffc35936ce40b04270798d8b26936746018a13a4f29697c0dab8b
Ragdoll/oxford__Ragdoll_116.jpg,e2e421fc0ed298226bc68c2cc87a8fbcc56ab3fc06b02e7a740b9472bbb3642f
Ragdoll/oxford__Ragdoll_117.jpg,21b06747964e80af558bfe9df0f1b4880c4612988a0c1cb4ed796cd83b59b984
Ragdoll/oxford__Ragdoll_118.jpg,9cec58e4799b0f5b839637ed16b38b762b74edeffd26639acf995c01b7b18e4a
Ragdoll/oxford__Ragdoll_119.jpg,b40111678bd2d1ff4be5c2bd8ae3fcbbecc333d62b309e298a9e4fdf47edb25c
Ragdoll/oxford__Ragdoll_12.jpg,3e889c7fcd609a6ff240eadd86d0c62882889c07563f79138d28d5c0209fe264
Ragdoll/oxford__Ragdoll_121.jpg,16133b8c364d1653913a9d459a6b5ca272ae469862d394274bde3493991f3cd6
Ragdoll/oxford__Ragdoll_122.jpg,5ed274e71f52067e4fc35e246e7a59beac72784a72611c8623bb5193ceb9acbf
Ragdoll/oxford__Ragdoll_124.jpg,c57ae88aabccb72d4f30c6dcd1a0575b7658e503a80cf41d9800a58edf4e4e49
Ragdoll/oxford__Ragdoll_125.jpg,19a6d7459530dbc6c102b27365e7fae490d4417c86222d98cf9935fafb4c6c3a
Ragdoll/oxford__Ragdoll_126.jpg,4cd76dbcac48091b514046b5e814bf89836214a7edee39c37bde22268e0ad3c6
Ragdoll/oxford__Ragdoll_127.jpg,a73a61d134a605d926cdf98b8cbeb14c0e93503e164b0a82a11c0b42ded8e5db
Ragdoll/oxford__Ragdoll_128.jpg,63c6b5676b41ddb4c90aa0f2a5adac1a58fa2da4d099532f1a8feb530620dc88
Ragdoll/oxford__Ragdoll_129.jpg,675074e89a36d39816c8a4de74b20d16153a64f43040c9153ff8d1b81ac92007
Ragdoll/oxford__Ragdoll_13.jpg,d8a85eae7e0e33adfd71e2495a3896486c7c6e5ff9826ce70935262f9e36327c
Ragdoll/oxford__Ragdoll_130.jpg,9029511abc297eb7e155bf352871ad55bcf8c6b4f19775922216e54ad96cc143
Ragdoll/oxford__Ragdoll_131.jpg,9d157c52531465dd1ec2d8697c54e73c6937d859a9e4497c073e83ff4dbb88bd
Ragdoll/oxford__Ragdoll_132.jpg,45c7c6ba30b7f427014850606cadf0dd205c666819828dadd308ae05b27fb551
Ragdoll/oxford__Ragdoll_133.jpg,9788ecb9167176dfcc7c6c0bc5daaf71d35b4ffeddefb7d6494d85aee20e6e9c
Ragdoll/oxford__Ragdoll_134.jpg,743f44428c653e6d4cc62b09f2af4d4682d2e440e9a5418ed577bcc65cb7dd7e
Ragdoll/oxford__Ragdoll_135.jpg,f117f0fd2194b3b438ef519d8c1a2a2b47b5332f5d9a3e83eb15419df166dc67
Ragdoll/oxford__Ragdoll_136.jpg,70c0930a3170ae047e656d518138ac7151259c9ab052729b8b222c567b7373dd
Ragdoll/oxford__Ragdoll_137.jpg,5de2fc71cba973bd8c0ea0da5516878d0c6bebc37d15fced33a9491af8367f51
Ragdoll/oxford__Ragdoll_138.jpg,59b479a61e5ecbb5bbbf76bcffecd13aacb80e708ee91dfdd8909239529b90aa
Ragdoll/oxford__Ragdoll_139.jpg,6b9a44e4b3c76a099510432cc901a43c2e65d1f51c3d2dfa0b2e6187f8a17bbf
Ragdoll/oxford__Ragdoll_140.jpg,62287d0fb46d1206d9299b3cca1e29a80b1b33d5f423b41f4a4919cace1cefd5
Ragdoll/oxford__Ragdoll_141.jpg,cb233dabc9d1c32cc892cc9715ca2a461b435abc75323d25250dcce710c34c23
Ragdoll/oxford__Ragdoll_142.jpg,14d5cd18108dd108ca47209030626361bab0f98a4b76de982ba3d79e61c601d7
Ragdoll/oxford__Ragdoll_143.jpg,a264b1238381a1c23293321e7069969aa17a51aa6632df7f15e2e6a81dc8c911
Ragdoll/oxford__Ragdoll_145.jpg,bc7b229604e8689be130911b98138544c5b058189cdc1d45ea2dcbfd7341fba8
Ragdoll/oxford__Ragdoll_146.jpg,1a833e03b607c109568fd7d5b2ab1af5f535649521d397abefb8a9be1331f78f
Ragdoll/oxford__Ragdoll_147.jpg,ba2e9bedd9e2b359f5304f653d65a98094bd32695ae44a6fb1066fee3603ed2a
Ragdoll/oxford__Ragdoll_148.jpg,79857dc8d931355c530eca54628690b2eec176d1c6514c11cce6c5a08ef06b96
Ragdoll/oxford__Ragdoll_149.jpg,28a0d0717b96d012e3ada4986949d4cfb6a5abf9b5d054a4b3d186245088a15d
Ragdoll/oxford__Ragdoll_150.jpg,e892dfefcda379ae1e78f65332a052775cf41325fbba2d3b6ff5d669af28cb4c
Ragdoll/oxford__Ragdoll_151.jpg,6b55b724d09c6f4fe0b569f951809c80393e3dd0ce5913ed83dbca37b8448faa
Ragdoll/oxford__Ragdoll_152.jpg,df3ba4363ba3a972131d4160732081cfdb793555b1f04168eb2dacae1621298e
Ragdoll/oxford__Ragdoll_153.jpg,37c16dab4127124bffa36014a5d92299a83dd9c9a526d5257d51fdfa64a75087
Ragdoll/oxford__Ragdoll_154.jpg,a01aa683d1ef5655b8a84af40c729cdda0ec6a0fc840af91a13c1013b25072c6
Ragdoll/oxford__Ragdoll_155.jpg,c542cf5f68e37836732ac21605fc2947e86fd04f961e2a4d3ead79fbf9d30f82
Ragdoll/oxford__Ragdoll_156.jpg,ca5574ab28c0893da36ebb2b4f042e897b6c625282e721355829f42bebc14d45
Ragdoll/oxford__Ragdoll_158.jpg,4dd08e160b117d57413433d66203ce515c84e82a310c98d37d1caf7103d8a4e8
Ragdoll/oxford__Ragdoll_159.jpg,11edab10399978c08246c76156da9459b7cdc64d0b2ba0b0f1680c1ad1ab7904
Ragdoll/oxford__Ragdoll_16.jpg,e502bc03faa80d0cda37cdab3a5990ca37e0520dae6be2281d33ea998ab3757a
Ragdoll/oxford__Ragdoll_160.jpg,1f6cdf1e36385665fc3f5a6cbf18a64f68f8b27e7f04ad254942b176559c1ecc
Ragdoll/oxford__Ragdoll_161.jpg,086902c1dd4c6722ba6780cf5fb8e17a7ffbccb7e70d3f6111c3de9ff77dfa19
Ragdoll/oxford__Ragdoll_162.jpg,fe643088cd9790561bdc72549a490a2d421a80aa7defee7a4b44c62cfed624ff
Ragdoll/oxford__Ragdoll_163.jpg,efda601a2a15117a0639453848c929b54b7eff651ad222b063a30e65df7df6f5
Ragdoll/oxford__Ragdoll_164.jpg,b15e56beaf7a2c9b2bfaa04413d57af355ca7d5115f7c0591141f8775c987898
Ragdoll/oxford__Ragdoll_165.jpg,ddc2aa282ee165e1bf95a7d27f2ebae8a8a9405d679883a4517402ad72ce3560
Ragdoll/oxford__Ragdoll_166.jpg,643de1771425d623f3f6dff33b726dba4cd53ffde287e1ee0c79754234cc4a6e
Ragdoll/oxford__Ragdoll_168.jpg,205532a8424440d0d6ed08342a076735846ab5ed01a7b82f37c64c4f1637a599
Ragdoll/oxford__Ragdoll_169.jpg,3c58a7e61c38086c84f78548d55bd4cea2d91011bd3859cb839cbbe22ed27dcf
Ragdoll/oxford__Ragdoll_170.jpg,2952212babec192c9a302a0e8aa229eed1b4c59f05d3f6dbb8b4f4681c0f1743
Ragdoll/oxford__Ragdoll_171.jpg,c649e356636ad85d3631eaa0832704f6649c5b8167328d58bed3fc92cbcfe104
Ragdoll/oxford__Ragdoll_172.jpg,ea98e46437cbf5322f1849c94355bcfc8abbf9e16b08b41870b363bfd130ca95
Ragdoll/oxford__Ragdoll_173.jpg,ad761217a69c07072994c6c9203d8fc32c55d6e4824d3837c178cc2848855cef
Ragdoll/oxford__Ragdoll_174.jpg,b109f307a5f42434c8fcf588de6604a65f850f67b4f6e9e85b31075594c2631a
Ragdoll/oxford__Ragdoll_175.jpg,f82bf63292efef1466c67206c167231683b318b831db89ec28825a7215f93a81
Ragdoll/oxford__Ragdoll_176.jpg,0ed79ac6e3803790f9b156739676879ef5a70ca5d640d694a112e723beedda5e
Ragdoll/oxford__Ragdoll_177.jpg,01cb4c5d37060c6bda453727f7e0fc41ad05d4b422091b3950a9eb18dc22cdd6
Ragdoll/oxford__Ragdoll_178.jpg,86d2875a3c4f351589c6445efc9cf100b8264f95be68771d106385cea40b274e
Ragdoll/oxford__Ragdoll_179.jpg,9a7d552aa9123ebb4e3b2ce40ff55bb9293845d32c281d9b30677b7df6195f33
Ragdoll/oxford__Ragdoll_18.jpg,a2094612489edf83d3b05d9ddd4de66a4498bdcb5a0500627ff5e88adff2f119
Ragdoll/oxford__Ragdoll_180.jpg,e948a00c0ae165fb417629cc1f6103641c116171168e64944b6654c52840906a
Ragdoll/oxford__Ragdoll_181.jpg,4e444868c151ed07accd7a6b8d704baef5d4b733e6d22cff01d93636793266cc
Ragdoll/oxford__Ragdoll_182.jpg,37db284bc65048bb4f05a2972a1858d875ca40804c9855949635b771a4f58ba6
Ragdoll/oxford__Ragdoll_183.jpg,20f5dc97976d5ac7146ba5d7fd6fbfb7cd38974882d524d210b2e5e6ff1f657b
Ragdoll/oxford__Ragdoll_184.jpg,68b0de5f51019d7ea06e6d254ac5022135db3c2be55f91a1396c6b46ab54f244
Ragdoll/oxford__Ragdoll_185.jpg,9a0c36744bdb88e7b18a1aadda520131a246d38d97505020102ac34c4e4a3ee9
Ragdoll/oxford__Ragdoll_186.jpg,088ba4b61103ea2ff5bb10c7bef583e6d151834018b4afb12cac754cc5560a5c
Ragdoll/oxford__Ragdoll_187.jpg,f75c88c357f1e8be3df10d92e27e70cedd711ac87f847caf5e7cc1ff07c0745f
Ragdoll/oxford__Ragdoll_188.jpg,8157efad440ee7752efd36732bf9ebf44b534be3421815477c623f87896ea9cb
Ragdoll/oxford__Ragdoll_189.jpg,056dbd3f03195cd63b991cb273a0f4a801598ee3a611f9e58382ac7123cc095e
Ragdoll/oxford__Ragdoll_190.jpg,594d8eeee9cf52cdd4b49954fd244467d7e634ed59ffa3c9b92f5d8d4914087a
Ragdoll/oxford__Ragdoll_191.jpg,16794c47c8466e8836a2cdb3ad10257e9b039ae317913db30af58482179ca32a
Ragdoll/oxford__Ragdoll_192.jpg,363f2948c3a572a974bcec01102291126f4278065a3cb24a7c43bb9f5e92b53f
Ragdoll/oxford__Ragdoll_193.jpg,d608bd5251a9f19a95eb10b8f9130e46163a95861f0a596f6ac4ce246223917d
Ragdoll/oxford__Ragdoll_194.jpg,57f5eb5fc5fda545e5a8398b5336719753c5a04f783a4dab451184f006f11886
Ragdoll/oxford__Ragdoll_195.jpg,7a8e1ccafddaa2c27730c82543e14387855d269959f121a7adfb1a53a4ec3f67
Ragdoll/oxford__Ragdoll_196.jpg,33f336a65479a1ff5d796b45b0363003e13ab6bcae71b0b638f5a060a47faa5a
Ragdoll/oxford__Ragdoll_197.jpg,71d22f1c51ea0f93eb5c8ad54d196047e67dd7ce6c5ecafe11f05e8865fb7266
Ragdoll/oxford__Ragdoll_198.jpg,5cfc404bef6b0018dde71accb6da8771f51cc04575f263df65443b86440453c7
Ragdoll/oxford__Ragdoll_199.jpg,351441854db0a0e18949ffc50f440fe9c337af00fe602034fa2f4713c2d39b3d
Ragdoll/oxford__Ragdoll_2.jpg,cfa19fb411e33f03c7fc4aa7cc29fb8bbfc5fe4fc3c2c09887f970c0f42d3341
Ragdoll/oxford__Ragdoll_20.jpg,eccfcc9d04a2e28ef60d7acc0f3b6784648216ca71c8ff221bf678e8807cc273
Ragdoll/oxford__Ragdoll_201.jpg,2c89c40cbfb94269712604fe676a0d95f706b4200311d2bca62ecc47716cc2b5
Ragdoll/oxford__Ragdoll_202.jpg,31d4daf75360cfda42f185f7987ea699857049a3d4e9be1a8330992aefc05f57
Ragdoll/oxford__Ragdoll_203.jpg,b2b1e84b27cd66cad68fc4fbb14bd1a540aca64bdc049c64f2ba97a474301e26
Ragdoll/oxford__Ragdoll_204.jpg,9ef7f622fe16058d61cfca93018cc42534be7a717e9b7509dfb305cbdb2d03d2
Ragdoll/oxford__Ragdoll_205.jpg,67a14bea0208b798231d29e4d466af5ef30a32d9e1df34b4d24eeafb990172f0
Ragdoll/oxford__Ragdoll_208.jpg,231be55e6cebf5528e973787a0b3309c85d8d1db3ec316ebe5e3c609755f0e50
Ragdoll/oxford__Ragdoll_210.jpg,194381d73448d1cb36a90c13a1e17b0bb710969ada5caac2a8df701dcea6a4b5
Ragdoll/oxford__Ragdoll_219.jpg,884eda6ad35ce6ba37ff8ba04dbe73927537d6bda22d9f56e6cd02cb29624ae0
Ragdoll/oxford__Ragdoll_224.jpg,c3d6aaed3b36033de90923907930f6c206339b268603e592caf2755744394ae7
Ragdoll/oxford__Ragdoll_227.jpg,510b1078a574cb04850ed41b684a29dfe6feb46b9b91bf2d1e6af3ca76aa230b
Ragdoll/oxford__Ragdoll_228.jpg,dc9ec253a2e7afa86bc6a649b4544382f0e37ebef7c6162c23c58abba01a5a58
Ragdoll/oxford__Ragdoll_234.jpg,4c6d1fb25ff7a1d413e5d9d2c6e10da044c46f7d2b410ecb7dcc4e0d89b3f049
Ragdoll/oxford__Ragdoll_235.jpg,696fb52decc6152004ab21b24558b42c1e74be8ab3a17e49999a9d30fb60bbcd
Ragdoll/oxford__Ragdoll_24.jpg,7589882669254e647deae0eae8136b25ab2f46acf2bc8e329418fdc8f0642294
Ragdoll/oxford__Ragdoll_245.jpg,aafb174379fda48cff462c6830791665aaff1764798dc869ff386e3fc1a9e126
Ragdoll/oxford__Ragdoll_25.jpg,346e006a80d7e502de60061422bb63f26f58b6cf851e4da75ee88da3cbe46a4c
Ragdoll/oxford__Ragdoll_250.jpg,4f16fb6c4c9f0b478be1878b6d134af434e6077912167c59c3f5b1fe8441710d
Ragdoll/oxford__Ragdoll_252.jpg,786e5ba31544883462ecfef669b346cab9698d54a3a149e1c8f20bb53e8018a4
Ragdoll/oxford__Ragdoll_254.jpg,2e100f6c32cea7121b05fe45e9e58124ae9cab0ff358f890cf5bbbb7181dc027
Ragdoll/oxford__Ragdoll_255.jpg,81b66bc42a05a39c48bbb921e6b17b083c1f7a0b284b317fa5187e3a9110887e
Ragdoll/oxford__Ragdoll_257.jpg,0a2cd4261da56ae78306dda7ad44eb8fe65f3d2e60fed92c671d363513a78d53
Ragdoll/oxford__Ragdoll_258.jpg,78c51ae79f73bec5304809049205c82955b553f33badf997e48ae97aa1634745
Ragdoll/oxford__Ragdoll_259.jpg,0638448e4af57ec4b9af830d08834a09ecf3df03041e9c08bd13566b4ce308e1
Ragdoll/oxford__Ragdoll_26.jpg,771a40fc4e5f9dc592693eee6b2f1a6c583b271539323e97d05da57295dc2aeb
Ragdoll/oxford__Ragdoll_260.jpg,c0b7be0cd9e4008eaf775a125aac87f205b6aa80952dd8a8bd18e3d46db5ae53
Ragdoll/oxford__Ragdoll_261.jpg,53190d21241c89609216729767003f2dea328e9783f67a7757488e8b7d969947
Ragdoll/oxford__Ragdoll_262.jpg,080882d94235979b0c808c3536281415e71dfb322f40cd0855ddba6646b1f54a
Ragdoll/oxford__Ragdoll_263.jpg,73ed6039b76f55a665cc86e6a62391a8450dace9a8f183070328bd7d486a5227
Ragdoll/oxford__Ragdoll_264.jpg,7e49efe659814e2c478be0551d84196298a127fbc10ba0d7ac2b89a3f7ff8f61
Ragdoll/oxford__Ragdoll_265.jpg,3071182f4f912302e2a77a0446779596f13f51f840c0afda8296b0eb97a4eea6
Ragdoll/oxford__Ragdoll_27.jpg,d236186b4a908e60e9ea6c44fe2b5795cb533e158d39b6c7522a113859bd5c9c
Ragdoll/oxford__Ragdoll_29.jpg,cdd9f7dabc09d42b9e5267bfe5a4a6da5a71abf6828962382aa7241b132aa825
Ragdoll/oxford__Ragdoll_3.jpg,5fe6475e4b2ba75609f92ffb7482387e33971d289c7125b7d33ada9e9b87aca9
Ragdoll/oxford__Ragdoll_30.jpg,e5e362fe328118b9d5a0300ef41cf9fbb8151fe628acea5665b5e413e5156de4
Ragdoll/oxford__Ragdoll_31.jpg,d260f48ffca2283355ef0042fdefaf00beafc16a287fa6d61e7f076f0cdd3712
Ragdoll/oxford__Ragdoll_32.jpg,20202a678cf391cab1472a6a62077dc34e2f407c3e3293775188a1af9f4f2618
Ragdoll/oxford__Ragdoll_33.jpg,b26a543edbc5a8e9f7c25cf2494dae51d5a8e2152fa3bbd10bd081ddf065e970
Ragdoll/oxford__Ragdoll_34.jpg,27661f93299758fcda2b0fb4f816b1f6786cd528097621b4d8d713565b681ef6
Ragdoll/oxford__Ragdoll_35.jpg,c4a160c37c41159bf3b6b41fddb87ec48d55fc8eacda32de8de10755873ac441
Ragdoll/oxford__Ragdoll_36.jpg,655400670173c6fe16f21fd73be6a0b68fae394b5f1a6d16d9beb6a078d8f2a6
Ragdoll/oxford__Ragdoll_37.jpg,1f2371260e129da9775aa2779fb3505ada55f753fd258c1df0c917891389271c
Ragdoll/oxford__Ragdoll_4.jpg,9036256eb7c6a258b812d09bf9fa0f972d2a68ca164b8ae8e1378f3f7e19e213
Ragdoll/oxford__Ragdoll_40.jpg,954788da65552b355e58f74cce6669196b6fc1788f86edf051767a071502def6
Ragdoll/oxford__Ragdoll_41.jpg,3be1cd0a40a6711b9a19b30f681247e97b019eef9d871d92ff83e1b4d2289b40
Ragdoll/oxford__Ragdoll_42.jpg,6001c3315c5c459dda9c96b4c1c9ec0e7e53e0dd18954908a93120ef2a7d8374
Ragdoll/oxford__Ragdoll_43.jpg,5b69b03b14560d09d322d34e17068960ffd5c8cf183022e5e3af2d8a1a48e23a
Ragdoll/oxford__Ragdoll_44.jpg,8c25795cc804c2ac2713970a012b76223ad14996f8728c3e36fbe4dca669d276
Ragdoll/oxford__Ragdoll_45.jpg,70945074d99c5454f030ffd0012102d9ff735c9a8d2cdf3e1ce231064897772c
Ragdoll/oxford__Ragdoll_47.jpg,d6b5efea3527c3888846ab127f32fcd6f0616471b820fc6cd06736b4bb911604
Ragdoll/oxford__Ragdoll_48.jpg,6521944d8487678a2bdc86fdeaa2a00a08e9e6f69befb36e34c94b2a27e87905
Ragdoll/oxford__Ragdoll_49.jpg,f9d84c85a5d0262fd5d9150680307c5058ea76b2a8f5569504d80e4ec145f5fe
Ragdoll/oxford__Ragdoll_5.jpg,62d35c9c08deeec10f446013c87270f2d8a621ba20a517bd35db4a51e956e7d7
Ragdoll/oxford__Ragdoll_51.jpg,cb3fc2b4095efd351cf2cfe854634a12b288cf7200cb2ddabc58609b15a8608f
Ragdoll/oxford__Ragdoll_52.jpg,fde7690be09604b74514ef25635cabfa4b189aec686cd6b966229e75a7a8019a
Ragdoll/oxford__Ragdoll_53.jpg,444ae91f6394b655ace7cb43e4391b2fde968dfaf655f2c305663b3431b51201
Ragdoll/oxford__Ragdoll_54.jpg,b5d105bd245574dc63aa13c1d4125ae42699480e18a79e21727c1f88a465d68d
Ragdoll/oxford__Ragdoll_56.jpg,7014583a05f777456cf4c0945628dbebc6441c4eb02949b20cdf34dfb39a4d8e
Ragdoll/oxford__Ragdoll_57.jpg,1e3815c0ee2fd518136465d61a2d26e8f381f52e6d1f982b41b9687ca2e6d698
Ragdoll/oxford__Ragdoll_58.jpg,dc400d5bfc35d1dca4cd9685fcb3994a8de5a08427a995ef827866b2295c8058
Ragdoll/oxford__Ragdoll_59.jpg,95d0b0a2f21d8ee38d823b82a76d2d38ec7a3f4793d98cff2c233c17eccf13fb
Ragdoll/oxford__Ragdoll_6.jpg,eeeec8d3ab8cc8af3c991927010b33c9c4c4ef08f380828e65b1aefab2814837
Ragdoll/oxford__Ragdoll_60.jpg,927fb4059d1880cd8336495a04263e6c200d925f51e6a0932942b3f58f599e94
Ragdoll/oxford__Ragdoll_62.jpg,3a5d3b28516948d2cba64ecb183bb51fac9fe8015bd2c4b424725c8d4824b895
Ragdoll/oxford__Ragdoll_63.jpg,99b8e319e91ea5c169d66832a94047c91016dc9f292754fd0927c918c2782957
Ragdoll/oxford__Ragdoll_64.jpg,9dc386326fbc7c6ba88d1ccc94eacc8a3e94db87d622015ebe675b45dabb9e5d
Ragdoll/oxford__Ragdoll_67.jpg,db11b3468b8e44642178d2b543f06bb9d13a5c4e6f9d087aa652b68438e6589b
Ragdoll/oxford__Ragdoll_68.jpg,aaf7f1931c8162abf4376efec2e74131edb1cf9565706366cfefb29882ba60a8
Ragdoll/oxford__Ragdoll_69.jpg,e6380e9f2427518e6da1fdee57067188456068d86ab7d41c039db45f5762e354
Ragdoll/oxford__Ragdoll_7.jpg,4d741d1571513ebe765ecfc79e545db43033c6686aaefd787bb2c7aab03a6801
Ragdoll/oxford__Ragdoll_71.jpg,36bcd56d728d5f05051e71182ae280e89f9351ef75f851f25799e530015446c7
Ragdoll/oxford__Ragdoll_72.jpg,6f30a718adca481df0377df5f78c798f5ad7d1097cd6c084bd2dcb4573c5e670
Ragdoll/oxford__Ragdoll_73.jpg,f55f9fbe08300729f938b2e46c15757770c789a595ecc6e127b7a17df83843bf
Ragdoll/oxford__Ragdoll_74.jpg,6478ff34f5ccf3b878a47001dc3c5499fa7ad25ad4f235ecc3faf87040002faf
Ragdoll/oxford__Ragdoll_75.jpg,84ab979b9f0c057dac3f54651ee1a6a7451c43c4c1f9479f4c5c64e60efbaa91
Ragdoll/oxford__Ragdoll_76.jpg,d80db23ed98b069c464b97e0e8322eb8f1367ecab14720e44e67961290b2fb4c
Ragdoll/oxford__Ragdoll_77.jpg,73eb8f68ce7583550aaa4b8ed429eede92e90aa96e6dda3b614de19f77cadaa7
Ragdoll/oxford__Ragdoll_78.jpg,a636e777698af9ba2c0b634ba8e3587e4d77619b3c3bfa08f0305b9190fccb9f
Ragdoll/oxford__Ragdoll_79.jpg,02d623cb02cc7f957ca173d7c592d189859b66ec9944af689d185b97190c6654
Ragdoll/oxford__Ragdoll_8.jpg,ed6e19ec3bf982cac826c66cf60035e441290fa8212d4be8151a9071dcf5efe1
Ragdoll/oxford__Ragdoll_80.jpg,05a876f76de7c0c58a47302117b12d4b9438caf8e8b43e6c3ecaf4ead9b35353
Ragdoll/oxford__Ragdoll_81.jpg,c93e7ec2d893a175313e357b25c071d404b12a24165e85ac96466e8ffa58b180
Ragdoll/oxford__Ragdoll_82.jpg,7009d2f4e571d7403879b73d34ec786147342eb4ce16fc3c1213584c0be4afbb
Ragdoll/oxford__Ragdoll_83.jpg,238c463a12927da8eff74d75a10c3e9d77b78f15cdb1a88ec852f0d2c599566f
Ragdoll/oxford__Ragdoll_84.jpg,b1a9215bb9814533d7eb0f2421fb652894428e1d8187e5799ad7b8b244f7f9af
Ragdoll/oxford__Ragdoll_85.jpg,bf8815b8035242903313d17f7b6ae1f0f20faaf02e3a54eee3b6fd28a46cacb9
Ragdoll/oxford__Ragdoll_86.jpg,b6f7ee9857f2ff409bfa43150c17110a42640a9f810d75db7b40ea7c444d1fb6
Ragdoll/oxford__Ragdoll_87.jpg,72575f32a26b6dcf35c16855993f97c748fe2aedf5507d088c538cfcb3f9efda
Ragdoll/oxford__Ragdoll_88.jpg,a73c1f9ae556fe1859a17d80a3c681937255938a8d59a881feb37e78c267ee04
Ragdoll/oxford__Ragdoll_89.jpg,388eeda3d859d6a93d6eca63fba71fdb1f7ff83c7b921223fc50dc5eea3f7583
Ragdoll/oxford__Ragdoll_9.jpg,bd99fc0b9e7f404d665186dd45d2121dd5fa623cab3cbfc030cfc233aabd6634
Ragdoll/oxford__Ragdoll_90.jpg,69c1248a0fe31667738aa5fcc73b8a968cc7ddde8c4b6b918a0f6251930b22fa
Ragdoll/oxford__Ragdoll_91.jpg,4de8214668ef14a4f7b5cf0c203fddef58b04a46753fea5c5808935371065c37
Ragdoll/oxford__Ragdoll_92.jpg,8eb3a1374d75544efbdc717e2c28d8e528ffa2434edb5742dba1665af8d2c72f
Ragdoll/oxford__Ragdoll_93.jpg,b03d64f5677b6e439d3f1a2bac4a1352e60292bc7a7a68f35abdc61d355afc81
Ragdoll/oxford__Ragdoll_94.jpg,99b24dc498fd0e4a50a2ae77a549227e253433764c6983647e56e930d5295264
Ragdoll/oxford__Ragdoll_95.jpg,0db2a7a8226a6f21cf1885bd7b08a0f87d564a12f699c975768b820180ba1339
Ragdoll/oxford__Ragdoll_96.jpg,6d7df4c909a4a4785f0641c9013ed98ac550b0a8034bc1250ef1264d1c7f0fd0
Ragdoll/oxford__Ragdoll_97.jpg,4864617d942819083791ac92e4d150191c2511714772b01edd3723648388f902
Ragdoll/oxford__Ragdoll_98.jpg,6beebdda3713d7de8aeb77ee2516199da456be2879a80ae1a287ef9d3abd5a7a
Ragdoll/oxford__Ragdoll_99.jpg,56e01e66a2973ec3939e26536be403cce3f8cf06308d7178f36050648cb9dde1
Rottweiler/stanford__n02106550-Rottweiler__n02106550_10048.jpg,1c19b099f8804bf9eb04d155299aa16a46d9f2b68b03405fcec1099f649d451b
Rottweiler/stanford__n02106550-Rottweiler__n02106550_10222.jpg,1125db89bfcd670b09a03275f7954cbe61737f31006a2807ec0c58e833cc7e44
Rottweiler/stanford__n02106550-Rottweiler__n02106550_1033.jpg,3d78e5117c7a53d9cdb8a0c77274cf90686322c66a8c042d427949386ca2b55e
Rottweiler/stanford__n02106550-Rottweiler__n02106550_10375.jpg,a445b516145ecd8a7d9dcb2912b399060228938a43dec3af15af2bdff43e7aaa
Rottweiler/stanford__n02106550-Rottweiler__n02106550_10478.jpg,0c1a8addb6f160c53caa80ef6de927e1fbe8a2889a3028e8c5db7ce29767a956
Rottweiler/stanford__n02106550-Rottweiler__n02106550_10481.jpg,fe8f5497d491d082621ad5155ba8ddc2bd67a5b8931ebe67239eacd5981e31c0
Rottweiler/stanford__n02106550-Rottweiler__n02106550_10552.jpg,995cc703e1a72fc1c00c9cccc000e940238cb2064a42fe40515528e4b86eac36
Rottweiler/stanford__n02106550-Rottweiler__n02106550_10555.jpg,fcdd447e81b22c1716f54fbf4eb01a5ef8fdde553fe69e38ae955b79117b9f70
Rottweiler/stanford__n02106550-Rottweiler__n02106550_10588.jpg,0d1fc4b10e0b8f5b7f5a6d17a8bb76d1602a8fed26b7541a50ce2f6d02c5c23a
Rottweiler/stanford__n02106550-Rottweiler__n02106550_10635.jpg,3d8823849ec2b6e5778061f2e67937b6ade542d9c591ae3e0171047b6621bec0
Rottweiler/stanford__n02106550-Rottweiler__n02106550_10651.jpg,a10a4997ff4d8c65046c63de2f6318a2bf9997c751977194ad58ee468686690b
Rottweiler/stanford__n02106550-Rottweiler__n02106550_107.jpg,050df6cc31a0c1e197b14dd42ca5bfb4ddc5883e482348a24a84e15cd358f326
Rottweiler/stanford__n02106550-Rottweiler__n02106550_10706.jpg,42aaa8bbb97653b5b99222e30af917023a51ea5e780a4e712d8af3ef0291d24b
Rottweiler/stanford__n02106550-Rottweiler__n02106550_10709.jpg,f8e08194a540ae80daba0e38143707b4521acce7c6022e93f39fd90975f4f365
Rottweiler/stanford__n02106550-Rottweiler__n02106550_10714.jpg,dbcf6720bc54729d40889ca027a2297dd36bf4bc424f80f575ef2c157bacdb36
Rottweiler/stanford__n02106550-Rottweiler__n02106550_10952.jpg,f23074d125bc671b5028e5bcb67356e6e340ec98ffe6041c80da9c60fc58fbcb
Rottweiler/stanford__n02106550-Rottweiler__n02106550_10966.jpg,312077f98328f2502a6168a226d5d0f8d9a7ed1807a4bb578ffa832b1ca6a228
Rottweiler/stanford__n02106550-Rottweiler__n02106550_11002.jpg,367321834cdeefc0b4aa10013fe25fddb7c5afc543aef4174a2d60e46ef0a6ab
Rottweiler/stanford__n02106550-Rottweiler__n02106550_11097.jpg,f5539eae929e717c8ed3eb77d7c29423ba394419f64db5edbfa2da1912c4d892
Rottweiler/stanford__n02106550-Rottweiler__n02106550_11105.jpg,b40f82b1ff37f6d4f621fdcfd7ec2200466b045dff7efcf8fcb9f81ef418ce5c
Rottweiler/stanford__n02106550-Rottweiler__n02106550_11176.jpg,f7875aed01a716488511776aa7571f7ddf68e79d2dce6992bff8fe0584c6d121
Rottweiler/stanford__n02106550-Rottweiler__n02106550_11203.jpg,0fc2b3206fbfc71c02493a155bc8a96ef4fffd8f1a228b53e1ca41be591a7e70
Rottweiler/stanford__n02106550-Rottweiler__n02106550_11244.jpg,c197e8135d98710580c953fd753910eb2dd45d29da7da077e512aa89ae0ddb9f
Rottweiler/stanford__n02106550-Rottweiler__n02106550_11323.jpg,dc3ef708cf035bf964ecaa4299485d17406728121f3809ddd434cbab6dfa804d
Rottweiler/stanford__n02106550-Rottweiler__n02106550_11354.jpg,829e5dfd4d9824ce250c93fea7b985c11f5cb7114566a9d3f232e96015a43341
Rottweiler/stanford__n02106550-Rottweiler__n02106550_11415.jpg,af5ad9d533320db9c35a4e591c45aa133d57c00dcaf8aa46c85d4667b87b0b03
Rottweiler/stanford__n02106550-Rottweiler__n02106550_11433.jpg,578e6445baf3f70a458f5b2e014eeb2a93b15c4fb539ccd59ab4b5298bf5da41
Rottweiler/stanford__n02106550-Rottweiler__n02106550_11444.jpg,798f38a3f38bf2a061be49c27120c27b8f41f5feed30080650fb5d8b8b79657c
Rottweiler/stanford__n02106550-Rottweiler__n02106550_11465.jpg,2093e79dcebdb6cfceef02d49461e33e34b22f3ee46a56d2bad8130750cab872
Rottweiler/stanford__n02106550-Rottweiler__n02106550_11543.jpg,0efdd47a414a41cc81499a3eaa182718fea1af7dd010bbb2723bc1d6e62ac843
Rottweiler/stanford__n02106550-Rottweiler__n02106550_11564.jpg,7049fcad8d9b625d4c301f3b88760a13aa37a95527024381b1d88b8e99c29897
Rottweiler/stanford__n02106550-Rottweiler__n02106550_11693.jpg,839c79ddfd3ccf3aaa63f90c52bd8cf711379a9a824cbeb391a48e10a848b4d4
Rottweiler/stanford__n02106550-Rottweiler__n02106550_11728.jpg,eecf9f283ff4168432521ad4d598e5e35c28e360ae2578e5d6ca44635d36bc5d
Rottweiler/stanford__n02106550-Rottweiler__n02106550_11762.jpg,04cac06ae4849986bd9006810c57c256d9a24b88580a0fada17b86198727c84e
Rottweiler/stanford__n02106550-Rottweiler__n02106550_11823.jpg,f7abb811f63022474eb5ad2630cc97e3c9d1a2fcbecc274d6b929b1e64c16e0c
Rottweiler/stanford__n02106550-Rottweiler__n02106550_11870.jpg,6b78417ee6be6d114030dcd4b7f38be39ed9ba11096d8d748c07040e842fb1fd
Rottweiler/stanford__n02106550-Rottweiler__n02106550_11903.jpg,5b30a809c9251bc887980d76e84c36b08028c0734bbab051e3c302f4e4154724
Rottweiler/stanford__n02106550-Rottweiler__n02106550_12073.jpg,8c3dea110c31f2c670477f614d4257573c52bb5cdde1ee584c48475b9c2a7c68
Rottweiler/stanford__n02106550-Rottweiler__n02106550_12129.jpg,4db93dd1cae966306b4390ad437d2a1fc5bdc36796496265fc7013cb18b601e0
Rottweiler/stanford__n02106550-Rottweiler__n02106550_12160.jpg,fbc709815256252c5cac54d1714e844b4f0211b13428737c741dfb9c6b42e00b
Rottweiler/stanford__n02106550-Rottweiler__n02106550_12409.jpg,0691c343f2f8d9f406bcb0a9e21d4b27b54baf38344907883a0b6bae71591d7f
Rottweiler/stanford__n02106550-Rottweiler__n02106550_12424.jpg,11e7911ca206036dfaf57724faca9921cd0858dec337350c874ac8d284aa965f
Rottweiler/stanford__n02106550-Rottweiler__n02106550_12438.jpg,c1021ec4ff814436994a51eb523627a90b9b6c6ba1600d3f1001a2af71cf5635
Rottweiler/stanford__n02106550-Rottweiler__n02106550_1260.jpg,0bb3f0a8ad20bbd26c136580a1bd0440c2044f5294b67635809fde10fb8e38b9
Rottweiler/stanford__n02106550-Rottweiler__n02106550_12642.jpg,80ca68f72b1142b538d8fb52a783e77ed646ef77d2c79e6fc71bc4314235905a
Rottweiler/stanford__n02106550-Rottweiler__n02106550_12760.jpg,5abb78deec34ef48262f401aa76063cd0ae272eeadcdbd900eebd2957407d235
Rottweiler/stanford__n02106550-Rottweiler__n02106550_12828.jpg,d6a9f10040f4b23fa22f67754df2dcb096c0f948f1822ce22572dd77d3c146b3
Rottweiler/stanford__n02106550-Rottweiler__n02106550_12948.jpg,e36f5e22b97a5c0906fb03d7fef9df5e89d53a2762196864afae59500d982884
Rottweiler/stanford__n02106550-Rottweiler__n02106550_13034.jpg,ebda3e52fc1b79be78c2f16c71f70031e38827f1e48e2ee53009f1d9e89bf21c
Rottweiler/stanford__n02106550-Rottweiler__n02106550_13213.jpg,645cda0e9fce11389dd0a0cd8c105d015002eae3ea4eb32f25584bbea572a3c0
Rottweiler/stanford__n02106550-Rottweiler__n02106550_13226.jpg,6ae7f35cb4c70e604fc911b1dc23ef66216120923725a45e05f454b58fdbf596
Rottweiler/stanford__n02106550-Rottweiler__n02106550_1323.jpg,e4fe1b03fa8a2ba5b4147bf3ff02cca1f27cd4876d563c2f2cc7924992abf96a
Rottweiler/stanford__n02106550-Rottweiler__n02106550_1366.jpg,56403fe7d178154b71f2d04838a7467783e1309b0a1d72b376e0f38e8d8b388d
Rottweiler/stanford__n02106550-Rottweiler__n02106550_1388.jpg,e500ea036393c7d0f3152c6534a467e4618661c8dda258e753e156a5c6612e0e
Rottweiler/stanford__n02106550-Rottweiler__n02106550_148.jpg,d1440fef15bcb41e878806b5fb9094cda811126b53b7a67d28ff7e96c5751d4e
Rottweiler/stanford__n02106550-Rottweiler__n02106550_1567.jpg,8072e4bf6b99097c77e0419762e66b636ca49043315e5ef5bd46911a0939e85c
Rottweiler/stanford__n02106550-Rottweiler__n02106550_1591.jpg,328f8ae3bc908c5aceeb7e031a898c8984abfda7619a4a69d6a9b16b53f17095
Rottweiler/stanford__n02106550-Rottweiler__n02106550_1742.jpg,954101d62ab8513a9e757639bffa1eeb5d90cb7b28ed329c6b324aee1cf0d55e
Rottweiler/stanford__n02106550-Rottweiler__n02106550_1889.jpg,3176b36a4b832aaf31835e94001f585565eac194d41804d439a26d743c0d3c2e
Rottweiler/stanford__n02106550-Rottweiler__n02106550_193.jpg,a6028f291a34cc780733b7a1e30a25d4a2033153246fff869675235f328a9b4b
Rottweiler/stanford__n02106550-Rottweiler__n02106550_1974.jpg,b294bcd7a627b06bb2a95a54a960326ff95a44f911fd58e6a4c8fd6a759415e9
Rottweiler/stanford__n02106550-Rottweiler__n02106550_2052.jpg,322738f19c813e32240f7dc725391f344a14c5819fac228df05f0efc4a942f43
Rottweiler/stanford__n02106550-Rottweiler__n02106550_208.jpg,aa67f39019f0a9ab41e68de7dbcc6e5340e5da3990972462b9eab613db89d83d
Rottweiler/stanford__n02106550-Rottweiler__n02106550_2082.jpg,dfb3e962b6ecdb78f37dbc0c184c9afeb24f202468e13fb901b86a40e0ff0f92
Rottweiler/stanford__n02106550-Rottweiler__n02106550_2197.jpg,5cb08a48aeda6d6a9b7ba9007b1a237956f91594727c472ba57cc257833b8c36
Rottweiler/stanford__n02106550-Rottweiler__n02106550_2301.jpg,0708dac63f5cc901af458f0d5e5b69bc3d581eb5982c465e622c7a452118f896
Rottweiler/stanford__n02106550-Rottweiler__n02106550_2323.jpg,27b8046038e978baa2462b9209f6e6ec71b21fb0227ee1b60a693683f88910bb
Rottweiler/stanford__n02106550-Rottweiler__n02106550_2725.jpg,78fd6fc4146f6e6dc20e1e386a21f38d5835646f7d3434a52c05e7e82d0fadee
Rottweiler/stanford__n02106550-Rottweiler__n02106550_2832.jpg,684daa8d899404ad1f369db17abf5ecff5c6bffdf73c789232e5b009cd08836e
Rottweiler/stanford__n02106550-Rottweiler__n02106550_2862.jpg,0b64fdae9207c305412f3816ccaddec308bed576d829036f4c8fd56c74b94db5
Rottweiler/stanford__n02106550-Rottweiler__n02106550_3237.jpg,1d3af3a15cc095318754fec6990384354403ae7caee1d52b3237c074431c2f17
Rottweiler/stanford__n02106550-Rottweiler__n02106550_3313.jpg,4fd1c141283213986cf0a00f79539540dbab0b0deb89dd50b4a4f2de1a00c2fd
Rottweiler/stanford__n02106550-Rottweiler__n02106550_3524.jpg,55178ac3c4f98055ef44a7d3ff8d243c3e66974a583cdfd21c130dcc47d8fcce
Rottweiler/stanford__n02106550-Rottweiler__n02106550_3528.jpg,29dd9abba268716fb048ab782c1e9c8e985f17e3adde0fb63a73a3f3476188dc
Rottweiler/stanford__n02106550-Rottweiler__n02106550_3610.jpg,fb65b223f736d39300f0c9c627a162f88328b054c7d5b50f0ae442252c2fa1c2
Rottweiler/stanford__n02106550-Rottweiler__n02106550_3886.jpg,ecae34b395ea8d2b3f53d87d322e827d0deb1a796a3cc915327bdf4a873606f2
Rottweiler/stanford__n02106550-Rottweiler__n02106550_3930.jpg,e6b39aa0cae2de753198e6ba07eaaa0c96b4799ebe69a97659fe7a14fe75c4d2
Rottweiler/stanford__n02106550-Rottweiler__n02106550_3931.jpg,e86bbb5ad12ebd286d82803bcde852af83d6f2a6a204f2c3ae4a757dd6aa2eb3
Rottweiler/stanford__n02106550-Rottweiler__n02106550_3969.jpg,9d49ca064952bc8b9b8b3d0c7accc6222290315dd4637f19065595230f50a325
Rottweiler/stanford__n02106550-Rottweiler__n02106550_3993.jpg,cf9359fad2487d8ac8637971bc5c31a006b6ebf3cfb7ba6f4331b7288719a40a
Rottweiler/stanford__n02106550-Rottweiler__n02106550_4039.jpg,8e159d122a15b1e2a4e616a525c6e58a1cba268b5ee3b13b2f112a5ac4b4a664
Rottweiler/stanford__n02106550-Rottweiler__n02106550_4063.jpg,40782cac7b306799ddb5f27f46343ea2165616451c2a9f108ce055ee6dc35d5f
Rottweiler/stanford__n02106550-Rottweiler__n02106550_4072.jpg,a7ba018320143e30bb1431e0a4d946b2e1d7c1d693b6cc7df86d4d686bc2a694
Rottweiler/stanford__n02106550-Rottweiler__n02106550_4079.jpg,620a6357d9ed8a3ba2caf4f4649903eeaa9590c807400f0c24eadaf276045218
Rottweiler/stanford__n02106550-Rottweiler__n02106550_4129.jpg,4c1fcdba8750816a052e8f1ce352d58458549e77a414993a4a5edee3a8f116c8
Rottweiler/stanford__n02106550-Rottweiler__n02106550_4138.jpg,24609e7586aff525c7f9b4cd27a5b59945a6bfb26f29d4f6c4aba1138fb4bcc7
Rottweiler/stanford__n02106550-Rottweiler__n02106550_4150.jpg,3877dff0a0046fdeff3518eb9d44915e40090302883eafa8708e24b45d382a12
Rottweiler/stanford__n02106550-Rottweiler__n02106550_4191.jpg,2900b87f49efdf4bc287338edc7b64701596e40c49c7d438a5181d798e9cc3fe
Rottweiler/stanford__n02106550-Rottweiler__n02106550_4217.jpg,a7e52ef139d46b9877b10a31f4ba24040f2d28b8327a482ef8ddcfb682029f42
Rottweiler/stanford__n02106550-Rottweiler__n02106550_4239.jpg,7405d691adf056e751ead235eb28fb7d3b08d971e6a461865ed9977f88e53980
Rottweiler/stanford__n02106550-Rottweiler__n02106550_4254.jpg,1565490070244147e8e6b9f56dc890044546bd59bea292259b1da1ba6c8da5df
Rottweiler/stanford__n02106550-Rottweiler__n02106550_4339.jpg,2681bed16bcdfca4492ebbb64765b48066105edc2ae05581370aac69cb3a07db
Rottweiler/stanford__n02106550-Rottweiler__n02106550_4397.jpg,cf0ddd81b1175e21a4637c31050cbd1c4cbfd208577508b0b5a72861cfc89153
Rottweiler/stanford__n02106550-Rottweiler__n02106550_4785.jpg,ff5d768a2cdcfe61bf9b63c76a6cc1156648abe42cc4a04042bc777ea0b88159
Rottweiler/stanford__n02106550-Rottweiler__n02106550_4910.jpg,6b49663f0a4041c0272a9aae43da5637c213fe6f97f3179e996e0cdc4d43f15f
Rottweiler/stanford__n02106550-Rottweiler__n02106550_4920.jpg,2fa9e4a3164ebd1df80bae52880684d948fb971dd122205c6096187ec4d8295d
Rottweiler/stanford__n02106550-Rottweiler__n02106550_4955.jpg,299659326216e843524d0a2de02b9e020bfa162e0686503ca4eda79ec1122298
Rottweiler/stanford__n02106550-Rottweiler__n02106550_4962.jpg,0a9803cd27c1e000d5e1e9020b0e3dcd790851f2fa208a5e19c79be389de5566
Rottweiler/stanford__n02106550-Rottweiler__n02106550_4987.jpg,9dc4fdfc185299269784783a924ca369a8cd57454e385b24dc26b88320da9437
Rottweiler/stanford__n02106550-Rottweiler__n02106550_5028.jpg,c4a9c3fa714fcefa2d57bc6952ff40894c66e5a783dc0d2472d57f839c73d770
Rottweiler/stanford__n02106550-Rottweiler__n02106550_5133.jpg,6ebd3c3beb8fea9e89ab66ed4b3de63dc37695f48479535a32a4a7836f525a58
Rottweiler/stanford__n02106550-Rottweiler__n02106550_5184.jpg,31bbc0fa43d1857d5762ced461083d8188f26b43eb827a3c62cd46a966657612
Rottweiler/stanford__n02106550-Rottweiler__n02106550_5222.jpg,c89d0b472f6aa78e8af14703f325691144875451724abeaa8734d9bb499476fe
Rottweiler/stanford__n02106550-Rottweiler__n02106550_5252.jpg,0cd4645e8b015f030e75023a5a3c1ef930524063a5b1c234b6c704c1329cc3c3
Rottweiler/stanford__n02106550-Rottweiler__n02106550_5271.jpg,14f7a8d18c4bcd80d36f61a3656c54a417a6e6d806e588760513799539654d1f
Rottweiler/stanford__n02106550-Rottweiler__n02106550_5311.jpg,21c38c68c070fc58a5b3719ea2fb5432fd02abd1904fca5d9e1e6c7a1e80df6c
Rottweiler/stanford__n02106550-Rottweiler__n02106550_5710.jpg,7f533d34736e56cd7de623532a3954af29286edbc5d701f3e81b70fb30bf7f46
Rottweiler/stanford__n02106550-Rottweiler__n02106550_5752.jpg,5bf24147cb0139e54034be664667f2b4f3c30ef46260c55dbf0a491f45e93e8f
Rottweiler/stanford__n02106550-Rottweiler__n02106550_5754.jpg,0136aecc3c0499d19ec5291d1d96482836b5679e0a822ab78ee50ce4638e3a22
Rottweiler/stanford__n02106550-Rottweiler__n02106550_5928.jpg,5f14350e5d04a72097f6120e7435e7dd224bdaf861a79faa5ae1c5ea5753efd7
Rottweiler/stanford__n02106550-Rottweiler__n02106550_6074.jpg,78f660d0d4f96090d1335b3313a756713b5bff4b0401d68e6bee6218ed3d0c63
Rottweiler/stanford__n02106550-Rottweiler__n02106550_6130.jpg,7c87fb0e2fcc5e91a34a9eb34b7eb9229d52ed5b8d1b24652084f2a271ef6671
Rottweiler/stanford__n02106550-Rottweiler__n02106550_6192.jpg,f565dfb410450782648f4671ee95f40a4f2e0308b7dc739bdbd7256566e7685f
Rottweiler/stanford__n02106550-Rottweiler__n02106550_6272.jpg,4dca63d15ca4f40d8cd7e1134337b045188e8eccff1b4e7d1edde87a9b8d3f08
Rottweiler/stanford__n02106550-Rottweiler__n02106550_6286.jpg,ec7fa768ac885e91a11c66d79169cf8fcc0d358251a750a15928c0bf08e1762d
Rottweiler/stanford__n02106550-Rottweiler__n02106550_6310.jpg,fcda90a1f3b1513bcc06d29cde342f580ee0670e05eae3d892362bc74f18f19c
Rottweiler/stanford__n02106550-Rottweiler__n02106550_6402.jpg,09e43a208874c753cede840a9e6ac2c1f29b0e347032a2f7818053440b141850
Rottweiler/stanford__n02106550-Rottweiler__n02106550_6424.jpg,0354391d700e3c1f60a336b1bf585edb40831d7894f44e7b9eebb7591360584e
Rottweiler/stanford__n02106550-Rottweiler__n02106550_6599.jpg,aaed5e70c51884dd87552f913b8639587e2d121442efb7e9bbdf44b330403ac1
Rottweiler/stanford__n02106550-Rottweiler__n02106550_6900.jpg,12b2c02e4b29ead4de8108c38ed66b3da81639d3555eda0af22578017d409a17
Rottweiler/stanford__n02106550-Rottweiler__n02106550_6910.jpg,29fa42feb100f4f318cfd11a029dddbdb2dbcbf5768d27810aa9367e1486b693
Rottweiler/stanford__n02106550-Rottweiler__n02106550_6926.jpg,79af9e70aa6202bb33e90f9782e340fdb6202aac62cdc1e8cbe9f14696352640
Rottweiler/stanford__n02106550-Rottweiler__n02106550_6965.jpg,a9f6420a6c00c0d1270e8601d654e80c7d00a766b4ff0b498803eca4f2df622c
Rottweiler/stanford__n02106550-Rottweiler__n02106550_6978.jpg,63d853cff0fcd1a1cf311e24f2bbd5ad7f580b76e564395338fbaefb54ffc72b
Rottweiler/stanford__n02106550-Rottweiler__n02106550_7003.jpg,d81b21a08bf2f495ffc7d4da69435a4f4c80b95d77d514e1dce83c3f33f633e0
Rottweiler/stanford__n02106550-Rottweiler__n02106550_7393.jpg,24109b3b575ca1e3630165e322d04c95ab9bde03f435ea34c02e00ca8741b295
Rottweiler/stanford__n02106550-Rottweiler__n02106550_7419.jpg,a394b6d25815cfdacbaefd55b36ff9c95ec13768b4acb2edbc938a896f0b693b
Rottweiler/stanford__n02106550-Rottweiler__n02106550_7430.jpg,8f2ce685836f31370105f76931d5b0c52085d4e6e8bea8842bdf261cebf0da73
Rottweiler/stanford__n02106550-Rottweiler__n02106550_7473.jpg,70a8d0f9df101db10cdf4084940f06da1277750151927110bf4931f3d809a535
Rottweiler/stanford__n02106550-Rottweiler__n02106550_7608.jpg,2683c4c484d0e6b9ff3e598cbeb77b56ab0a030ce13f66a662a19c782a2d32b2
Rottweiler/stanford__n02106550-Rottweiler__n02106550_7616.jpg,47d5e4353e310fca26837cb4349717428356645740764bab65554afd01bea472
Rottweiler/stanford__n02106550-Rottweiler__n02106550_7767.jpg,9fa5803351ecc3f818d9173a48c36a9508eef448b8a9c6482c7383fba27d5426
Rottweiler/stanford__n02106550-Rottweiler__n02106550_8024.jpg,598561c7739c8c7e825bd888395ba04c11dd34afd2e0dd4175c54c4c0eaed908
Rottweiler/stanford__n02106550-Rottweiler__n02106550_8064.jpg,e23a270e316d58cc60fb94cd44dbe11d912389f98067e06c1924734d31a641cb
Rottweiler/stanford__n02106550-Rottweiler__n02106550_8116.jpg,82ce0ab79bfc423e7dab2e545f57d8eb5850a2748fedd0218da1c4c85858a449
Rottweiler/stanford__n02106550-Rottweiler__n02106550_8146.jpg,3523554f70ba7b8dffea9f7b2a30cd5dee33354ef4ac474ae76f4010accf8578
Rottweiler/stanford__n02106550-Rottweiler__n02106550_8166.jpg,d13afbc154e0ed402004c7b390336df29689c5185d21557fc3c2c15ed08c52ec
Rottweiler/stanford__n02106550-Rottweiler__n02106550_8383.jpg,3fb86a37f4d090719a6b58cf70784bea103a2766634680e2dda2562de39b8488
Rottweiler/stanford__n02106550-Rottweiler__n02106550_8437.jpg,338e944e6a61ae7682790744910b3971804b529ee78379ba09c1c6a45619dbee
Rottweiler/stanford__n02106550-Rottweiler__n02106550_8595.jpg,f2f22999bb899eb3e5bc2522153a07eff52192aad878ca7352d8ea52cb70b9e3
Rottweiler/stanford__n02106550-Rottweiler__n02106550_8611.jpg,bc20a0a4dc68d49ef25250f72aa1a0b2ae98ac014aef1cc4ed19fdf01b9dc51f
Rottweiler/stanford__n02106550-Rottweiler__n02106550_8652.jpg,d4bbddfa56dd2589cabc93eb42aa796e30230a4e4a58f8fb641d8747413b4aff
Rottweiler/stanford__n02106550-Rottweiler__n02106550_8776.jpg,a79df56d49aab56cdbd0a21ceb3c00a5243aa8873ab189e07807a3edbb2f6085
Rottweiler/stanford__n02106550-Rottweiler__n02106550_8887.jpg,4b601b9338bc0fc8ed8bc9d14760ab26047eb16f3c097be81a885313231ccc7c
Rottweiler/stanford__n02106550-Rottweiler__n02106550_895.jpg,7c92829c9771a765092faa61ef40149295190db11a2a244abc394d1c0f8ec740
Rottweiler/stanford__n02106550-Rottweiler__n02106550_8994.jpg,43013a09a291c394c72546d1cfd9501b26d032f933d0c855710d8ab1ae1c9710
Rottweiler/stanford__n02106550-Rottweiler__n02106550_9084.jpg,3690a0d6ac00b4e79dc4c356a36659920b5bedd6ed4fb551fe9514eb98ce4799
Rottweiler/stanford__n02106550-Rottweiler__n02106550_9317.jpg,03dd481696430dfd4f746fe4c82426b94723a99a41d028726323ff44d745d40f
Rottweiler/stanford__n02106550-Rottweiler__n02106550_9348.jpg,f9c42f7cde9f1f2d1b987e1125f6c9456a7e53cf1b945a06b414bc4005b9066b
Rottweiler/stanford__n02106550-Rottweiler__n02106550_9432.jpg,9020b8ce22b9a423b3e77cc18f38c828cf90af593a9b55db50654c2249b42667
Rottweiler/stanford__n02106550-Rottweiler__n02106550_9508.jpg,902cbdc5ee31a9aec7be7a24b98b90aeb7f665fe16189fa951a7a1f8da222169
Rottweiler/stanford__n02106550-Rottweiler__n02106550_982.jpg,0f65962d8be8de5e79b3418fb4ef5b52ebfb611e3a5666d16ab17bd82d43b2cc
Samoyed/oxford__samoyed_1.jpg,bd4e21a39dc2af6d3c94b09e69c1d4c1c6e0738fc73b8b0885057451cf85ee54
Samoyed/oxford__samoyed_10.jpg,228d52d92a9a28256394a270a8f52a6ac78681cfd6f5a2bb7c6cc53a1dfc4dc3
Samoyed/oxford__samoyed_100.jpg,7524659ea2d8f6624dc1a6e332023d3712fa0a7856d9c0ccf6c9d4d44c0c9878
Samoyed/oxford__samoyed_101.jpg,08119377914b13f24f264b12d54843e2327c436ad320c8b90f02f3b31c0f0a74
Samoyed/oxford__samoyed_102.jpg,c793bd14b4c0e63048744d68889ef4bd6798d905a6b7ce8226ddbb04c3ebe37d
Samoyed/oxford__samoyed_103.jpg,5f36ed2613ca73ff9330d7cfbc7f06bcd8706077763e392eb03877b6b365ba33
Samoyed/oxford__samoyed_104.jpg,20f4f44dd0690488073dd3e15435b6678300cc1e028adffa60c3ff11f72e040c
Samoyed/oxford__samoyed_105.jpg,79d8e9194aba0d9184fbd9383b341aaca4b720b869c77e4a476544cacef56187
Samoyed/oxford__samoyed_106.jpg,335a43c5c09c56e47020577f3024d5c3b84fe1257143b563246f334e259b2c12
Samoyed/oxford__samoyed_107.jpg,03b23e26ac44ebae63e46eee438b43f1061eb262930809ff92f6d32da9e344c2
Samoyed/oxford__samoyed_108.jpg,8c6732e35e8d4af7e53f286b997100a177da983eaad82a7779f627c779296cfb
Samoyed/oxford__samoyed_109.jpg,1e954e1f4a07c8e53f938cb0e4815491fc247c1627e7781e91de56fb06ba1321
Samoyed/oxford__samoyed_11.jpg,0091d8060bc5460c57de0308ed666a79487f94c83475ec61438b68c380e08913
Samoyed/oxford__samoyed_110.jpg,79d04f00cd52d112d7dcb1b06f6bf68539a2d2e00955ea4b152ae1433e9f844e
Samoyed/oxford__samoyed_111.jpg,0596ee42a137bd585bacb7a536bb31b18337d73333b5201e4554626009b3c11f
Samoyed/oxford__samoyed_112.jpg,22390c05355bfe0d812f305e269967c6ff8a8089cdc4f0e114c3bf90cd5fde26
Samoyed/oxford__samoyed_113.jpg,a1cf2f981ba80fd7ed5b932199542064af14e639f97be00c8c517485a91e9300
Samoyed/oxford__samoyed_114.jpg,d982991826c279b994fa9e57c391eea2c3a8e04ca0a29171e2fe502dba832c4c
Samoyed/oxford__samoyed_115.jpg,56efdf19247aa106eee346b24178b3d960f7bac73d4ff967b68ee05122963598
Samoyed/oxford__samoyed_116.jpg,bb691a315382677b38ea22a1ba54a3e618e08999293e10ed08a894a580000588
Samoyed/oxford__samoyed_117.jpg,a99e796625932921f3af53b6530e9fa954f8b8585578877b1ba6eac7cbc62333
Samoyed/oxford__samoyed_118.jpg,9aeeb6eaf6f36808dee34bda7100be49f2cb1ddcce31d4fb2c7e6b9533c53c72
Samoyed/oxford__samoyed_119.jpg,cb9f5e1f90a731484cc5b896632e236f4ce1c3dcacced541ca0467c8577d4786
Samoyed/oxford__samoyed_12.jpg,5d7d40eaf7579af0ca9fec8ea9bd2aa4a3a0600b9e646c9aba9995cf7ebefb01
Samoyed/oxford__samoyed_120.jpg,b51e3756975cede25ad2bb1979571d5760f95414015ef2c941773547fa585c6d
Samoyed/oxford__samoyed_121.jpg,6524be0727979c65510f0488f6687e50660f0dcb1fc22b5af3af8b8b66d5b287
Samoyed/oxford__samoyed_122.jpg,bb7a2514ab99d51369b4a02e7591cb641b3dc5a560a813db49095b5f41546c33
Samoyed/oxford__samoyed_123.jpg,7a22519710d371abb7dd3ee497fb6107a79c16976f4f45856ed0995672c20398
Samoyed/oxford__samoyed_124.jpg,17cb98e1ae313118c5283f9fa9d253c1bc2c67a05b5764c971babc478b470f34
Samoyed/oxford__samoyed_125.jpg,2da0425b39fc638268af73941988bc606b7bb112b2757e796637e6a3e6e52f90
Samoyed/oxford__samoyed_126.jpg,5f2ef2c5017a72cf5655b31a75fbea2b2cdbf99790a1705e97b42a4574c7501f
Samoyed/oxford__samoyed_127.jpg,b3233f226195c3b2df8ddcad46da341c05f0f58ea5aa59c4670489441bd6451e
Samoyed/oxford__samoyed_128.jpg,b96abecb1defabb2d592f620f62da1d435f0c338024e74cb908b5b0af40b8f1d
Samoyed/oxford__samoyed_129.jpg,1719cef557a0e1656acc87df9d5471f82356f777f2608df952503aba4eecaf89
Samoyed/oxford__samoyed_13.jpg,d751bcb6b9e5594975e501c5d39a091d8879663493af53f8517abdda79742606
Samoyed/oxford__samoyed_130.jpg,a1629a8710ab7bd8786ddeab82eb5fd440463e99b34aa9a1383258d99fe96400
Samoyed/oxford__samoyed_131.jpg,fd5d1e24fbe82fe926ef7e06114c8b966855a531358536730fafa49c6b950190
Samoyed/oxford__samoyed_132.jpg,1b218e4ed54dfb1984b0ba8d6cc03bda1e93a918e14df672fb7e5e5dc09aec53
Samoyed/oxford__samoyed_133.jpg,fae0d62737969f7d392ad71f11a24166760e9c111b74b3f95c1ddc811d34603f
Samoyed/oxford__samoyed_134.jpg,d5e2beaab8a114fa88b442289e448e8186b3e1dc9d141efaa6d6f70b9d454eda
Samoyed/oxford__samoyed_135.jpg,a40f8df2bdb4d6802d63e94f47d4d0482ab0927e90842a05622c2017d9fe3f20
Samoyed/oxford__samoyed_136.jpg,d50035059778cc58915199bfaa527e745a28ccae7a725ac0dee3a4307eba2241
Samoyed/oxford__samoyed_137.jpg,67357cc3487b3e7c80be2d1d37a211bca131ee14bf39df8e8f2408491b3aa734
Samoyed/oxford__samoyed_138.jpg,c95b188e83499c76311bed4397724cd0f097223a824dfba4d5e541da9013e0b6
Samoyed/oxford__samoyed_139.jpg,56e403af03fd7331a97faf104608715d1e29406719b007e23726ab4815069434
Samoyed/oxford__samoyed_14.jpg,1c70f0a83cc382781b7c67145e46cd5f14c234f7dabac5cf651ba35bb9e9e980
Samoyed/oxford__samoyed_140.jpg,73e97788c0801a12da235a45df8bbd52f03be58398a9a1458094ab4e0e5fa11e
Samoyed/oxford__samoyed_141.jpg,ce45fbc2abd8a5a2b241f6e53202eb1a07306dcc20235ae905bcb205532d910b
Samoyed/oxford__samoyed_142.jpg,4cc5cc71d09e86782938a071bf97a74352c03a60bba9c5e39ad276818f76bc55
Samoyed/oxford__samoyed_143.jpg,eddb6062f27bbdf4897950bae5881854c9060b1e08e9e4aaa3fa10859c1f8460
Samoyed/oxford__samoyed_144.jpg,61c95e126d35754f0b01025cfe2a874486e0e3845fde296f2ed8383a686b1948
Samoyed/oxford__samoyed_145.jpg,76c4e6a50aee21985d108f430cf8c42152f5c86f2dc01b88d4f31afc89655e84
Samoyed/oxford__samoyed_146.jpg,80a5b9435ffe6a7a1f2ea4d9485f1cd88d4b8c66b616b623055380eb2643dff8
Samoyed/oxford__samoyed_147.jpg,b704741e634cda699db23ff7874ae2f411ac5edbe9f64e2198470101ddd47f8b
Samoyed/oxford__samoyed_148.jpg,eb69762390192ac45fdb94e1e08551a018c421778b4b94881d00f3da5ad3db6a
Samoyed/oxford__samoyed_149.jpg,7b4849d369f110dd45c50abae131cb38bcd06b1465dc3d7db2572a169007f457
Samoyed/oxford__samoyed_15.jpg,896bb94f827748aed140d949b295d2db734935fe11940934508c16463528facb
Samoyed/oxford__samoyed_150.jpg,d37852c6d2309936ddec46788c126256ffebf0f0ad76bfe9ae6fd3161f53576c
Samoyed/oxford__samoyed_151.jpg,c62bd23f53f279d50f2e8e23e96ca226308a83ec0b1d9796b51ae9306480a0c9
Samoyed/oxford__samoyed_152.jpg,bdd1caa4aba6d926fe2f405dd2906697570cc75f3326a40cd224a613b84ab647
Samoyed/oxford__samoyed_153.jpg,062d17b5dfe25b271999a73850dea8d0cd1c435cfb46cb486af77800c6bfe8b1
Samoyed/oxford__samoyed_154.jpg,5fcc350b0370b41757d9e81cc3ab7f95ec6356a32dbee5aae86b7a7d3c393aa5
Samoyed/oxford__samoyed_155.jpg,7c457fe3a2fb12bc1ab20adf44e77c940292393755ad440c7eac670ac78718f6
Samoyed/oxford__samoyed_156.jpg,39412945f2bcffb6968eca38b9a8613fafe174ede68ff76c93198e7222d2ef3d
Samoyed/oxford__samoyed_157.jpg,081a2ca9da191b957772bd6f0ddbb260b9fff136de9ce98535b9822b5bee6f7f
Samoyed/oxford__samoyed_158.jpg,f1fdbde599ffb55ea726d553e93065821f096d519a22a7201339571845d207f1
Samoyed/oxford__samoyed_159.jpg,f75bbbb5b1049f724fe306cdb697ce396563eec5fbbb13b9f18cacf37221b526
Samoyed/oxford__samoyed_16.jpg,ed06a6eb3436216006b4d98f16d1bd66823212d784a354802f7d61a82b13cd45
Samoyed/oxford__samoyed_160.jpg,6ee99742eb62b42a58197b532908a62543867eb329feb0febb53d803b4c862ed
Samoyed/oxford__samoyed_161.jpg,60cc00c5304b32d0a6abd6eb77458e820765dccb339603a7ad189c39f8eb22ec
Samoyed/oxford__samoyed_162.jpg,da651d495abef178f6738b7ebd39cf41f726d7bbfb26fa1c1e5a2bdf91bb46f6
Samoyed/oxford__samoyed_163.jpg,db97f48af8b45e11e5701148f3613f32aa4217d9d912eaf6e9d5422051d6e708
Samoyed/oxford__samoyed_164.jpg,d19362ad3ed0dcb570ef09f583f30470294393c979334cf606921f2b422c8264
Samoyed/oxford__samoyed_165.jpg,dfa6a6785308cbf8f2fc81122cda2cebca1f84e97832cfd882256501cfa39e5b
Samoyed/oxford__samoyed_166.jpg,68d37b08ee831e625bdec1bc5cfc4dd9e0ddbd71a50e3de1e118c6153b356e58
Samoyed/oxford__samoyed_167.jpg,97e6f7c1078825e9c65e6bd2b6479bf581d5b5e33f38c5e6cfc66e7bad2c0d71
Samoyed/oxford__samoyed_168.jpg,cec1152f67b72e6606d6f2ef780c7939a4f1a642c1b72579e7965a454540067a
Samoyed/oxford__samoyed_169.jpg,d11e2912991667aeb33cf84d3300134be47e2afb4a5799f7669f364950cda66b
Samoyed/oxford__samoyed_17.jpg,24872568d1d2686fc16589f5d24b6fac355bcc728ff096cc04a8b9e8b5f37ebd
Samoyed/oxford__samoyed_170.jpg,43b89b4757c41c56c33b3e0ad9b7ee82c963092b918a8d8c35ad9976fde4906a
Samoyed/oxford__samoyed_171.jpg,3aa49ac39f8ceac18917260952c8c88ea48d7f519f06c712e24f8dedc86730e7
Samoyed/oxford__samoyed_172.jpg,5539afdd7fca2585710dbe428467bbde68e4aa2cdb545977b88fa4be54ffa75d
Samoyed/oxford__samoyed_173.jpg,bcfaa18ab8fc3ac6d3deaa6fb3a4df0738d93a9f34c794d3ac703d07374ddb2e
Samoyed/oxford__samoyed_174.jpg,fe51fee84a640875deb9658a8dd4f6210beaeae7b73d3066515c2230e2889071
Samoyed/oxford__samoyed_175.jpg,03fdf4af53bf496bb364285133d811d84e49bc346ae12ef17fe1ee280139f8c8
Samoyed/oxford__samoyed_176.jpg,160f74356057aa1067f90bfce9939c03a48a64a6655d3140a193f63826c749e0
Samoyed/oxford__samoyed_177.jpg,33950fb4f1c682c1b5c7ac059b33044a98b2c7260b4593d2657322fed82c1a3b
Samoyed/oxford__samoyed_178.jpg,a8f610b5c740e2fc5996db9c77e330962c058fd0f143cddf3fab94942ed12a57
Samoyed/oxford__samoyed_179.jpg,afd12c1b025765a4cab7a8ed0f5b5d73d1473516224e5bb317230186a3bafa35
Samoyed/oxford__samoyed_18.jpg,4b7849c7b5a064123a1abf65e43d6a26b36ae0d72edfc1a28968a3df3f122aa2
Samoyed/oxford__samoyed_180.jpg,ae06ecc4087b109d8d92a4a0e11c6de354980c2cbdc32ec3e74b8b12d598c878
Samoyed/oxford__samoyed_181.jpg,2542a7f130465c95a772705f49b038f21c0ebc138685baa2533abccc8ca6277f
Samoyed/oxford__samoyed_182.jpg,e652a63c2a1fde37f663c7b0421c0464d8340bcee627112d31aefbd84ad07438
Samoyed/oxford__samoyed_183.jpg,5017b9b5307d109bf550e47954f15714493318671be0e3d39400ad800a8bbd4f
Samoyed/oxford__samoyed_184.jpg,c77f48afdd66066fe22fc718b5a82253950ddb72c9841c5ee367ac61cebe9bcb
Samoyed/oxford__samoyed_185.jpg,0bdc42c8d473b659b4f4367205d86128ea5ad9566fa9a9df2ff6cc6dc44010b4
Samoyed/oxford__samoyed_186.jpg,cebdeb052ed568bf7acc54e34521cd17e2b12cbca91d95c358a22b71922f6543
Samoyed/oxford__samoyed_187.jpg,0b0305579562a093e2f6193fa47ad46b32e2ae7606d29b825bb05c83e09ba98e
Samoyed/oxford__samoyed_188.jpg,276794b7c6ef88a3ad73d10a68ae5b2c271dba7908de563562dc34277ac624b9
Samoyed/oxford__samoyed_189.jpg,c97f201fe85fad1dc05144ba8d95c431da6eb04b7232b90a994d04b8943d52a2
Samoyed/oxford__samoyed_19.jpg,0fb64e41340881bb69300a19c2d76b424033dd1ae0d40fb07f44ab7365a29295
Samoyed/oxford__samoyed_190.jpg,79bd4e2305621f4350e86fd5dbbbbf48f5fca5d3d38b3322b8615c78d49f009a
Samoyed/oxford__samoyed_191.jpg,35bf140c1aaa5072af4db5d7e44a1124a68cd22a3dbf23f9d9633e86b29e1119
Samoyed/oxford__samoyed_192.jpg,63dd330adebe956e63c225671a234cf31e46dd3a147c2664707c0e389790068a
Samoyed/oxford__samoyed_194.jpg,2d2bcbb35d6a261a3d97276e30e2ae20ccbd44ea81e80ed66e451ac85b500493
Samoyed/oxford__samoyed_195.jpg,8bfd56468577808f315bbe3fcf34e8c14dc945754b9978847d4d184b8d2972ab
Samoyed/oxford__samoyed_196.jpg,60a73a78b2df99e07508485228f0ddc1ecc573cca81ce17b8e475c2ec3ac328e
Samoyed/oxford__samoyed_197.jpg,d5099c232c52c827bc3c8ee8edf9b294bb8dca30d6746862c991a4c5e3302d40
Samoyed/oxford__samoyed_198.jpg,90555ef8bfb8f77bebeb290cb9f0753e218ddfc89ea8dfb1db616c2f85782688
Samoyed/oxford__samoyed_199.jpg,15c1bb04f7e1fb8f27b090aba645cf2c808b8a18282dd663a477ea9d161035e4
Samoyed/oxford__samoyed_2.jpg,462eaeb7885ab4d6d2221b8b022221b88090a238e820601df46977c00ceaa758
Samoyed/oxford__samoyed_20.jpg,9c7d93d58df4d71d3735c6c3cc51e0d6dfe373e72c48dce7da375ccbe973bfbd
Samoyed/oxford__samoyed_200.jpg,4f1c0e1c2f0785cb54e77b642ca7995f3b969470ad08d2efa3e59994d337f7c6
Samoyed/oxford__samoyed_202.jpg,5bc0c51dac110862e73510228de1c9ceea7b7a0a588d07c46b44242f5be7d1a4
Samoyed/oxford__samoyed_21.jpg,1eb2104b9ad81b5ab257e2356fe440ec050ff6313a7e1c87e8098c0388de3b51
Samoyed/oxford__samoyed_22.jpg,2965dd945c89b2aea1b905e4f8154a36d205f207721fcb7ec3f31c5948f7720e
Samoyed/oxford__samoyed_23.jpg,47a0e20f86b314306c5c0727d7d7b6a9a12a0f0c6aee71be107901db1b0d0dbe
Samoyed/oxford__samoyed_24.jpg,40a5c8475df203d74075182847c0fed4724a45b310787880f188963ba54486c7
Samoyed/oxford__samoyed_25.jpg,6118d199960f3c9626f5e2504fd8b6561acf00b37923fa6c3445737060509f50
Samoyed/oxford__samoyed_26.jpg,d56de5928ae73754e88a08d7e24756e21c329a865faa5988dff48da1ec10993e
Samoyed/oxford__samoyed_27.jpg,f3c2024c3761a70b00e93bc95c45cd0758b974b67060b3063c7fa9b7309edacf
Samoyed/oxford__samoyed_28.jpg,3f7ae785e8a24259354ff613898d69df87f36b8ce97a047babdb45f68bca70ab
Samoyed/oxford__samoyed_29.jpg,23b9b9afee0e2c20c7a46161d3ea0f44e1f7f0a52f606572ff10bc3db15965db
Samoyed/oxford__samoyed_3.jpg,f701e3586125cfdc912d475b31f09e7b9ac83e62a123f72dc42cc95edeab29e5
Samoyed/oxford__samoyed_30.jpg,b215f07708c9164f56f5381900d9c88d4cb1d107b371ba4610b10e7b92b5ef4a
Samoyed/oxford__samoyed_31.jpg,01d447eaa8a69c76cb7774b9d4b82b44fa97e94a59fe34dfb5aa96cf10471bb3
Samoyed/oxford__samoyed_32.jpg,c1580724c2db33e2897fe306566da28ac3dbda754eccc568e9b8febe79931008
Samoyed/oxford__samoyed_33.jpg,1538c988483549a1210eef9d9ab68b96e2cef38bbb3384354d9b9333b9caa54b
Samoyed/oxford__samoyed_34.jpg,350393158cf200a5b7c46201bff04fd6a805caf3e0a15a06edc37f3069b4cc11
Samoyed/oxford__samoyed_35.jpg,7848d4a6cedaf60683972fea88dfc0d6e677461c906b123a89190b1c233c3a8e
Samoyed/oxford__samoyed_36.jpg,6df68a152d6bdef54f4176b41a403c65c1e16f355f940399edc6c3658d76a2bf
Samoyed/oxford__samoyed_37.jpg,0f2a230a9d6bf41fa5aebce817f9ed6fb9812152f571832bf7cc699bde5b602e
Samoyed/oxford__samoyed_38.jpg,b4cc005279d39020aa3de1ab4323197276eb07c2c27af37f3a950d88529995c9
Samoyed/oxford__samoyed_39.jpg,9ea0a3a9a6c6a67d051b463f7f219209dd733d8c4539f2310a958481abe0c045
Samoyed/oxford__samoyed_4.jpg,54041074e2fadcf86dbbd7bcfc6aadb0dc02ba2970572b751dd93565ef49f3db
Samoyed/oxford__samoyed_40.jpg,61fe1d07cdc7856e633d20eb0fdf71ba968af0a0f87671f0f24bdd5706a5ceec
Samoyed/oxford__samoyed_41.jpg,d91b4523d57161e9782194563aecc3260dbcbf7675356ca05a1228a397f3bd6a
Samoyed/oxford__samoyed_42.jpg,8693760dc763a4e3376c75c0f541e9a694c0ce1bb8e33a497ad6f9b9a082cc76
Samoyed/oxford__samoyed_43.jpg,ad4a6c5332b51913389c02e87173c0790a616ddcfd5f38d273aadce6e881d300
Samoyed/oxford__samoyed_44.jpg,ac949391d107d92adbb3d8d04edefd5037c1aa8990930ad51899c775831cd0ed
Samoyed/oxford__samoyed_45.jpg,80ea0000c4e1b6a4e910b3eb8048f30dfb567a073964f1f3b899e05369a50401
Samoyed/oxford__samoyed_46.jpg,37f7b470d063cfae11b036d90c2154d1411f43f5d9c7d7171e32f11fcf486026
Samoyed/oxford__samoyed_47.jpg,69f00828e9b58e6ac037d554285d3856a1a1c637c29fafcd92e179f752b7326f
Samoyed/oxford__samoyed_48.jpg,6b63f2adae0247b71bf29f1e3120d427d6258a4ca62e0ef3b4a41794bdc7cebd
Samoyed/oxford__samoyed_49.jpg,667f98ff9210f97e3f5fc292b4a3d19c128fc98cb24d31f63c608ff7880607a2
Samoyed/oxford__samoyed_5.jpg,383093118a2642ed7b92414ec5a570edd41b2f0c0d3d8d64889fdcaa7a7dc5be
Samoyed/oxford__samoyed_50.jpg,80be46674fd0fbd4e0d757098eb291e78d7a0d21e76cbdb287d7d968a10d9862
Samoyed/oxford__samoyed_51.jpg,81b964ff4ff9a2ae2004da01283e5eebd46a10777ec9caacc873412c25350a51
Samoyed/oxford__samoyed_52.jpg,a8eab959d52eb9bc5003aa879bbf7f99034cbf7434dec2bb9c5be51f329aaf2d
Samoyed/oxford__samoyed_53.jpg,301a004249493c3b6540e707ff03022456a1b4e6f8e26330e2387e083b9de867
Samoyed/oxford__samoyed_54.jpg,d0e506e7d1380bae40a412da1b366a5450af2d0fed897528e9012c4f90f32a11
Samoyed/oxford__samoyed_55.jpg,7c544d8254ef6e89794d129afdd0c686df4b322068252ae37fb2d6e903776001
Samoyed/oxford__samoyed_56.jpg,219d06857d55dfd5b0d691e885dbf140520df097fd04834d650b9255a31fa566
Samoyed/oxford__samoyed_57.jpg,25aeeb807549e28ff00311aad22222f81513c3f0929b1d6d37cdfe1697255749
Samoyed/oxford__samoyed_58.jpg,2152cb641f9cb61204bf8e05cc962f664ce185440c453436686d240097f11596
Samoyed/oxford__samoyed_59.jpg,e0b3651da149f3b39395d87d862b21ba5dae24fa2bbe31dd2127ac125f52b99e
Samoyed/oxford__samoyed_6.jpg,5a7db7659ec1fd7e0e863e69529eeb45d23aa1bddb9657486918e31713580e92
Samoyed/oxford__samoyed_60.jpg,92caf9474cb987c9b363c9a3b057e27e1275c5911a92e4c0353021eeba3028f3
Samoyed/oxford__samoyed_61.jpg,d96af2035bda2b381614059e9053cca6219e81dfaf314220a748b51abf5a2f13
Samoyed/oxford__samoyed_62.jpg,f5f768dcd0e1205e7b7a2c1348c582548f1464b3069f08d057d8897d74fb9750
Samoyed/oxford__samoyed_63.jpg,6891514d7e01d7cc9c5f06503f858b2154853bb0be18b103641938c9703e7fed
Samoyed/oxford__samoyed_64.jpg,02c2f74d5f978799abde104b2cbafa15712542d7f3d460056018cd86cd8e0017
Samoyed/oxford__samoyed_65.jpg,f2b62bf76b3f4a96dcc8ab38a9cfc12d5902d6d4346f86df0ecfb3fed55e15ee
Samoyed/oxford__samoyed_66.jpg,ed71de1826614862a31084ebf9cf827cece99040d8b8a5082232867982fb9f8c
Samoyed/oxford__samoyed_67.jpg,dd183a5b43c0d9c9b0b1d7e297aaee8b545525b67b27911552965fe4b63fe91e
Samoyed/oxford__samoyed_68.jpg,6717174fcc0950a25018e3741a8035ae9751056f460096eb757045f51abcb444
Samoyed/oxford__samoyed_69.jpg,e49348f4dbce17dc6f3f90ac64bdf9858f8771ac22823cf36e6a1f10316a3319
Samoyed/oxford__samoyed_7.jpg,11ac55182a70d33dda61644849f56feb49b8e1047e7952453c67791bfdf99763
Samoyed/oxford__samoyed_70.jpg,92bb5ed2527b47a6e297e0283cf009b918609618535fd5f096b8f6d6a963b365
Samoyed/oxford__samoyed_71.jpg,aa56c3736884066c06a4d895a1c7b2851b1634b8e408738eee7cdefffbdaf892
Samoyed/oxford__samoyed_72.jpg,38dbcff8f0794e052d07b01c4c9e4df5988d1a541cad44f3ffd71dbf3c62f2e2
Samoyed/oxford__samoyed_73.jpg,38186ce85600067983a94a33acc7ce4edcda2a085039607cca177fc9c1ba3cae
Samoyed/oxford__samoyed_74.jpg,058c4560a17ce74d6c9575cf62cae716d8c9c30f58c25b9163d5e7408a53f939
Samoyed/oxford__samoyed_75.jpg,af4edfc068ad5ce6b06a0fbae2b8c7e41c3bfa7aa4d10c5ec7e6b5f8689be9c3
Samoyed/oxford__samoyed_76.jpg,a38c12b842a6b3f930baef0a3c03e6ca4101074a10c402e2f37d9de4695c777d
Samoyed/oxford__samoyed_77.jpg,6466853918ad2dee1faee0c136d246540220398da2ac91d77052078e7f68fe5d
Samoyed/oxford__samoyed_78.jpg,0b3e7e437166a9c9396204b573bde4386989c4035d83fdc54c62f05c32ca9402
Samoyed/oxford__samoyed_79.jpg,4b241424aafa1a90df2e4339cf2db289aefd1bc46417e983e0528d17b35c6d9c
Samoyed/oxford__samoyed_8.jpg,e70f30b8a6db5ad4cc27bb39cc8e2c5d7e6ee527854a9d9208355e0f25576cb6
Samoyed/oxford__samoyed_80.jpg,6f325b002b3bf2baccd38043dfa0792c6660e258e4c1c42c717d3b8063f39026
Samoyed/oxford__samoyed_81.jpg,0fb91f1df920abea5e4d6dbcb491f05b92b636adae0cd6596a6e34ae502512b3
Samoyed/oxford__samoyed_82.jpg,9d580059b7650c5e4d90bd160fc0e5c2233ed7647e8092207bdbe6547b8a3b5d
Samoyed/oxford__samoyed_83.jpg,0e372c04484d74c0fc32c6d91fbaa3366af7108a17c5e9fad3d9ada3e56f6c43
Samoyed/oxford__samoyed_84.jpg,7be152d1357014ea827a8a11e5b414728c0a9e73f41ff2eff0a9f1c4707cd429
Samoyed/oxford__samoyed_85.jpg,44c4b36e5bfaa3b82301383b3d1085ba5c06ea606e69a5f7c00139af56e7e99a
Samoyed/oxford__samoyed_86.jpg,261b68b8a81b13a46ef35a6e390df640350fb1cb60398ac0d95b44393fb9af50
Samoyed/oxford__samoyed_87.jpg,418cc16f33446051a724d47b722a0b3c661a979db4db683be4e7eab0f75b816b
Samoyed/oxford__samoyed_88.jpg,f5306fcd81d9d42326d83535839b379b776b70bf8f808618326e594b2a3301e0
Samoyed/oxford__samoyed_89.jpg,5cb92babf300679d925053fc06b81f99f8eaf8bdcdd89f3111f09e55db4e2589
Samoyed/oxford__samoyed_9.jpg,856cae5897ea5ce3de3f17d6347f8b41337d9a94fe0240bab4a92b9f13abeec2
Samoyed/oxford__samoyed_90.jpg,66d938b25ad059a067a6a6464f6ee6275d8b9a7a1bc15ea44c893915502931c8
Samoyed/oxford__samoyed_91.jpg,0b48feba9db831bb49fd01fffcfa64f1a0c4aaaa175a61286d1cc77ee19676b7
Samoyed/oxford__samoyed_92.jpg,37d12ab3091d7e05588750f638d916cee662a790645377812e14c57ff7b28d41
Samoyed/oxford__samoyed_93.jpg,e95ba0f47fbe5671094e5ebb8117c4ef68c4b95614b0942d7c42d369e41e03b8
Samoyed/oxford__samoyed_94.jpg,e5f79cefe0817f0fa40357d0cb59cb0367a29b1413525b347cf019c34af03bdf
Samoyed/oxford__samoyed_95.jpg,0ae8126cc7747c0b12285464a733a63f313bbfdd7421671ae7598f32aab1441a
Samoyed/oxford__samoyed_96.jpg,2fcc75f775ebca35103d070f2375df15d0826056432fb07b3a031e9478946abd
Samoyed/oxford__samoyed_97.jpg,10e236c9474b0eae9d8cdf9ba1754474d3c8fdf5036d7c8e01a27acaffaca82a
Samoyed/oxford__samoyed_98.jpg,69e597534f923dc29edd92073a9f208e5c000cd04254ef26caf7837cd1478bb2
Samoyed/oxford__samoyed_99.jpg,b2b7655820a6ee349d435a1277a4e17844aa76870ecbf780f3847dc34917bd1c
Shiba_Inu/oxford__shiba_inu_1.jpg,0605ec6a95462f2819d1960c5ac7a1794a25d130cc840705c9f22666dbe1abeb
Shiba_Inu/oxford__shiba_inu_10.jpg,8f0972d8320fc3cd68be760677320ef30f5f034edb9d48860c6f3730e42d9569
Shiba_Inu/oxford__shiba_inu_100.jpg,b0ecb2ec0ab4656dea85fb952d0ce9e02ba3e364f8dc866adcf5c050f01bbdec
Shiba_Inu/oxford__shiba_inu_101.jpg,1e08db8176b7a15bf9cbfc29d6f7088da5e5ffb189d5fb3fae048990a95b961c
Shiba_Inu/oxford__shiba_inu_102.jpg,acd17a7d48b7b074ad6eae6eb6d8500d70a9bf64bce374ead86feb2b3f710b8a
Shiba_Inu/oxford__shiba_inu_103.jpg,0847fc7e0b5922ec45a907121c8c8e0d489f0d3fae6d6f1f5a7534279e788260
Shiba_Inu/oxford__shiba_inu_104.jpg,9933a0eda41a1805443d43ef593bfbcac992a79066e10de431c5d8be7c067d19
Shiba_Inu/oxford__shiba_inu_105.jpg,d6c3d70ad8d82aa12f4b567ee8168002f7f3deb65ea2750ae5a269b84106e3fc
Shiba_Inu/oxford__shiba_inu_106.jpg,e9d5f110c4bed1ca00ef489b3fe573e84288061ad1ff7c45e22defcc28a21514
Shiba_Inu/oxford__shiba_inu_107.jpg,94a768b431ca669c067aacea0ea5eed4bfb1958db2e0832215b3dfdc97ef4482
Shiba_Inu/oxford__shiba_inu_108.jpg,713cabea92c87bf354f98cee0bcf748a6dec8d2958929966138057cb351cf661
Shiba_Inu/oxford__shiba_inu_109.jpg,0e129037e8d0f66c523535381011d2136721749fe67aadcde7c7e86b9f0ff0cb
Shiba_Inu/oxford__shiba_inu_11.jpg,a4fbdaee70d836676f358db8abb093ee94d739bc395cdf129900b92dcd3ac703
Shiba_Inu/oxford__shiba_inu_110.jpg,a22387100e8aada19cc72b2882a5321622e19f09f2308b01c63a56ed9bda4d12
Shiba_Inu/oxford__shiba_inu_111.jpg,f3a10549ee9d53cb8759a7132e13a982bbef3366ef632b3576ca317e95682ec3
Shiba_Inu/oxford__shiba_inu_112.jpg,945f341bb826195fb28d86820fb9d42a1bf3bce6c94bc31153102ee3ef0863b1
Shiba_Inu/oxford__shiba_inu_113.jpg,10010a07ab26dd9f4e0202c2ac62fffd08c77ac0a976bde4041ea4974c142c3d
Shiba_Inu/oxford__shiba_inu_114.jpg,ad68b93c46131a63ac4cdccd8a9035aa1a9288c5eec400f216d030f7574e91a3
Shiba_Inu/oxford__shiba_inu_115.jpg,836f164ea66e1c39602eee439d8cbb1888a74867d7259074174e39e3f15d01b8
Shiba_Inu/oxford__shiba_inu_116.jpg,8f73ea5d42cfbe61ce5552b17d759940f27b8cb7c9afa376f27bb311a6fc3389
Shiba_Inu/oxford__shiba_inu_117.jpg,c21b4766ac72f1f50dc484ab13aeb1fe456b66af9c2396a2a4d9d74e69aabdfd
Shiba_Inu/oxford__shiba_inu_118.jpg,a2366fd4292f1bbca532d075003106eb92fa3f430e368a6bb68d7a62e4643bcb
Shiba_Inu/oxford__shiba_inu_119.jpg,5a2868ec3d897fe5e046f012cee016b74fb8ab832fc224299b00a5700425cba6
Shiba_Inu/oxford__shiba_inu_12.jpg,41ca899ae6f625e365898898f729b058718b3e61a4f0691cf7f897a0df591595
Shiba_Inu/oxford__shiba_inu_120.jpg,8097ca2c20bedf9cc91823478d6eca1de85ccb2b4b3b2f2014c0d76bfed10842
Shiba_Inu/oxford__shiba_inu_121.jpg,b4b553c7da931dacd9c47498b6eb0d2bb982104f0cc5ced06a4d8179cd0523b1
Shiba_Inu/oxford__shiba_inu_122.jpg,12c7ff378efd36a14b1826924876f226f67534e4dc5a5915d0c60ab13b2c7303
Shiba_Inu/oxford__shiba_inu_123.jpg,cd24180163ff87d43f5875d167dcebe93f7206230ee72a32bfd077cdb15e79bc
Shiba_Inu/oxford__shiba_inu_124.jpg,f1da1ebb304f9bb1b60d11ccf7acb9564fadae32fe088f17cd7357058dd79e43
Shiba_Inu/oxford__shiba_inu_125.jpg,7eb722c84dd5b069bcc628884d8d77cd145af883962c69d6f19322eab00b961b
Shiba_Inu/oxford__shiba_inu_126.jpg,efc5b323b735f704df12a3fcb64c2580fc1d97816a0939a3069c87a732f688dd
Shiba_Inu/oxford__shiba_inu_127.jpg,dd6a7335a88e996c029f0b6a242b94066d1c742ee71af296bfc2baa200418e5f
Shiba_Inu/oxford__shiba_inu_128.jpg,bd765404f10c95974da24fb1bf24a45e7747ec915069cacb1a7464313fd8149a
Shiba_Inu/oxford__shiba_inu_129.jpg,08069ca8e579002b5d09909921d432c281a9d9f5183ffba522ec98808764e762
Shiba_Inu/oxford__shiba_inu_13.jpg,365222cd77685e3cf187aff4c4c84d3a0f66114f7666ca2d45f4369e821c331b
Shiba_Inu/oxford__shiba_inu_130.jpg,f4ec7c94558dfa2867404fff2e55f2329603a9aa8c7fb9741c212defb27f14b9
Shiba_Inu/oxford__shiba_inu_131.jpg,d9dd28d747e394054b5bed52983bc8a8da2ec14cafbf9a1de26a314ad79ea5b0
Shiba_Inu/oxford__shiba_inu_132.jpg,8f7ad48a332ccc03cee314ee23a1965240e93324f0160dd3520239d2102e62ef
Shiba_Inu/oxford__shiba_inu_133.jpg,8079f26e333da8b4305f88c30bea26d2c8c2da0d4c03aa3b9c0c6450386c7fae
Shiba_Inu/oxford__shiba_inu_134.jpg,84801a3c09797a21fd3c3f95962f98c86aa5b33a9729cc10800313faa2826ced
Shiba_Inu/oxford__shiba_inu_135.jpg,a68641699fc6ec8ca2578e1404ce803606d5a29ce909e3e4a2a62f7649fad577
Shiba_Inu/oxford__shiba_inu_136.jpg,b7fbdc6dea2137702199a405696756dfff175c062f10ab60fed7b2ac26fcfed1
Shiba_Inu/oxford__shiba_inu_137.jpg,8fb6586294bf0bb271d3b080fb5a16323aca7a9fe39c77c002b1ff6103fb11d3
Shiba_Inu/oxford__shiba_inu_139.jpg,57720c8c8b7fffb8f2daf69cef598d9cf29706853098178813d0b7104bb68181
Shiba_Inu/oxford__shiba_inu_14.jpg,b6f15e5fcc4163d14337030b248419588de00ca565bd9294311fd9cb5c321755
Shiba_Inu/oxford__shiba_inu_140.jpg,2d8706709c3bd0fb8c20ded24c927533fc7d3b32037c0152837f2dc967b5c037
Shiba_Inu/oxford__shiba_inu_141.jpg,f301c06f330844e76232128bb13ce5d0ff0cacf56638e19e1eb4ec17349b684f
Shiba_Inu/oxford__shiba_inu_142.jpg,a83cbc82243cedee2be77f93172003c144857ab1ffde7be30e476a450153e48b
Shiba_Inu/oxford__shiba_inu_143.jpg,d8813d7503285df2c2e859f6be1a31d7b0485ba92d60afbac8d70cd396c8c11b
Shiba_Inu/oxford__shiba_inu_144.jpg,68e980b707f423157e64ec655a18fcc63bbd3a45e3de6329347ee7f0b4c4301e
Shiba_Inu/oxford__shiba_inu_145.jpg,95f70cbcdcfe06f6246d96ba8ecea6026821d2f1132fe5d69e55f5834a6fabd5
Shiba_Inu/oxford__shiba_inu_146.jpg,5d8de15c99d8459b8ca76fd96d0af9f4bf7f43c95e76c6111062d2a0a9d0ea6d
Shiba_Inu/oxford__shiba_inu_147.jpg,cc2af51b752cedb1b7f585dbd827f84581c698824dbc2cf63eafc53025b16e79
Shiba_Inu/oxford__shiba_inu_15.jpg,30a8fa883861d0579923378afb74a5d9d405d083fa514a14f0952f2aac5819c9
Shiba_Inu/oxford__shiba_inu_150.jpg,b9b2d5b1b79cf19ee0dbabbf159ed9e38b8a7d3ae1e57ec5c24533fa29eedb7c
Shiba_Inu/oxford__shiba_inu_152.jpg,81fd4859d8747b20315cfb2c10b2feb0faa0c5d78f9ce58388d97be7312a55c4
Shiba_Inu/oxford__shiba_inu_153.jpg,061302e8922b052a84574dcca7b9643f5b5d9e2638899437c19188b8ead79b2a
Shiba_Inu/oxford__shiba_inu_154.jpg,664c20ea6ff2a71bebc268a6b33afbeb4807962a1e96eda61f089f5529f36a08
Shiba_Inu/oxford__shiba_inu_155.jpg,a5b689499aa7f312140cd1517d055fdd42c839c1557d96c83189f59250b698bc
Shiba_Inu/oxford__shiba_inu_156.jpg,16c60d105dadc7e7c4db2102140c4a53bc8d74e29c318cd712e8e3f4fdea36cd
Shiba_Inu/oxford__shiba_inu_157.jpg,898fe877a6f7e6b27d8c6722de6ab90fa100ecf1631f478167863e4b31c07638
Shiba_Inu/oxford__shiba_inu_158.jpg,1d7e01f4b15e05af6bcc76bd5422da86fbf196c93dee30bb64e37d9bbed52c38
Shiba_Inu/oxford__shiba_inu_159.jpg,d5636ae4b5a01989d1d8e7bd104f3c2344453ab17312770d63f84454bbb44947
Shiba_Inu/oxford__shiba_inu_16.jpg,a2c042ee4261fc3a89f77860504f80346f25471b9543187ce658454b0ec18a58
Shiba_Inu/oxford__shiba_inu_160.jpg,65ccc04d8aee78b3c849de395ddcd00f45d62063b425ede76b48931fa2d74e15
Shiba_Inu/oxford__shiba_inu_161.jpg,0f2fc01abcf016ba99b093d21a2d89c2b83e37778ef0418d66db5d09df84fce0
Shiba_Inu/oxford__shiba_inu_162.jpg,8df4f04eb0f2858734fdaa1ddc8e88dafd3b7e423d105aec208233cb727d5d7c
Shiba_Inu/oxford__shiba_inu_163.jpg,c80f377ea4fde3050d157a6a4ac841d1996f908a5e61075eb43cdc45f8b5a383
Shiba_Inu/oxford__shiba_inu_164.jpg,b6f3daacb52f87e1e4761856f3c2095522dca524560e169cd90b81251a12abb8
Shiba_Inu/oxford__shiba_inu_165.jpg,d0e0742cfa629922bfe064256a1884404fe545bfa183109aef3335fa55678935
Shiba_Inu/oxford__shiba_inu_166.jpg,9b1872474ff1cda6c9536bdb22f79120aab59227bf50b016abe39abaf0a7cd58
Shiba_Inu/oxford__shiba_inu_168.jpg,2e5d0bb3bff7d0b4c625900d6023458f26046d1f0d46bc5703f4fd65adc549a2
Shiba_Inu/oxford__shiba_inu_170.jpg,e80c1b84120da8d96441d08d84bbbd4a52b01ee611769210125d8ab71cd3bab5
Shiba_Inu/oxford__shiba_inu_171.jpg,3197b957cbf70c692635352d62a4e776ca79104fb6b961a702e7f10c8b16a673
Shiba_Inu/oxford__shiba_inu_172.jpg,9571b343f83ef8808357b1a68281e916bff307ed66c51bdb3ab004c0af5b2d92
Shiba_Inu/oxford__shiba_inu_173.jpg,576e2d29c38e2fe20d1defa47346005e917382e8428bbf27a2449ef9a8f96b10
Shiba_Inu/oxford__shiba_inu_174.jpg,84ba6606e18a84d4c9466b1b57165c7f6c0b06b3e533928728d013881dd5f204
Shiba_Inu/oxford__shiba_inu_175.jpg,93463c8a32bb2ba7c31c74100f53822b42badb981055841e687721d39f608c5a
Shiba_Inu/oxford__shiba_inu_176.jpg,a427e8f0fef8592d47e5cda962a3b060c40767b504c2c0d090d450049f168089
Shiba_Inu/oxford__shiba_inu_177.jpg,a565e328dce74fb0ee08a0fe7f028fc5f100676239e32fefa1cbedcc4a50917a
Shiba_Inu/oxford__shiba_inu_178.jpg,b17f46acfd84585e1a5aae6078f3bfc6c27733ea55ba24f5686ad519cd0d2e75
Shiba_Inu/oxford__shiba_inu_179.jpg,6b939c1dadbde2bcd143bea378e0b6b99906a04ccfacd8df1f37938d06f461a4
Shiba_Inu/oxford__shiba_inu_18.jpg,b0f58f41d159de2bce7983a46a9af30e9eb34f58d6125abd17b687500ad2d7d7
Shiba_Inu/oxford__shiba_inu_180.jpg,07887bca768ec716a27db4d96be30d7e2eadfa264b4170b30cf2963492497b75
Shiba_Inu/oxford__shiba_inu_181.jpg,b8aa4e4f3dac9ec11b2f61b4a7c572cac990f0f2c37f5d9c79af6021c9c639af
Shiba_Inu/oxford__shiba_inu_182.jpg,e5d347979e557e34ba324103b03cdc6a49457f61ba0d3014ee5b6e39e6ab9433
Shiba_Inu/oxford__shiba_inu_183.jpg,3e50c933f91e8ded42670964c690a17aa5066c00d1cfa0b9b3efe942a13eec6b
Shiba_Inu/oxford__shiba_inu_185.jpg,a18a018768099b120629840177944d73fbd8fc15026524297f34f8c10bd4238d
Shiba_Inu/oxford__shiba_inu_186.jpg,8cb171ca6ce545a515950b4bfd2c3856c9a429cb91728fa9b5f11d7b3292cc11
Shiba_Inu/oxford__shiba_inu_187.jpg,689b521e4a2d34e983adf8a9052903e9b0a5ce9f9a90204814cd7832a1d69d83
Shiba_Inu/oxford__shiba_inu_189.jpg,5ef4e8edc06f89fe792d22eecbdfdd6479aebf4f4c38021c97e41fe43214716e
Shiba_Inu/oxford__shiba_inu_19.jpg,9eff6b7fbe4c1dbb8fc16116ed0275704e61b8612330c1fcce7464f81c90b36b
Shiba_Inu/oxford__shiba_inu_190.jpg,d25dcbe775298967809c4d1ee3682d23dd4fa6852ad4916af756fd92fd01fcc9
Shiba_Inu/oxford__shiba_inu_191.jpg,6ebc231b07a9c7d66836b30c95584d417c1ad76c4843fc535f7ac266786b1fc1
Shiba_Inu/oxford__shiba_inu_192.jpg,01fcb849a30fc39bf7e29d466a446ce9b8a5bd6a6c2f899b380247410be536bc
Shiba_Inu/oxford__shiba_inu_193.jpg,280351f132304c3119f9e6159ac0d4a96529fb4dae4d3a6cd4c9ebe18c46f20f
Shiba_Inu/oxford__shiba_inu_194.jpg,27e6b2a60fcf197b889f10bd3e975a52ac381f9e7b99ade87adbc263557a12ce
Shiba_Inu/oxford__shiba_inu_195.jpg,8134240628856716b1c21fea5653a3d136059bd00521dac0b8ae56db78f4fac6
Shiba_Inu/oxford__shiba_inu_196.jpg,1b9fb6f2b78550c6930ae20583af76b3637624df92a99365240a35d5fb5045b1
Shiba_Inu/oxford__shiba_inu_198.jpg,95a21e1f18a4800bbc4c0cf7df612a07f780590bd681f7f0740b91a5060c1106
Shiba_Inu/oxford__shiba_inu_199.jpg,82b27e477d2737bb8d0fafc1689c07bac7aec6a47bdffed625e18a2fea7cc403
Shiba_Inu/oxford__shiba_inu_20.jpg,1a2575ce696ed49d812886ecad73875a468d6f1424087f261cef8828db59ad49
Shiba_Inu/oxford__shiba_inu_200.jpg,2559277e8cd4fa3b16c187c9c348132782d198fa4d02ead48aa7128ef0dab71d
Shiba_Inu/oxford__shiba_inu_201.jpg,9a588d731e1ed425afd3edf82fb21a0a14f4b7f38b6ceb5493e6cc5f1df4b698
Shiba_Inu/oxford__shiba_inu_202.jpg,95162afbb7dcfa064734aff0b45fac0af9d2e0ad1c76e4c39a2d8d19d42ea69f
Shiba_Inu/oxford__shiba_inu_203.jpg,46a6717ca9cac6837359eea1bf6fbd53af68a47bd6dedd4289c353b01e56d606
Shiba_Inu/oxford__shiba_inu_204.jpg,639556268684409358f5620aab425d6f81935fafa703cc0e98c2d38d6f162e8c
Shiba_Inu/oxford__shiba_inu_205.jpg,37ae1a039ff63274833621acc7d33210a8ddd1ba5d2fbd8a038d7b81baf45a3c
Shiba_Inu/oxford__shiba_inu_206.jpg,1d620d7e024d4475e41a7bb608089863f0532ddff59e5acecb9107986ac33e0d
Shiba_Inu/oxford__shiba_inu_207.jpg,7dbff23ae8bf3fbfc961c81b8ab7f7ab69b316102db88148436d5641388acae3
Shiba_Inu/oxford__shiba_inu_208.jpg,9b0e9c0a51dc65d88cf47204c62c8db04a6d4a413cace84d4f52f026478fd483
Shiba_Inu/oxford__shiba_inu_209.jpg,ff80fdcd8f3f3477e6a9bf064cd8a04fb0bb2c591d2b408bda95a091278298c0
Shiba_Inu/oxford__shiba_inu_21.jpg,e772aab4ba2b54a12f16a6ccd8b192f8ba4da74139722c6228ac3d82a63baf5f
Shiba_Inu/oxford__shiba_inu_210.jpg,7d5cf38bbc66df664f9e023d9e940d24d7e4aa65e05e1d274b86beb89a80019e
Shiba_Inu/oxford__shiba_inu_212.jpg,799e829a4794f8f512b61e5f25efc3feb4dafcda9fd59bd5d843afcdc35035cc
Shiba_Inu/oxford__shiba_inu_22.jpg,ec819f04630bff6700c7085c48d776bcddd7dbbb0fedb9d2e652179b439e6e75
Shiba_Inu/oxford__shiba_inu_23.jpg,7bca038f0a2a9d5a547b68f2ffb1256dabecf43b6c3b89363364542e3b8f3fc0
Shiba_Inu/oxford__shiba_inu_24.jpg,421f6c6db9d4b420bde3a38c0dc8d98b0b6d7095b5737bb7864e3dbfa831bf3e
Shiba_Inu/oxford__shiba_inu_25.jpg,090abe3813e745840a8fa74ef727315e1e2387712ee2e56bfa059c6a3815ca17
Shiba_Inu/oxford__shiba_inu_26.jpg,c038ee22b900b9f907c74a7eb3763054de0d213779eec32150018ad3fd4a88f1
Shiba_Inu/oxford__shiba_inu_27.jpg,3b997fa8dc1fe8d99669223e92d3315209dbecdf92061a89004d0b5922165074
Shiba_Inu/oxford__shiba_inu_28.jpg,40b3941971eb77399c745402718aeaec12e4a99a0d5867574ed0690ff13abd70
Shiba_Inu/oxford__shiba_inu_29.jpg,8bb56b4f21c37d000e1e8f6f881b1e71fac4ece62dc538da2f5f32922b5048f8
Shiba_Inu/oxford__shiba_inu_3.jpg,c7a1c55b1974c55b72ab826b162d0bb88d18ada0472206beb559fa81663560d8
Shiba_Inu/oxford__shiba_inu_30.jpg,d44b7947a704739a323e1f9f06c0b95578d2f70038b4d811e9bf3291ac131844
Shiba_Inu/oxford__shiba_inu_31.jpg,84c74786eae13ffd685c3297f26f823d5bcecd2539cbf2f0ceae743222b8aac6
Shiba_Inu/oxford__shiba_inu_32.jpg,ccb796d04715d1a30b1fbb916bbb8ecd6df2b7fe5731882db31be1afcb84134e
Shiba_Inu/oxford__shiba_inu_33.jpg,9a8204583beb9585f1d8e5cc4c42db5ea15548bdedf08203defd84cbfc449970
Shiba_Inu/oxford__shiba_inu_34.jpg,db94b0a0a8c4cb649cfd2c817e875e73b2f32669cd8698e20da31e7aa5348bd2
Shiba_Inu/oxford__shiba_inu_35.jpg,b469ecf4a3c918925f7fd0f8a51f4a76dfa214eda2a136383a87fe03788b1b52
Shiba_Inu/oxford__shiba_inu_36.jpg,7b34d8138de15e208b6929a92065ee9609e279a3afd320b89a3cc4aadfd5f232
Shiba_Inu/oxford__shiba_inu_37.jpg,c28c2c9f89cb2191d4f42079845f923a39f1fedee432868bd5724340879d80be
Shiba_Inu/oxford__shiba_inu_38.jpg,e9c19549ad7fed36293c6883320f0f766e0d88760a6de8df9c1390714e060052
Shiba_Inu/oxford__shiba_inu_39.jpg,1a67be786fe47e7e40da0ee7cfda187e7482571eed48e32fba37ed53d08b58ea
Shiba_Inu/oxford__shiba_inu_4.jpg,fa181a75b33904682885fd5bb78c8a10ba1befa690ce8abca6e98056ff142482
Shiba_Inu/oxford__shiba_inu_40.jpg,31d758d65c3bdc986f178922500d131b7ef6bcc2c81fe3a981de30e9d2c20d67
Shiba_Inu/oxford__shiba_inu_41.jpg,3eb84cf008d94272359cd499299eb587a4f6e26faa81a392bd3c27d86c05e9d6
Shiba_Inu/oxford__shiba_inu_42.jpg,96fc571ed8d47a750b077c12976014d746d52ae11b179e3bc82f8727868615ae
Shiba_Inu/oxford__shiba_inu_43.jpg,57e9a97d5531ecd75b5dc7d5200358e762b85d3831cf96c28e80ecbfbef53c77
Shiba_Inu/oxford__shiba_inu_44.jpg,6aae8fd49e25da0de9b6a74fa364cde3111b2a8371ca35cb5c85013b26d9cbc0
Shiba_Inu/oxford__shiba_inu_45.jpg,be9c5166eca92afbd391a151a3b0fc6fd8f1c5befacc76dc547fb21f10c9fcd1
Shiba_Inu/oxford__shiba_inu_46.jpg,adbcf6c7bcf853b869bde20cf360dafa09a94ece9206da241b68f50ecf500305
Shiba_Inu/oxford__shiba_inu_47.jpg,3a550807000025c8f51537d916e7b81a6bb23d56e91eb70e134010d09669d391
Shiba_Inu/oxford__shiba_inu_48.jpg,fcf2c5e7c297143a9d0b08ec2911f7d00c893b4b58fadd2f95639d51f22b6290
Shiba_Inu/oxford__shiba_inu_49.jpg,36c6a1fcb46467a2c2a0a91c42f17907d54ae89a2aeaf7ec37bbf06a0d7cb6cf
Shiba_Inu/oxford__shiba_inu_5.jpg,aadf52a8f5547ff5662b0dca3880849e944e3c124b2d631aaac6a073102073b3
Shiba_Inu/oxford__shiba_inu_50.jpg,c022e7844d5947bdb950b224375b3837294da977a5e3ddf21ccdbb9245adb1f3
Shiba_Inu/oxford__shiba_inu_51.jpg,a2f82532566d5337e632758559e80ab4be50717914e4908432ad6f49fc0a44f1
Shiba_Inu/oxford__shiba_inu_52.jpg,d36ddbb17eca635b06189d470c025e430567ad682ceee4d7ea44909da90fd52c
Shiba_Inu/oxford__shiba_inu_53.jpg,2e04288e3114cf2318bd0317c8457acc86c4f57647f6f2b65a5d555c29a284e5
Shiba_Inu/oxford__shiba_inu_54.jpg,38ab09f60cc11f54e6c948fcc6a87d72737741e9b553c9434f506767eb3fb59d
Shiba_Inu/oxford__shiba_inu_55.jpg,232eaa33723201fdd308e2699e4379662e31e46e530c556bf40cc2f7cd7040eb
Shiba_Inu/oxford__shiba_inu_56.jpg,51987f0e7028d17862737e8ea1f24eb35f9baf30156a4e20138d8c9d88716557
Shiba_Inu/oxford__shiba_inu_57.jpg,6c74317e817cf8fb7df96ff1fc03fa278be30aed20072c955849766be9ff9fc1
Shiba_Inu/oxford__shiba_inu_58.jpg,5b80a86b54d2bccb0a482796cbb0d4fdad5851ef54c31f93bf7726ef1b342480
Shiba_Inu/oxford__shiba_inu_59.jpg,fc53eb12c54c041114ee6b996b87f67cf8ce5e530f730fbcf3f184cad9519c1b
Shiba_Inu/oxford__shiba_inu_6.jpg,21c078a4c89be5f625396d3f17dfefb968f295d89f2770b2437adc967edbceab
Shiba_Inu/oxford__shiba_inu_60.jpg,f1d90f35a33408d4fa583d9c16795b09d55c0d9fec565177335751b0cc4cb7db
Shiba_Inu/oxford__shiba_inu_61.jpg,89a39a480ecbd11bd98a5892f872bd73bcd60082fbf734c23ee97c714d24f8bb
Shiba_Inu/oxford__shiba_inu_62.jpg,4fb46d1af0bbbfc39612b8e0d4411b053f24f566db6b696d255e506706a19b1e
Shiba_Inu/oxford__shiba_inu_63.jpg,9a2fdebb90070f00c5265d7732711a9a7b136b0551a65b3d0a7d7b5fd2b6127b
Shiba_Inu/oxford__shiba_inu_64.jpg,848dd15e289f9629b97862feffc7764e6d6bb43c750557d38ca78bc51de50e93
Shiba_Inu/oxford__shiba_inu_65.jpg,28317602336503d76ab60a5a50e2a908ebabf1b0366d1777d096f3a47102380d
Shiba_Inu/oxford__shiba_inu_66.jpg,b3d7ab1d32265e2cb7d5f30256743d7960f940fa2d1014ca8c6041eb79354664
Shiba_Inu/oxford__shiba_inu_67.jpg,6e35123f2990bbd24a7aca18788c86c0da77311e5556ce6adeddc8f1bd3435f3
Shiba_Inu/oxford__shiba_inu_68.jpg,125e18444e5c1573c999532c3c1496d4ce4c23e5d180209c5dcc55b84507cc58
Shiba_Inu/oxford__shiba_inu_69.jpg,21655d451efdae8001b7fe84217ccc6306aa9d0b0319b2cba06609a320710967
Shiba_Inu/oxford__shiba_inu_7.jpg,75e5f61476bea2cdaf77f2ade30b94422dfbdde6014229dc11a23a8e0afe0632
Shiba_Inu/oxford__shiba_inu_70.jpg,91bb81e8561e31d44488a0de5b8b119d3ac475aae8cec1c7069bf31ca2ed782d
Shiba_Inu/oxford__shiba_inu_71.jpg,b1711388d8f6fa6840fac174f38d03c09c937a0e3c63ca68c24e3cc91f982b83
Shiba_Inu/oxford__shiba_inu_72.jpg,052c7fd08e2f421aac188aa08b444de2703d1bce8ced4b4db2fb55e420461b4a
Shiba_Inu/oxford__shiba_inu_73.jpg,5725164694d0ccd2f0f19096c8ead802c75ab6248d854d239980fb5654baf54b
Shiba_Inu/oxford__shiba_inu_74.jpg,237f6806805016ed9b5ed30f566545446b213936b7accb24b1302eaacce976f3
Shiba_Inu/oxford__shiba_inu_75.jpg,b4a3e9c783154463b163d991096c0ec02410b1078879853205e1d9bce7c44eaa
Shiba_Inu/oxford__shiba_inu_76.jpg,ee0c06035e8673fa33c3b3697728a5d73f441b9ecf56ae62f35a13ae29dd24e4
Shiba_Inu/oxford__shiba_inu_77.jpg,df525436bc1d2021656d2af14bd214d94ed9dc0367830fb0b6729385394db4ec
Shiba_Inu/oxford__shiba_inu_78.jpg,651d23786a9b9122fa1bbd6ada927d8270783104ff1f810cabae192aceed64ec
Shiba_Inu/oxford__shiba_inu_79.jpg,6afdcc0b6beab8f11007e2aa1556a68dcf38fd21776a8e965ed976452f637534
Shiba_Inu/oxford__shiba_inu_8.jpg,46f900e64c197b0970ebc22410396aa1ef128ce5d2be5e0891e446c822f60f04
Shiba_Inu/oxford__shiba_inu_80.jpg,aed6daf6a0d04aa50edd3e3520c22b3e396ab5df296a1efb335af0d99c0eae61
Shiba_Inu/oxford__shiba_inu_81.jpg,5ce6d8ceff77eeeadc08f27761dfebc0ad3e567c0a05d6480f13aa378fe969e0
Shiba_Inu/oxford__shiba_inu_82.jpg,622d8d39e88debc215e92a7754cc6c1c3edc8f516c7f076ec6c3660e2ed80226
Shiba_Inu/oxford__shiba_inu_83.jpg,c867ce68002e04aa892c61c3fb7683e0eb367c0f80bfc7bce9554db57db3c2fb
Shiba_Inu/oxford__shiba_inu_84.jpg,a2ac4797f8cddda05c3e6ef21ed322e191498343bb045db27b7da98e50954271
Shiba_Inu/oxford__shiba_inu_85.jpg,e7ba0dda903cc4033540cd7c0cda426d5bd20fc6edbdb9415a1ac89b6fe7bcec
Shiba_Inu/oxford__shiba_inu_86.jpg,7d33f4b7ef6a0fad0b7cc0501b251700a98886858221ba59cd8e059340a710fc
Shiba_Inu/oxford__shiba_inu_87.jpg,b6bdd291daa5d7660716401c2c0e67b40cf7e7334cc42b7284f0fa811bf23418
Shiba_Inu/oxford__shiba_inu_88.jpg,9f751c8ee7c7fc7b755b2744e013fd097a5dd4656d60dbc3c9fa3625a88a8c0a
Shiba_Inu/oxford__shiba_inu_89.jpg,dd6650e3e175049710174048cb5cfe13955d1ca0a2821a17380f8ed71e0a0203
Shiba_Inu/oxford__shiba_inu_9.jpg,013b50258ef8c623db6e3401cf6c925fa732b76f8d09322cd45da81c5d835eb1
Shiba_Inu/oxford__shiba_inu_90.jpg,5eba9d1de9bf0dbeb344db561f4d142b7b8e7ceacd1ea20194144dd6b47af7f3
Shiba_Inu/oxford__shiba_inu_91.jpg,20d48abe1186336530dcd95be5f188851136e3ae5b0556808e061b15ceac4ca5
Shiba_Inu/oxford__shiba_inu_92.jpg,f66bf8a94d7954c28ae20a71128dd84aad4b9b1f213827051531e71a10ec7072
Shiba_Inu/oxford__shiba_inu_93.jpg,49514d38e2f49bd704eb8542a872e5ccab42c8b130a0dc2ff26bd993118c1b02
Shiba_Inu/oxford__shiba_inu_94.jpg,f7985587802f28b2b9718fd82f6f559aa1be73eb2b0ebda194cd73deeb6f8e73
Shiba_Inu/oxford__shiba_inu_95.jpg,130ff9a3abef60a62f47ad54ac86897c6e915e51aeefe87051e26fd8bdad4beb
Shiba_Inu/oxford__shiba_inu_96.jpg,4a49ce5e54e8882cd51478f900a554106fb62924b519e130c0dc7cb4b4aa7b26
Shiba_Inu/oxford__shiba_inu_97.jpg,5885744ef95ebf66ce24b2072433be0235ce6939c6e67cfe729967341e6ff7b6
Shiba_Inu/oxford__shiba_inu_98.jpg,e2d8135229036eea49e858dbcf69346cf4ea5cec9d94b0725108267866045e99
Shiba_Inu/oxford__shiba_inu_99.jpg,86f00cbaefbfacffbe8114d62335b96eab9ba5ae5ca11d6f0097132510282b69
Siberian_Husky/stanford__n02110185-Siberian_husky__n02110185_10047.jpg,d63c854a5fb0dde7f9ffee208d1e0f9a0d4d3518b6a944b4c181289194354596
Siberian_Husky/stanford__n02110185-Siberian_husky__n02110185_10116.jpg,ae25d367202ecbdfa7b829bcf07bb84f72bb82df7eaed46aae4571698339b7b2
Siberian_Husky/stanford__n02110185-Siberian_husky__n02110185_10171.jpg,a77692add83b2d2b29538db0006fee291fd89eebd2378a9696936d1ff828096b
Siberian_Husky/stanford__n02110185-Siberian_husky__n02110185_10175.jpg,8e57b174f8c66156cf6b292b73f98c2c6293b7d8cf40ef0f608975e130dd6fbf
Siberian_Husky/stanford__n02110185-Siberian_husky__n02110185_10273.jpg,bedb1d0b56ac185808ae588b9c0952ce17914e34970f0f9eee63d826e580b204
Siberian_Husky/stanford__n02110185-Siberian_husky__n02110185_10360.jpg,4774fb21fd0355e639eeac03c67dc178172a35eee2d962f494475d5e60936478
Siberian_Husky/stanford__n02110185-Siberian_husky__n02110185_10597.jpg,30cc0d5ab79b02c41127e69f7a0679c3fa63651210b9b441b6f201c64b41ae66
Siberian_Husky/stanford__n02110185-Siberian_husky__n02110185_1066.jpg,55c477ec7998b4a868c7255bc58df82a25a0cca36b93e21a37cd5908e50de351
Siberian_Husky/stanford__n02110185-Siberian_husky__n02110185_10844.jpg,03e151cd02f72c14c8009f83739a9195956371e39b93dededa416bf0c0545fd5
Siberian_Husky/stanford__n02110185-Siberian_husky__n02110185_10849.jpg,02dee56a75882c6c4eb5711aef324177efa171a7bb37e0bc623bf8eb44c1d301
Siberian_Husky/stanford__n02110185-Siberian_husky__n02110185_10875.jpg,8ee3beed091f8a49fe5ce87e8d701bdb9cff4a8001222269e64b85bf01baca38
Siberian_Husky/stanford__n02110185-Siberian_husky__n02110185_10898.jpg,16d512bd879fe37e1ebdbb96c7d873810c5b7d59d5fbd95b8dcb4dc6ace995dc
Siberian_Husky/stanford__n02110185-Siberian_husky__n02110185_10902.jpg,9b992c0282c7705535f6666eae2ad1d323c4f93346e42150a36514571ef6abf7
Siberian_Husky/stanford__n02110185-Siberian_husky__n02110185_10955.jpg,8ceee7db6f992748912de90806775c48097f27ab467e5a8806b240ec49346403
Siberian_Husky/stanford__n02110185-Siberian_husky__n02110185_10967.jpg,9812cda9ca99bbb08495f29572fef421788954539bb63d20c28953bba7d7fbd2
Siberian_Husky/stanford__n02110185-Siberian_husky__n02110185_11114.jpg,66274eecb409b314f146bd5678592dc96ff7328fb77b0d447a5c927c383f51e8
Siberian_Husky/stanford__n02110185-Siberian_husky__n02110185_11131.jpg,3947266c892b3ed7208f2703adabc5e5a611cff6a35dc00323e5bd392d48348f
Siberian_Husky/stanford__n02110185-Siberian_husky__n02110185_11138.jpg,2fd151f18090e5ebf97dc9a8f24a56b87aa1967ff1ce265762a3cf544537069c
Siberian_Husky/stanford__n02110185-Siberian_husky__n02110185_11287.jpg,9201d7798d2765f68d33643e50f7fc1e558755746c0fb421b57eea160ee35d89
Siberian_Husky/stanford__n02110185-Siberian_husky__n02110185_1130.jpg,6a6a23cfd8e6b793e196b162b19c0f3ede2fa2b3dee58c70e0444febd6e68e12
Siberian_Husky/stanford__n02110185-Siberian_husky__n02110185_11396.jpg,593f759e75dd78e181f53a023791e1b7f7f787d50bc377048acd865b51473de3
Siberian_Husky/stanford__n02110185-Siberian_husky__n02110185_11409.jpg,ee40c9e30a9a345e17db8b2b2edad120de19d6802e9ee723750c8ed7d3f4a15d
Siberian_Husky/stanford__n02110185-Siberian_husky__n02110185_11445.jpg,f49cfde9f271147ee727a119ae93482ade41db3fffe3aa34f86ba1d022b7b625
Siberian_Husky/stanford__n02110185-Siberian_husky__n02110185_11580.jpg,9d9c4512276386dcc890b3bd66793d2dd22bd8e4024f7d26344b7b98075a3b47
Siberian_Husky/stanford__n02110185-Siberian_husky__n02110185_11626.jpg,e55826dc27e622c54068bdda5874eb4e8511c8eac65d289ea430cf9ae12140c7
Siberian_Husky/stanford__n02110185-Siberian_husky__n02110185_11635.jpg,c97ef9501ce5dfdf6f19fd93120bb23c47b249b5fc4ba83b3752441a0e8a6eee
Siberian_Husky/stanford__n02110185-Siberian_husky__n02110185_11636.jpg,a3f5c3f761b36dd7bb28e911d09ed5576f8a04fee1a6ea1fa5854335654ec8a0
Siberian_Husky/stanford__n02110185-Siberian_husky__n02110185_1164.jpg,44a4e0e6a9faf56ab4091ce19cbe4f08f5ed4938979aec00f30ef6ae8f73a352
Siberian_Husky/stanford__n02110185-Siberian_husky__n02110185_11773.jpg,04a46147425c7f32c6a3fb2407753b790b8d4ff9c52616a2aff0bf10f6c13f90
Siberian_Husky/stanford__n02110185-Siberian_husky__n02110185_1178.jpg,11e3ba5397631c67c55d32e98795ea7db7af5927a2531fc5484558fbc9aeb1bb
Siberian_Husky/stanford__n02110185-Siberian_husky__n02110185_11783.jpg,7003096f7c9fc92fe6f90092bde54400c2b5e72e7f2a117398013924d158b477
Siberian_Husky/stanford__n02110185-Siberian_husky__n02110185_11841.jpg,934ed998012436fd5445677476c07c4770afd087a9c4800262f80cbbb3b3e254
Siberian_Husky/stanford__n02110185-Siberian_husky__n02110185_120.jpg,5d3997e5ef344942b5ec483737cb0f88cd4e82acad98159d4431cd714c993418
Siberian_Husky/stanford__n02110185-Siberian_husky__n02110185_12120.jpg,22fb9522970e2493ce0bcd10ff5f2e7bcc58bf8728b80bfc76e3d743b8fd510c
Siberian_Husky/stanford__n02110185-Siberian_husky__n02110185_12380.jpg,c4ce54643140bd26a9a6eab6937a06411ed74c77774e28a73326f633ff7b3777
Siberian_Husky/stanford__n02110185-Siberian_husky__n02110185_12441.jpg,530767e989cd4dbb2f6436713bd272183c0729b94a8d527fc74a30cc5fdc14c9
Siberian_Husky/stanford__n02110185-Siberian_husky__n02110185_12478.jpg,62eafc09dcdb36f3e4b26acc43562e9eb1fb65197242cd151d3e6aa31a130324
Siberian_Husky/stanford__n02110185-Siberian_husky__n02110185_12498.jpg,c52425e0ab74d693398a16b67c9e71f4d83839009b94b7a8e8d2b4aed0b39dd4
Siberian_Husky/stanford__n02110185-Siberian_husky__n02110185_12656.jpg,b5efe1a2326ef9cc4ec7aaa4637ce1081487579f83aba9b7dc17218e1d26770f
Siberian_Husky/stanford__n02110185-Siberian_husky__n02110185_12678.jpg,d8fdfc6d93ad4f4e17839ca688f46127bf283ffebbf06e1e773ebcfa4ee9175e
Siberian_Husky/stanford__n02110185-Siberian_husky__n02110185_12748.jpg,f9ede9a4e023186b4175af646e69f1cec480c3cb4f60d5d2a14dc489c382523d
Siberian_Husky/stanford__n02110185-Siberian_husky__n02110185_1289.jpg,abbfc893047eaed5598602d7c5db43415f579ed779cd673c405ae57a384d61a2
Siberian_Husky/stanford__n02110185-Siberian_husky__n02110185_13127.jpg,fe9956ddcd924ad8e8a329bf7f67311478abddf9a1206d3c973dda6a85952fbd
Siberian_Husky/stanford__n02110185-Siberian_husky__n02110185_13158.jpg,d00463472cb153301ffd14a5c10750f4ed83140cee6d70e338bbdb79b973ef37
Siberian_Husky/stanford__n02110185-Siberian_husky__n02110185_13187.jpg,e891377550ba18fc4e52e3c9c467c63b8a5cd619b1563f5114fee62e25de1d9b
Siberian_Husky/stanford__n02110185-Siberian_husky__n02110185_13197.jpg,b5e84ac4b894f0db5673538a27011c26b0b6ca6d38ed05599b4321f41bcf22f5
Siberian_Husky/stanford__n02110185-Siberian_husky__n02110185_13282.jpg,ff684e625a84322c81319046b29a0d5c54ac9140c69e099b27b5b99e94ab2758
Siberian_Husky/stanford__n02110185-Siberian_husky__n02110185_1338.jpg,88c4bf70c50678c58c96020cf5955864cc3a09ee7eb7ed63b21a90386375cde9
Siberian_Husky/stanford__n02110185-Siberian_husky__n02110185_13423.jpg,8ded60d66bd62aa99369ad14f9757e5252dab53ba06deb6cf87fe3871331d3ce
Siberian_Husky/stanford__n02110185-Siberian_husky__n02110185_13434.jpg,3b62dd4fc04bbf1ed7953130b6b902182a229b64dddba4469abdc4d9d5ce19a0
Siberian_Husky/stanford__n02110185-Siberian_husky__n02110185_13704.jpg,81e445d051b0715c6cc13e332726900e3e07470f4cd51b2c6f340515481e36aa
Siberian_Husky/stanford__n02110185-Siberian_husky__n02110185_13794.jpg,e21c56b8895200adb5d5ff9d15c669a2e2a786a12a09ec249e96bd17683187c3
Siberian_Husky/stanford__n02110185-Siberian_husky__n02110185_13821.jpg,dd7cc280c43e959e7fa800ce6e99a2e21576fcdd89c23783ae400146f8481399
Siberian_Husky/stanford__n02110185-Siberian_husky__n02110185_13855.jpg,b61ed936f4448e218745b4cbaa7f96b1599352113cd7f04b09bf36519cdf9cc8
Siberian_Husky/stanford__n02110185-Siberian_husky__n02110185_13942.jpg,88b56fed4a5f7716410d9b11a310c58565e27eced22487cd9d1d08247e29c162
Siberian_Husky/stanford__n02110185-Siberian_husky__n02110185_14056.jpg,87c031b4b8fbfa8bae09c532c5101afe8c0716b8b38d97394bec5e2836743c72
Siberian_Husky/stanford__n02110185-Siberian_husky__n02110185_14061.jpg,4d8fbf520dc62315aeddc1ebc9b68997dcf4dadacca2728eaca59284f3ff6639
Siberian_Husky/stanford__n02110185-Siberian_husky__n02110185_14283.jpg,4f2a15f7e8d156218e59f357459f0d058052faad4eec35eba578a6be76c085bc
Siberian_Husky/stanford__n02110185-Siberian_husky__n02110185_14289.jpg,6783dea5018d6eb7096dbad51adf0ca1bc0627ae6d6a79a0cede5d7b45f93daa
Siberian_Husky/stanford__n02110185-Siberian_husky__n02110185_1439.jpg,08d5e09ad083ac95aec0517bc0b6dc5b17a71f4ad95d6b916e05eaa5ae20b40d
Siberian_Husky/stanford__n02110185-Siberian_husky__n02110185_1446.jpg,5c1666a98afb5fbdecfa01deb39d0088b88f4e7435ccf4b15fc0e342a624062e
Siberian_Husky/stanford__n02110185-Siberian_husky__n02110185_14479.jpg,6866a40315646eeca23ec5a1a79d5e0388b80e876ab3009a1da455e9f9130d33
Siberian_Husky/stanford__n02110185-Siberian_husky__n02110185_14523.jpg,c8a4810710ee32101f4ea7b8dc516888c4cce9351d2f97c4536e2c3560567c60
Siberian_Husky/stanford__n02110185-Siberian_husky__n02110185_14560.jpg,f077255aa55a26abc928eea522d13e98bd1b0c821414b929dbc3eb0dd7c1a3f5
Siberian_Husky/stanford__n02110185-Siberian_husky__n02110185_14594.jpg,eb4183b79fd5a418bbb76599b4160bbb32761ca430b7a3474b12b7b04a6e833e
Siberian_Husky/stanford__n02110185-Siberian_husky__n02110185_14597.jpg,5fad23ac616bd7c786c0af5b246f65902cc81a59f7aa1a1ea758d2bb0f7cda08
Siberian_Husky/stanford__n02110185-Siberian_husky__n02110185_14650.jpg,d6f5db171aae38bc1daf9d6c1d329ba9a8a98f8f9f51ab6d17c0ffb591e9e11e
Siberian_Husky/stanford__n02110185-Siberian_husky__n02110185_1469.jpg,c899d980eae2138fcc1cf6c32662479130001b2a6e093d9fdece939c743fbf98
Siberian_Husky/stanford__n02110185-Siberian_husky__n02110185_14766.jpg,a586663daeeaa95c0d47257370c343e361716d56e93932ccd7caf05064edfaa8
Siberian_Husky/stanford__n02110185-Siberian_husky__n02110185_14906.jpg,ed4ffbc8b521b430a4d0d69e80f7311aabbb4ec97e03bc515667ce23c72eda40
Siberian_Husky/stanford__n02110185-Siberian_husky__n02110185_1497.jpg,4ebd67af72bdb8b4ba6b4cc438250c2b5fce381ce95ccb8d5be0ffd84b36a2ee
Siberian_Husky/stanford__n02110185-Siberian_husky__n02110185_15019.jpg,655fac41f36b27d131d4958e13b74b69b4fb343ca370e9ab6197db42687700b8
Siberian_Husky/stanford__n02110185-Siberian_husky__n02110185_15063.jpg,b1807140dc0dfc16a53644a964f82dda1e8005084e0ad78aa98a5e8ebf5da927
Siberian_Husky/stanford__n02110185-Siberian_husky__n02110185_1511.jpg,6fc1ab812fe482b6cf228b19d1b76ea293463548730d67632f7a4c9cef79b678
Siberian_Husky/stanford__n02110185-Siberian_husky__n02110185_1532.jpg,737f8771a0f19b9c800dd3d5f4e8eb27ff2770f7c98510fcdb8201e3ee77a6a4
Siberian_Husky/stanford__n02110185-Siberian_husky__n02110185_1534.jpg,5467b58ce59e11ba42f1ee310604730c782eac09cbfc23b2033fd680604c5972
Siberian_Husky/stanford__n02110185-Siberian_husky__n02110185_1552.jpg,e5b955beb58fcdea64f487bcfa36e5dce329e82ba8bde88006b857cb00c30ccb
Siberian_Husky/stanford__n02110185-Siberian_husky__n02110185_1598.jpg,963fe43efa7466cd31d8687d729e64897b5ab9c959e10bdceac77c95e1389b58
Siberian_Husky/stanford__n02110185-Siberian_husky__n02110185_1614.jpg,f321780c1756e26b88b0f85f27d8fb2cc5c01c8235686d0eb861eb6f67b846fa
Siberian_Husky/stanford__n02110185-Siberian_husky__n02110185_1748.jpg,ffbc54f051aa6f6d50ac84e170deecf9ff919221aead53d4aa99bc27e0be8afe
Siberian_Husky/stanford__n02110185-Siberian_husky__n02110185_1794.jpg,4145126b8c1a4d74e3bd19f5eaa78260f1fc57e9abb1e5a08f40db9bfd467434
Siberian_Husky/stanford__n02110185-Siberian_husky__n02110185_184.jpg,0843afa4c351a8194cfc978cc64c26dcd6316a896a1c072f978965797c986b84
Siberian_Husky/stanford__n02110185-Siberian_husky__n02110185_2368.jpg,231c4bb3b448a6806d20a9f7e9871c2b82d3327ccd68a06e26abeaae42d3d85d
Siberian_Husky/stanford__n02110185-Siberian_husky__n02110185_2446.jpg,8d898977ef2a5e0db238cbb1e7367b1106cf47b2009c486ff3f8725e113a15d2
Siberian_Husky/stanford__n02110185-Siberian_husky__n02110185_248.jpg,614c0c736c88af1124261e6d8ed379f15ff49bfa53e3f472208c8077dac3133d
Siberian_Husky/stanford__n02110185-Siberian_husky__n02110185_2593.jpg,f797fa5737223787a8ce72c1fd3b7bd0a7ea76de4a420f183e81d8db54000707
Siberian_Husky/stanford__n02110185-Siberian_husky__n02110185_2604.jpg,dd6b461cb46dc1816733115b0593f75c6e459ea098a992dad70a75e377d61d7a
Siberian_Husky/stanford__n02110185-Siberian_husky__n02110185_2614.jpg,893b0a73a4bfecec726b2e843c4999ff00e23ce6e6ed052a0868d7c69a0e7fbc
Siberian_Husky/stanford__n02110185-Siberian_husky__n02110185_2672.jpg,417ac81b5d6645e7d66e1f5edcf339418d24dc6c14585e8c5262ad6dc7376bc6
Siberian_Husky/stanford__n02110185-Siberian_husky__n02110185_2701.jpg,000ce1faf67233bb57ac21b73cd002c6b1ea72750ab430876e73fff6a79b43aa
Siberian_Husky/stanford__n02110185-Siberian_husky__n02110185_2728.jpg,a60ba33ae8dec23bc3be50cbae03caf6566e2cdc248eb9f6cc03550d5b80082a
Siberian_Husky/stanford__n02110185-Siberian_husky__n02110185_2736.jpg,761d7291c29803f794c49a12fed3209e18f0555cd3f24666961f24bd9df86631
Siberian_Husky/stanford__n02110185-Siberian_husky__n02110185_2820.jpg,2ae9d1aa28eab6e43a6f203dd4611e74a7a7edca07f07b1f6219a09a404a6884
Siberian_Husky/stanford__n02110185-Siberian_husky__n02110185_2941.jpg,47d0fceadb6d7c9c6794e6da8549722e613229853e2e629ce267750d3bbcf32f
Siberian_Husky/stanford__n02110185-Siberian_husky__n02110185_3039.jpg,4cf4d59fccb71cd8be5df7c103fea810f6f5a5b416a19f8b77ca49e3677f5641
Siberian_Husky/stanford__n02110185-Siberian_husky__n02110185_3291.jpg,7314e9c6b613a5035c88ebde93f01d838970393f8d0e36115b544be9a4eed18a
Siberian_Husky/stanford__n02110185-Siberian_husky__n02110185_3302.jpg,6cf8a811f75d86f59b7000f907749db202ea7c7eb0b4115af0d3f81262fd233a
Siberian_Husky/stanford__n02110185-Siberian_husky__n02110185_3328.jpg,b97d6e92d65ce10efd159d6b7c9c7350d5685291bddf8f25ea42ec43071b0b67
Siberian_Husky/stanford__n02110185-Siberian_husky__n02110185_3406.jpg,b3bf90e134a98bd1f2615085b44231c1ddc1ab1ffe2aa2ce0b53ecfd2cd3a442
Siberian_Husky/stanford__n02110185-Siberian_husky__n02110185_353.jpg,079ed78b82e17b1e5a129e4d86dbfa8ac1bca1e7200facd65e19df8f5721d04e
Siberian_Husky/stanford__n02110185-Siberian_husky__n02110185_3540.jpg,1c411ad883fb0397971e1fd956fdec68c94374987e0c16cf54c027f1b5fa21ee
Siberian_Husky/stanford__n02110185-Siberian_husky__n02110185_3589.jpg,09b039f4dfca07721155b36f119069b74641b0c5afa19c0bead4f2c2b6e10f32
Siberian_Husky/stanford__n02110185-Siberian_husky__n02110185_3651.jpg,0fa404c0f346a2de4beb75ebb501ed7de08efefb75badd19baedc8e4f28fd538
Siberian_Husky/stanford__n02110185-Siberian_husky__n02110185_3808.jpg,5d69460c7c58d69b28cc5f302900c65a8cd0c3701b01a7552cc74aa47c20d018
Siberian_Husky/stanford__n02110185-Siberian_husky__n02110185_388.jpg,ad5f92d71226562e73da736f7a23cab086458457232c5e3189136fff51d7bbc9
Siberian_Husky/stanford__n02110185-Siberian_husky__n02110185_4030.jpg,eee2dbc63a7fe8f176958bfea2b1e6ce6b23a1aa18454849ed1e0c7f7d80adc3
Siberian_Husky/stanford__n02110185-Siberian_husky__n02110185_4060.jpg,b1e576431cad3cdfa70c65e50530b37e9507f600c4e0ba42b137404cdb163ee7
Siberian_Husky/stanford__n02110185-Siberian_husky__n02110185_4115.jpg,98da7d3227ddf4fe0f640983b72dc8df896f027eb4165e72a6274d5f847e480f
Siberian_Husky/stanford__n02110185-Siberian_husky__n02110185_4133.jpg,4fed4c4e745d3a6fd5ccd07d5e16adfe16ef3c330aa7d20e349696ab0ecfc512
Siberian_Husky/stanford__n02110185-Siberian_husky__n02110185_4186.jpg,dcc848bcafa4c7bdf78907deed97f9081695172bddeb6d5d371730092f46c28f
Siberian_Husky/stanford__n02110185-Siberian_husky__n02110185_4294.jpg,c079b5b7ba8f670c84bd18a2783945b81ebdaff4070a0bb51f4c50394ca49a2c
Siberian_Husky/stanford__n02110185-Siberian_husky__n02110185_4522.jpg,4a6a2ee219e4c126bc0bf6b661e095b66e837171897e1ff9b243494e6b9f7c91
Siberian_Husky/stanford__n02110185-Siberian_husky__n02110185_4677.jpg,a29c79bdd663c6e41c0e3a78b1ed11b95cdda8232aad1b17b31be26cba7f0b72
Siberian_Husky/stanford__n02110185-Siberian_husky__n02110185_4694.jpg,6b9b2559958ff3934f7e1b7e7413252bf64eb5d08366167437d14f11f961f11a
Siberian_Husky/stanford__n02110185-Siberian_husky__n02110185_4906.jpg,9917b7e1f862e8a2f6dd475278be3a0510184cd49df62a23c94af594df905ee4
Siberian_Husky/stanford__n02110185-Siberian_husky__n02110185_5030.jpg,f0d38bfa50748a7e8d315a517229d7cd4f0b855f960acaa37ca7238dc5d1eaa7
Siberian_Husky/stanford__n02110185-Siberian_husky__n02110185_5143.jpg,3e5e33a9e87a3b5a9106fce2ed1b92efeaa97e98697d1dd2626b0a259af35586
Siberian_Husky/stanford__n02110185-Siberian_husky__n02110185_5159.jpg,360f69079fbe9ddccf1206bf47f7c7102861cc6d4dba242d4f3ebc48e0f56fdb
Siberian_Husky/stanford__n02110185-Siberian_husky__n02110185_5172.jpg,a766cec5a546ce49472c5bd601f6c9a9b73493939fdd9ab9347a05e10312d096
Siberian_Husky/stanford__n02110185-Siberian_husky__n02110185_519.jpg,8fd4e1ac74107a33b0c7c249a17e07e7282199315a4251a1b8d4843c17f71db9
Siberian_Husky/stanford__n02110185-Siberian_husky__n02110185_5392.jpg,c4bcaebb6d3c976e8a19a4680c403184f3db4ac0cf5ba6755c411c04ec7efc0e
Siberian_Husky/stanford__n02110185-Siberian_husky__n02110185_5495.jpg,0971c90c0d93a05b2597b8fea9bfc697aee8a275052868f0c954ca12d0c8545b
Siberian_Husky/stanford__n02110185-Siberian_husky__n02110185_56.jpg,6751ec14e15c1fd372fbf3fcee8bede39ba825f45ed7010048cbf0ef4d2f9ccc
Siberian_Husky/stanford__n02110185-Siberian_husky__n02110185_5622.jpg,ecc1eddbae9cfe50a49d3bd4963388a9c47f4bbf8608946367e3427e8ce001f4
Siberian_Husky/stanford__n02110185-Siberian_husky__n02110185_5624.jpg,c5cf49303169fc7a150cb4bbb009095d1b5d941f2ac5b7ffcb30ffeaac196195
Siberian_Husky/stanford__n02110185-Siberian_husky__n02110185_5628.jpg,8e990cb75f7dd53ab4be4e90c5e22e5dc72273df885d2dc3d92b033371163b38
Siberian_Husky/stanford__n02110185-Siberian_husky__n02110185_5716.jpg,b52a6b75d4274ecd455b5dae7511b654cf4b975e92c634f6098564ea947ac774
Siberian_Husky/stanford__n02110185-Siberian_husky__n02110185_58.jpg,ebaa60092ae17096829fe745859a669b686f091b2bc2b54f598d01056d03eaba
Siberian_Husky/stanford__n02110185-Siberian_husky__n02110185_5871.jpg,701d0207850be6f283157675abc7fc33c0caff7a40939cb582415ba2568defce
Siberian_Husky/stanford__n02110185-Siberian_husky__n02110185_5973.jpg,98249f7ec7102f83b74239e6f7c7bcd15cdd930050ac0d89c3854d8785f88f5c
Siberian_Husky/stanford__n02110185-Siberian_husky__n02110185_6094.jpg,755f440cd00031c0530dec952da5f653999961b73c8e6cffa4730a61a4f31f77
Siberian_Husky/stanford__n02110185-Siberian_husky__n02110185_6105.jpg,f760160f2075ab11f61e55a226b78cbc4b782cf6f6c76fa865a9bde98f6c5166
Siberian_Husky/stanford__n02110185-Siberian_husky__n02110185_6263.jpg,3e2e453357faff146fc5540a9af4143688ebf71954ce1def32dffb28b0d84ec5
Siberian_Husky/stanford__n02110185-Siberian_husky__n02110185_632.jpg,2922e498609a5b1fea31102a7d0db615d79efcba52806c768ef21090c0fc4f06
Siberian_Husky/stanford__n02110185-Siberian_husky__n02110185_6351.jpg,2338fad5b152f947f5a65aedca83188f1ecf226b0a956acd34c5ed1bfd4b48da
Siberian_Husky/stanford__n02110185-Siberian_husky__n02110185_6409.jpg,ce4e09e4deed3eb997d4b13ba8866cb0876ad7f6f7598189634749ed3ad8e2b8
Siberian_Husky/stanford__n02110185-Siberian_husky__n02110185_6411.jpg,fc2dd1a7436ee1a51c371c8d0f36699414dc1d95d8440a4cf96c4efa96e68cb1
Siberian_Husky/stanford__n02110185-Siberian_husky__n02110185_6438.jpg,697204aeffae346c220687ca65f301984bf0dd866c3310cea913217da10796ee
Siberian_Husky/stanford__n02110185-Siberian_husky__n02110185_6473.jpg,42f65cdf237b86450273a88ec571dba1bd28e688d2afb8286c6761a7c87bc1e1
Siberian_Husky/stanford__n02110185-Siberian_husky__n02110185_6564.jpg,b364300cb6d0aaa8ab84889c5936ef3ff2bdc492fed8a13033615f218626f69c
Siberian_Husky/stanford__n02110185-Siberian_husky__n02110185_6746.jpg,d808bbd0cef7993b2d6f9c086eb586376e52ed92d509b76ba8c07afdac43982f
Siberian_Husky/stanford__n02110185-Siberian_husky__n02110185_6775.jpg,f05ecf2bfd41fb718e325ef7a9bdbc768b42c4d011e21f81fe4ca50af5ca335d
Siberian_Husky/stanford__n02110185-Siberian_husky__n02110185_6780.jpg,ed7b5b5222c1001cdd4edb8f37d49f228046813ef9c163a95cd63d53dd4b537b
Siberian_Husky/stanford__n02110185-Siberian_husky__n02110185_6850.jpg,65b894c4928db6ce2c9432fb3d8cd9c5ba666e5863aebb410622d89abfba387a
Siberian_Husky/stanford__n02110185-Siberian_husky__n02110185_698.jpg,09dbb6172c7b2feccba208ccda29a9a49b4aaa3ea8944e5741ded25799386369
Siberian_Husky/stanford__n02110185-Siberian_husky__n02110185_699.jpg,9f58c9c980a7351e6ba8ac16f9a063230e70f26c807d84f86f38bc28de660d0e
Siberian_Husky/stanford__n02110185-Siberian_husky__n02110185_7044.jpg,541d1535a7da1f7749e3da810cb321d5fd854bf826fcadbe99c1be31066a8758
Siberian_Husky/stanford__n02110185-Siberian_husky__n02110185_7117.jpg,234b3c763fb6b837158558b7369cd48ce10cfe3a98ce5a38da06e3ac37a5c782
Siberian_Husky/stanford__n02110185-Siberian_husky__n02110185_712.jpg,c1a67fb23acd6f1f05cf3df90a98d8162a50f8108825608d9e63859eb0b531f8
Siberian_Husky/stanford__n02110185-Siberian_husky__n02110185_7210.jpg,62bec8f24ea13571555c168d6137d5379a8a6c538ff749845d2e26018bd2fe8c
Siberian_Husky/stanford__n02110185-Siberian_husky__n02110185_7246.jpg,68b35080b67791023042f60d0f31e9b45a86a40e1eb608237d287151387a87c1
Siberian_Husky/stanford__n02110185-Siberian_husky__n02110185_725.jpg,646d762ba8cea4cfe4ccf8b5e45840acfcf668bd667462860138a7a03fe9cf93
Siberian_Husky/stanford__n02110185-Siberian_husky__n02110185_7329.jpg,192097993afc39e123255a4a9bcb9f84a781663c7f0da94e8be05da2e86d3287
Siberian_Husky/stanford__n02110185-Siberian_husky__n02110185_7379.jpg,ff8f045ec777735cc072da852aaca9727f34839ea94e59480b273d9e474e4414
Siberian_Husky/stanford__n02110185-Siberian_husky__n02110185_7413.jpg,4745ea18ca9d9d81abd45865deeb9aef2160d73e061a27e395ad033e98a2de40
Siberian_Husky/stanford__n02110185-Siberian_husky__n02110185_7564.jpg,dd2f0c526e97f95660d4759f42486513a9f249f657fe01b80342043b8a96cf51
Siberian_Husky/stanford__n02110185-Siberian_husky__n02110185_7594.jpg,c3e0807d52434e5e704f2e84398c03b045c91d1ab8b198a177bce20cefe3c410
Siberian_Husky/stanford__n02110185-Siberian_husky__n02110185_7762.jpg,4b4aaf7fb7c1f0dc481c26230ffa2404149bec94d287d716aa4c5826be10658d
Siberian_Husky/stanford__n02110185-Siberian_husky__n02110185_7879.jpg,e52b8cbec5127708919e219828b68d2a1da77bc69d5e2054f9622dc4975e4b39
Siberian_Husky/stanford__n02110185-Siberian_husky__n02110185_7888.jpg,6d60463340f3dbb32e2ed041f590d5de4d4d8d7089ac75b70ddf212a1267677e
Siberian_Husky/stanford__n02110185-Siberian_husky__n02110185_7936.jpg,e81acf33fad8d4162fb2b1e535aa290b28709a791a694399f9234ea177d80799
Siberian_Husky/stanford__n02110185-Siberian_husky__n02110185_7980.jpg,33b664f8bd3ec7ded3e22dcee0170082529f6122ed2e2e3bc543baedecc3b690
Siberian_Husky/stanford__n02110185-Siberian_husky__n02110185_8005.jpg,c939e0f198671c3fb5e5980c1ec8aad4bdd01896f2292580e5d0c8074afc2f57
Siberian_Husky/stanford__n02110185-Siberian_husky__n02110185_815.jpg,a228d17719fdf12e9eed1e54b30f03d9ada9e630cce6446981141d39ec70a246
Siberian_Husky/stanford__n02110185-Siberian_husky__n02110185_8154.jpg,93081970d25c297f04b638d003e2851f95af9c2326b218fa9c1c0872f26a842d
Siberian_Husky/stanford__n02110185-Siberian_husky__n02110185_8162.jpg,4d5b63d36010cb4b82103058ed6b41812027a118063df7368ec498f1c2d608c3
Siberian_Husky/stanford__n02110185-Siberian_husky__n02110185_8216.jpg,109c7633feb04c19fbf09a3c321d6f06d84599b20ddc9358a8ddba675e089198
Siberian_Husky/stanford__n02110185-Siberian_husky__n02110185_8327.jpg,d41648d246e39d0b20c3f9fd6d8a8b2faf6b2801586f00c1c3cda3bbecd19944
Siberian_Husky/stanford__n02110185-Siberian_husky__n02110185_8360.jpg,96819d6f3202380c13e748d53fd4e3920e27b8038ff197a6054ba1d7487f6c58
Siberian_Husky/stanford__n02110185-Siberian_husky__n02110185_8397.jpg,929d6faf69ab53681010eb743220057cb77294f4a10a2fb75c62b417b6029f74
Siberian_Husky/stanford__n02110185-Siberian_husky__n02110185_8564.jpg,50b51ac2d03398d3636d03eaa4c8f3c087e69f3bd39fc6e1a1655c7737a45829
Siberian_Husky/stanford__n02110185-Siberian_husky__n02110185_8600.jpg,e7096c8b0807eb93e21d88ed7b63017ee17ddf8413c3cdd4420667bd84b9875c
Siberian_Husky/stanford__n02110185-Siberian_husky__n02110185_8708.jpg,1da30d90784aadb6599cb54641f16c06444ecba659fb237891e3c10cb843603c
Siberian_Husky/stanford__n02110185-Siberian_husky__n02110185_8748.jpg,d05f006aa88bbae7788b0eeb6e0c236c048e480aeb34bf5bbde52abc6d976891
Siberian_Husky/stanford__n02110185-Siberian_husky__n02110185_8749.jpg,732283419f307805d1a8129f2b1435c814963850602dd53852011b9142009e20
Siberian_Husky/stanford__n02110185-Siberian_husky__n02110185_8860.jpg,e1d8a04a09d7ba8d7a3162b9d2235cd88304e04932a169830c8ab6a7872dd5b9
Siberian_Husky/stanford__n02110185-Siberian_husky__n02110185_8923.jpg,c73d5994c719958d32711313ed6e1bc27e61c20a7fcd406b6abd70e431577b0c
Siberian_Husky/stanford__n02110185-Siberian_husky__n02110185_8966.jpg,70578e0e7984511a2aeebc568b35e9b0245962bdb56231ce9d75c0bb9f5f9829
Siberian_Husky/stanford__n02110185-Siberian_husky__n02110185_9001.jpg,1f7742db85f06942abacf7440e6047975f644f3b30bf589cc96e13ee8e6bf9a5
Siberian_Husky/stanford__n02110185-Siberian_husky__n02110185_9086.jpg,f9515a2357eb30d1b19a92077c6b58fcdfbc59590366be7f76ffbe7c97563447
Siberian_Husky/stanford__n02110185-Siberian_husky__n02110185_9177.jpg,0d189b5569df32d595069dc1998d50292b64a7a72205618f4215eece4689f1c7
Siberian_Husky/stanford__n02110185-Siberian_husky__n02110185_9194.jpg,0dcaf3296d799f494b3c6848a923ded8a979fa85a690de2781c3d9fd1989acd6
Siberian_Husky/stanford__n02110185-Siberian_husky__n02110185_931.jpg,2c1249378cf874be91ef8893c4b4206581f8aae7125e9035db81bac50dd684c4
Siberian_Husky/stanford__n02110185-Siberian_husky__n02110185_9334.jpg,9bc430235e5e6c8292763af98ceec4e5e5122cd06b087810d54e9fb6b067d07b
Siberian_Husky/stanford__n02110185-Siberian_husky__n02110185_9396.jpg,5369f6631ab94c00a54e0611a1034c0a1dea65d94729502df95ed5dab678b9ad
Siberian_Husky/stanford__n02110185-Siberian_husky__n02110185_9429.jpg,b4c019ed86f9f8e2bbecb7b6af89332f42a6cd3b7e1317bf29874e3be2a44132
Siberian_Husky/stanford__n02110185-Siberian_husky__n02110185_9461.jpg,ea5113ffff6f210e9dd48de149f2de6ff671da68d93d4ed30e58c88f5d47bc40
Siberian_Husky/stanford__n02110185-Siberian_husky__n02110185_9712.jpg,cfe2e48c2fe31fe7c41a3da7b8f5ed73be8d13f9f652018b3f63cfd492c13672
Siberian_Husky/stanford__n02110185-Siberian_husky__n02110185_9833.jpg,c600f1b86724f1c06a2aea2de25703b4ee0617bac51fda7c9c309b7d267fbf23
Siberian_Husky/stanford__n02110185-Siberian_husky__n02110185_9846.jpg,7a746448be43200345568c86399ed2cc345b23989a3b9c72a8126786a18a227b
Siberian_Husky/stanford__n02110185-Siberian_husky__n02110185_9855.jpg,7d13936a4628a7e6ac15287ed051ce3822c9ece3edabd89d03c63f2342b68084
Siberian_Husky/stanford__n02110185-Siberian_husky__n02110185_9975.jpg,76f013b960ed1ad1330b132a8ac6ed311d66896a4b767b21588c570558f637b4
Sphynx/oxford__Sphynx_1.jpg,ac1dabac1fa1e236519f525d2427d5cd800ab5c3c7951fd1b1f81a2428c5d941
Sphynx/oxford__Sphynx_102.jpg,3f94b7a1d57b9505926d6705464bd03a8123493314133d5c6f504b8a3227f4f6
Sphynx/oxford__Sphynx_103.jpg,37c4d898e91da7fd6c0b2f1b1a9dd82f5df85f9f8646a1b22be7d1a22e869e1a
Sphynx/oxford__Sphynx_104.jpg,21910270212d4afd494b812600f21017aea384c90581487b094a8ba400e23be5
Sphynx/oxford__Sphynx_105.jpg,af6e69544a5db89b8c4b8b98335e9c6ee6e377f56dda3e6033ed0a67a36c58f8
Sphynx/oxford__Sphynx_107.jpg,ac4061aedc7a7f80d924b35afc9fc12943021e0572a1453cb982eff43d4b1985
Sphynx/oxford__Sphynx_108.jpg,e6eb26081e4fa5907a5d273ca774f4b277cab1b3de419f430e8de38970825067
Sphynx/oxford__Sphynx_11.jpg,6dc8c54503a9da54bc1e60b1743867ce10f51e983609a79af26b84e9183356cd
Sphynx/oxford__Sphynx_110.jpg,72d4b7223559bd86835d6db34fba9d900c50f5c2b098566c1669a8c37865b297
Sphynx/oxford__Sphynx_111.jpg,9c8a1be18d68e1869e11ec26eee5bae0bf6bce63a8852a6fcc8d43c4a60f39d9
Sphynx/oxford__Sphynx_112.jpg,67c47b6a74b7b9fb3ee2e4393d1439d3a2b92f361407cceecfbc23afadbd279a
Sphynx/oxford__Sphynx_114.jpg,fb56b78846595339da7aeeb660b0031490fbc13f7a15c8f96f8ce18c08f67889
Sphynx/oxford__Sphynx_115.jpg,06375aeea85e5624a5b4a9f2b50c439c73c20e17737f7d55df9a928bcc9301c2
Sphynx/oxford__Sphynx_116.jpg,a75b0569b4098968d61f2bd326cb5f1ddca35ced48d31d04c28e1ce31ebb639c
Sphynx/oxford__Sphynx_117.jpg,4537f26191d6d758d8fcd5cdf85aef0bebc3085b1dc57b75c880874858d3ebec
Sphynx/oxford__Sphynx_119.jpg,90dbd314c22bb49277218cb548d784ac7efe022766720901d0097078c23bf315
Sphynx/oxford__Sphynx_12.jpg,05dd016072cbfc6efdf301ccaf0f94c31d359956ce0cf605279132d3e41b8bca
Sphynx/oxford__Sphynx_121.jpg,14dfc86ed962c7bd508cef2865b23967612de783fe616ff5d8560c5475137463
Sphynx/oxford__Sphynx_122.jpg,11d1a503279bd587ca853dc5ef1287dc967c3d55c91711adc8a40b41ad209dff
Sphynx/oxford__Sphynx_124.jpg,e66fa9f7590fefa0b7d4fab6e96635bd3f4bfb177488792a91c3f7fcc3b14757
Sphynx/oxford__Sphynx_125.jpg,d2ea9ab49c0f3b47782f3e2699da930ec926ad4972ba42da95f87dbe94dc290b
Sphynx/oxford__Sphynx_126.jpg,fe1526c9afce942fba1f9bffa3da27d9f2f3e39546c8b79670a9a56b41c3343d
Sphynx/oxford__Sphynx_127.jpg,97f4514cd17164d47ac38503f5a03d9ba1cff557da2b4778591dd71bd997fc12
Sphynx/oxford__Sphynx_128.jpg,7310df0f6fa7dc0c5c5e14add00ca4051c18b88005d4dd9a89429083ca3f91e8
Sphynx/oxford__Sphynx_129.jpg,a7a93b906fabdf7145bff7516633d8f66c7687d8d07a6faa22a70cac7d3deb3f
Sphynx/oxford__Sphynx_130.jpg,6216dbc1403345ca1894d853cd337dccc311ecc1702a7a60e69bf33cf5f085dd
Sphynx/oxford__Sphynx_131.jpg,c65071c961b866b7376b5daec2a9410d7d40c97c3f9b133aec4951b418a51df6
Sphynx/oxford__Sphynx_132.jpg,cf1ae6ed214c94c7aa6b6d1a1359d35cc4229ef541a0df80d95766eae05e5197
Sphynx/oxford__Sphynx_133.jpg,ea8dbcd1c02525b518e433f774dc9eeda53a83b2d3fbdb75f671de32a7c2b93d
Sphynx/oxford__Sphynx_134.jpg,e36d15c3d66a85ef62d9f9cf1bff14767a9a486fd5e9dab467de159aeb0af8bd
Sphynx/oxford__Sphynx_136.jpg,17dd3e1f6925171a11b99f5032fbcb562113226d17747554a6a0ae7bcfd7fdeb
Sphynx/oxford__Sphynx_137.jpg,89a2a49c19e1a178b527c4b6e83d5efc82b34d265fae6bfa758b4f1c7ae7f903
Sphynx/oxford__Sphynx_138.jpg,9f924b01ec657b664c448c42dd935a64518aeb3d6e477e954de47d083a74bbbe
Sphynx/oxford__Sphynx_139.jpg,0528d3c73f0f8f09da7fa048b1c162ab0525b815795ed4267507ad142d5412eb
Sphynx/oxford__Sphynx_14.jpg,526bee52224ee2298fd93368a9361d78e2c487b4cc0ac910c1bcf17597b8424d
Sphynx/oxford__Sphynx_141.jpg,2ac75b6d44f200337d735a6bc11fba20a97770c0ac3ad0d8d162a8c640b70e48
Sphynx/oxford__Sphynx_142.jpg,52b79a2e01ea8983aabfce104820b54c142bf2a7392c286d3f8f6ebed6458270
Sphynx/oxford__Sphynx_143.jpg,a843109da4b343627390ec7ef77b27fe8189278ad4abefe68cf10da970d35d03
Sphynx/oxford__Sphynx_144.jpg,8fc3d98585f7173a3977a84af3f56ec81330f0f7d47db5fd3c1297fd2ff4e6ae
Sphynx/oxford__Sphynx_145.jpg,a388fbc41b0b892f44fc7414d265a36e95f78b9c19a515c10e530358d2e55b74
Sphynx/oxford__Sphynx_146.jpg,4d5f9690d11c11ccc5568b7f83c8c89fa57107427b2874596f9e17091fd9e76d
Sphynx/oxford__Sphynx_148.jpg,2cea9c880fa77df1d704889faf5f48d36e086ae47124180f539bf8645d2e626f
Sphynx/oxford__Sphynx_15.jpg,1cb1d5721d1a220fd6df1a3f5c308377641a3b31f820aad63a15e7fa672411b3
Sphynx/oxford__Sphynx_150.jpg,0e2edeb335326c365907612bccd85a07119a7db2888f7707711b7dfda19ef5a4
Sphynx/oxford__Sphynx_151.jpg,64f018864695229f8d6d3336c0bef27a83f3f6e3d090027890d4343744956c9b
Sphynx/oxford__Sphynx_152.jpg,5843d34cc2e8069aa747dfb3032b50c2fef1719d291c3963019dbb0efb80460b
Sphynx/oxford__Sphynx_153.jpg,9d2a35361cc94ccbfe8627d16457dd347a6051bf174ba470a21c3ea2cb59cb27
Sphynx/oxford__Sphynx_155.jpg,9c679c5b5ec249adbd5e5881b5d655db3869a08eee648650cf67e1bcabafab36
Sphynx/oxford__Sphynx_156.jpg,cce1d28b483b516c7147d0bef2dc1c7a711173e74f276e9216bab65af295129a
Sphynx/oxford__Sphynx_157.jpg,b8e19ed2b5263eeb96cb24469fec35476a78f5947412e37ad9cdd94cb90dde43
Sphynx/oxford__Sphynx_158.jpg,e47e18b04b6bb18f83245a4e82392a7e709d132bb82c72a34eae0595161a0def
Sphynx/oxford__Sphynx_159.jpg,84ae62f989f8b55b45fa2e50ddb776afa739244d1e397270b5ec1b9fb0b4bcd5
Sphynx/oxford__Sphynx_160.jpg,073bd73f66e03303b01a1dfb43f4fd611c64dad894ea557422780f6423500c79
Sphynx/oxford__Sphynx_162.jpg,9b5e9e1923fcc465af161da751961d9fd5726b56b4f9fcf9222e3d256a6c88f0
Sphynx/oxford__Sphynx_164.jpg,d4203859dd6db2dd831954ecd1935b57b52d30253f00d31c9255a31d3d528fdb
Sphynx/oxford__Sphynx_165.jpg,b9317e9d2b01a7bb9a49a588fcb546cc88588ab6903ef7ce00142d6aa20d9a3f
Sphynx/oxford__Sphynx_166.jpg,54e85d52fef4c72e6a587ff27b140b0c1b7e7d4108c98bed28836b462ef651f7
Sphynx/oxford__Sphynx_167.jpg,8e71854c43a0443485e380dac56001b12694c81adcc4d6a4bc74fcb5a04b32d8
Sphynx/oxford__Sphynx_168.jpg,bc19fdfb6dd941dfa07b3c0a1108037310ec065e4810452a5169c96fb6e7f8db
Sphynx/oxford__Sphynx_169.jpg,e5537c9ce43ff36b2401b7b68dc93aed28cff2877a0c43342a3cbf6b5caac965
Sphynx/oxford__Sphynx_17.jpg,e0be9f611dd96ee3d3246fb0d684b6069126c16caf126cb49cd5397734fd41d9
Sphynx/oxford__Sphynx_170.jpg,3bb096b0bc8d71212c7e9a43c63a2e8751bc3adc51573a6dcde470b64d343b87
Sphynx/oxford__Sphynx_171.jpg,37532b3062f3cb9ec2cd460a9f0458b0cf74c7cdb8f54530823c78b07b7098ea
Sphynx/oxford__Sphynx_172.jpg,2d06d33e927157dc9b87f40de25e20b895248bd4a5252fd3fd6cb489407be76b
Sphynx/oxford__Sphynx_173.jpg,7e1ad3e5b0e1dc94668a64b34909cf2131a1ec553d8d22520edb0442a020b833
Sphynx/oxford__Sphynx_174.jpg,9093ba83300cf9eb00f9a7f4b86d68140e08397c861effc351bc1169233eae2a
Sphynx/oxford__Sphynx_175.jpg,e70864064f3d80aee137427c971de580b5677fd0a16545b60abf43873555b54a
Sphynx/oxford__Sphynx_176.jpg,bdaac892eab38fbd77b3c8328e7825d2c730bd2dc3f98e21f2c78f97bf3f3d95
Sphynx/oxford__Sphynx_177.jpg,bb1f7662057e01c680093b81a88c19545ca61cd30d8cff5f49d30b3b34f8fd26
Sphynx/oxford__Sphynx_178.jpg,811029cbf4532c0fd282db91b033dca5b766a549b7a4bcba317e172261fa67de
Sphynx/oxford__Sphynx_179.jpg,ce08039e9ea571a0c28430a0f4798ea5338c4a3e172b913e6fd2363fd9ef449b
Sphynx/oxford__Sphynx_18.jpg,2e056028c94eb8afa87892ea6486886df5932fc7cd38686c8a15c565c10ad834
Sphynx/oxford__Sphynx_180.jpg,da186fcb95c0d7e2657a6c4e3d0646e4c83ea339f5c591af512c7cf118985898
Sphynx/oxford__Sphynx_181.jpg,3c82cb4c02eea7cbd07341221d196da79f21241c882b10bb9d0024522d5a55d9
Sphynx/oxford__Sphynx_182.jpg,115643c644fdd6cabfb2585ce6e66754674e5e1c71c5cf98d1de4ebc8c482505
Sphynx/oxford__Sphynx_183.jpg,08630b3dcf3c37ad175d79ae5693633751a4ffece9f8c3a7a946862bca7388df
Sphynx/oxford__Sphynx_184.jpg,1502d4588d3be95f9abd3ea782edb5d2b131cac32f7ca82550b975612eeaa809
Sphynx/oxford__Sphynx_185.jpg,31cc736668cad83dc4cabf347c04dc5f00b6d6d410825c2a92b5c6fa2094bde6
Sphynx/oxford__Sphynx_186.jpg,4b948cfd32f93621b5f97b3731e6a99938cd3da733abde1b6c58d207e6acbdc5
Sphynx/oxford__Sphynx_187.jpg,6b7a5c3e2b6fc59481a3bc0ff6f6cf79f74913117b7719e33b6d8ffe41b914d4
Sphynx/oxford__Sphynx_188.jpg,8c77f30a987a2164ad97abc6d83460f69dcc43ff93bd1841b47b600bd6962ea9
Sphynx/oxford__Sphynx_189.jpg,9022edd70af6c7098fdade91a5e2fddf80d4163d1f40c35cda5d7ed8729b2a40
Sphynx/oxford__Sphynx_19.jpg,7dfdb8f318b4ec0baed2407440cc3c5a77f77cad9a5d14e96e7c465432b8ed04
Sphynx/oxford__Sphynx_190.jpg,2e5a026ae80f652db3aa17c5c0071886bc6812e5069cdebdb00180782e054dc5
Sphynx/oxford__Sphynx_191.jpg,f5628e1d60144da51d9d4c2091392fba9f5bc3df33e4236e2e0ee4642f607f40
Sphynx/oxford__Sphynx_192.jpg,54777a4bb46dfef9db2004fbbb6d397c3c16793322d767971ec5bad00b7bd633
Sphynx/oxford__Sphynx_193.jpg,c9b1fda9e90be5b94c1b64cf1a2def6a4d012e9bed234b448e93513bc22d65b2
Sphynx/oxford__Sphynx_194.jpg,8813d8b9d949b1698c71276e52c6bf5336161b6a0288f0cca1de1bde10121379
Sphynx/oxford__Sphynx_195.jpg,a46d93a1e34184a8a0e506d46609321cf69ebbd8134a14645b96dcae8041dbbf
Sphynx/oxford__Sphynx_196.jpg,5362072f697a9fd5f5dc66ba6ff04da0902e60fa05f497e5b2c5dd5cb69ebb99
Sphynx/oxford__Sphynx_197.jpg,bc95b93b57b663ca93b62bdc1cdd081d3f6a3fdd73dd7957a5c37c3e0fb1768a
Sphynx/oxford__Sphynx_198.jpg,d4b6b6bd74779a02a35e0d6f6232c5cb90483cbc6c071a96cfc963b994e1151e
Sphynx/oxford__Sphynx_199.jpg,5b3f6adcfb73c53179abfa4006facaabbf6091123d91e3dd16d4dedf0b9a847b
Sphynx/oxford__Sphynx_2.jpg,2dc02de07888fd76c84e55aa8538866042641d3a655930a785e5b56e090d511d
Sphynx/oxford__Sphynx_20.jpg,fc47a5679311d76dd20d2cb8fde3f99a656e1ef873740cff8af7723f3ab67a8c
Sphynx/oxford__Sphynx_200.jpg,b53fc9af4b4a849fe47757247a95d1443cd6e58b651c012998f1fb9c4518de2b
Sphynx/oxford__Sphynx_201.jpg,483869f60adddd6fb10caef83d7a9a26b481daed152814e005f6fbef80372b63
Sphynx/oxford__Sphynx_202.jpg,dc9dc8a10fc16af9187f62b899e688cb3a6b9976b736c3382e366e5a4a03cfd0
Sphynx/oxford__Sphynx_203.jpg,53b4fbac53a2d8807e871bb82efe853d373985f54c6c460fb374f2129407bc1c
Sphynx/oxford__Sphynx_204.jpg,994eb8d0908a81aacb1cd400e104002315a3f8ca44cda5892f2a863a6dcae6f6
Sphynx/oxford__Sphynx_205.jpg,e42018c1e732d9b7fa21ad4288da71bcc58a53f8b3fbfff4135f7ae98eeaab07
Sphynx/oxford__Sphynx_206.jpg,7bea27f57a1b8e48b5f14ac685f12ad7090da668252faa96b321c2338e477593
Sphynx/oxford__Sphynx_21.jpg,341da858286c44021e5948e956d043ead5098013f1ba927b77846e96f8a7bb15
Sphynx/oxford__Sphynx_211.jpg,1abceb58d4d0f57463766be6496e8f026e682ccde85398ef1c44d2c88a181e23
Sphynx/oxford__Sphynx_212.jpg,993ce053edc9a8d5954035346a45c1b185692b5ffbfe10bd66acded8cc9ad0b2
Sphynx/oxford__Sphynx_213.jpg,213147666d4e481c15f989919cdc1cb1ba69019e72ada8c2cf6dacf1e9552158
Sphynx/oxford__Sphynx_222.jpg,2e38dae35ddffcddc9a8967e9166ff4e93d2c013bc9c98ea7aa919901444c6fe
Sphynx/oxford__Sphynx_223.jpg,e4beb2a57c7322ac1da6c73c8a25b49beb99bee8fe6a0469ba3b738db936b3e3
Sphynx/oxford__Sphynx_228.jpg,3457030e84636be8fd7d877feede5fce4714a5e8341daebf9792c91c520fd2ed
Sphynx/oxford__Sphynx_229.jpg,ddd258d6f16e3df310988a43c1d4879e53334d55dcd81ead9b1a7af5599892cd
Sphynx/oxford__Sphynx_23.jpg,a1f588192fcc5193d2488360ebed4bc63bf2d4059deb26193092db5427f1ead7
Sphynx/oxford__Sphynx_230.jpg,a6132d8d58f7c5d0e2b1cfcd21de6482890b9a2635c397995abf99c8b237625c
Sphynx/oxford__Sphynx_231.jpg,5c81692d2189fe12485f77a23e468349caf2595c7358a3a3e3f3a0b3219a43b5
Sphynx/oxford__Sphynx_232.jpg,4c03b663905aae3941f64c6be5fac416d2342fdb5a9a7a4feeaf84385a442b3f
Sphynx/oxford__Sphynx_233.jpg,16637e8ebfa5285eeba60b21bac83fe8869509fd0105d1ddf1cf45894fe6e701
Sphynx/oxford__Sphynx_234.jpg,f86fb5571a67b9dbf80b2f7764763ecc9eb9ffb85892052584d394269905c6a5
Sphynx/oxford__Sphynx_235.jpg,f58ea342e0c5ba16741e03eca52a2f559efa6e0fb325420b0d66d36ff86435a6
Sphynx/oxford__Sphynx_236.jpg,0b9050f960cd5d2e7e8796999f63d2888d17645c0fb7c7a33e3d5275d849151e
Sphynx/oxford__Sphynx_237.jpg,ae0505c4aac737179383ca5a8bd6cd15ab48662dddfab2415246b6ccdb6de777
Sphynx/oxford__Sphynx_238.jpg,b87f2e1bfcaf616c59da465ff0235b3dcebf3c08c0d238067d814fe4d598dbe2
Sphynx/oxford__Sphynx_239.jpg,89538550e640d0c500c6dc2faba02397d851620ce60e9f633a2bc71b9d0c8f9c
Sphynx/oxford__Sphynx_24.jpg,89813227c8eee76a75357c8d030f8cf0229b138fb3621bddb14167ac70a51441
Sphynx/oxford__Sphynx_240.jpg,8f93ee8656b4716c1659470e5fca6cba5270b1d9f55362cf651687e61624dbc2
Sphynx/oxford__Sphynx_241.jpg,2783c8bb017d090441f1b2faf313b99e4b921056df7249cdf901d3d6b06b165e
Sphynx/oxford__Sphynx_242.jpg,e9381d9781038fb780f04af262b4950ca3aedfdeadab4bf782c9363f45a4c7e2
Sphynx/oxford__Sphynx_243.jpg,e21c33e6630543d5e9089557bbe22d804dc2a0d7c35b66fc73b99e498074ca07
Sphynx/oxford__Sphynx_244.jpg,5e2b4447ed26eead271418109c6450e5cf8649d371627ecab22488ef52a48849
Sphynx/oxford__Sphynx_245.jpg,0909fe095e956d67c9b17c7f2b969bb49167f59f6e30cc309d488ba0081ce37a
Sphynx/oxford__Sphynx_246.jpg,cff7c7f25bebe8926b65c70c82af26d536751c3310c1b395735282c7c29b1a4d
Sphynx/oxford__Sphynx_247.jpg,6ded46822bac3ec4d4a46f86df361031a33dce8126c37b6c15af2c264345462e
Sphynx/oxford__Sphynx_248.jpg,d50d1e80814bfcadaa81820ccd2a4d2f36b3f4129c6979e173c07ef4e049b40b
Sphynx/oxford__Sphynx_249.jpg,c915fa8121f922d9f8df4f14e464e2f7526045e71e4ce3665869772ea4a986b1
Sphynx/oxford__Sphynx_25.jpg,07129545ec04239c527393b7bf9d9aeefffd11b2fcba350f25e8ec5257ef8cb2
Sphynx/oxford__Sphynx_250.jpg,07f90c6d1c6375bef0bedaa728fc021120d7f2066b2a7b8f3fa7423bbd26b65e
Sphynx/oxford__Sphynx_251.jpg,5774a938229f6f99ea3ea5ab79b259672032b465695702290c7cf7a7d255a62b
Sphynx/oxford__Sphynx_252.jpg,bf82aa18cfd8ef009920ea5aeec182c4ef747eb4e9ec783a1427ab7acfec2851
Sphynx/oxford__Sphynx_27.jpg,449a947cfe25991222eb493c0edc355e186dd957c8ace8a2064f63dbc5941561
Sphynx/oxford__Sphynx_28.jpg,e96027f60cab072adad11e2b850f8de0ecc37acedbbb04ed5656d84cda496690
Sphynx/oxford__Sphynx_29.jpg,4cc0faed322a80821c2bc4e0d0e07cf07c24a90e9a03b348c296a970e66cfcdd
Sphynx/oxford__Sphynx_3.jpg,c91f436536830ea6473f97f3d28067c62eb955f07bf719cdb76d97cdf353b0fd
Sphynx/oxford__Sphynx_30.jpg,8b36c298b43f8a61ad0e5a02ce1f1c8cb047cc0aafa70da0953c4a3a6979911e
Sphynx/oxford__Sphynx_31.jpg,ff2709a39df4b23d451fe4db2541b1130e0dccd8da0801365913bfeb13496906
Sphynx/oxford__Sphynx_33.jpg,850d055826d4b490618df1cc62a3787f563c77ec6f7d2441e8cfdb4d55699935
Sphynx/oxford__Sphynx_34.jpg,dc4e2dd78462fba87e57e1b7f16306a3ee444522b7a2e6d651dff6db5e95a726
Sphynx/oxford__Sphynx_36.jpg,0d314eb17c2afa71f57c1c67007750485fdabd3d2004b36f3016c8c2b718bc29
Sphynx/oxford__Sphynx_37.jpg,4fcc56da883456bdaf8faa7b2561fe0cec77b46e6cc8ffd11864f13192fd6dfe
Sphynx/oxford__Sphynx_38.jpg,84c17b6c5767afbc88c9b76a356407d488d989fbea47a0ff2b91f62ca0346951
Sphynx/oxford__Sphynx_39.jpg,af88f1012e3a40d51ac6986fbed80e3cfeb31d50cdc2fce83e964847fb6c45c3
Sphynx/oxford__Sphynx_4.jpg,285e35c3fba5f57079e6837bd9a4dfd92c6aec0804d4d461e78214998c6ca48c
Sphynx/oxford__Sphynx_40.jpg,5bc56a03feb41956c08629e75272fe92fc1adf336fe40f87b74339a92bb2e2f7
Sphynx/oxford__Sphynx_41.jpg,6380b38299b496f130e410331212dadc5f4bf0a20b98c1599c7230e724279adb
Sphynx/oxford__Sphynx_42.jpg,4e50eef63cf2320218093667bed69c5205c2df4d0127b6cb9681108881f0f0d7
Sphynx/oxford__Sphynx_43.jpg,53767cecfd0112d5bd8fae8d5625cf0cdd1f9032c2d4cbdaae02c39d57c13919
Sphynx/oxford__Sphynx_44.jpg,d8b7bee715588cc349e336a30c632380263d5eb6648ac015da4230657515c260
Sphynx/oxford__Sphynx_45.jpg,2849d32b37b493cdccadd95b69649a80359cf8deee7b20afa88cb8856df96f86
Sphynx/oxford__Sphynx_46.jpg,0fb969efb99b4ff1d2797a61fd7892dfc8f6bf80a988f2292f3004b27205cbca
Sphynx/oxford__Sphynx_47.jpg,7192ca3b519d9292b416a148e7def22643af9f5d157b660159ef3d40de511a45
Sphynx/oxford__Sphynx_48.jpg,adc72aa1acf46efd4126f9a1a8385d1464c31441ad90ef79824715b8696a35d5
Sphynx/oxford__Sphynx_49.jpg,3c45019358637cfe291eb56ad8e501ef6e74282b8788590a3a6c59e84809d517
Sphynx/oxford__Sphynx_5.jpg,c8f476823a4c2d1f1fc07c844056afe870d5b26d7832c89121cbd4219c77298d
Sphynx/oxford__Sphynx_51.jpg,beeabc833379055539cefa7112705ffaf141d11b81c33d3f21c81d01999d6626
Sphynx/oxford__Sphynx_53.jpg,1d12479256a12789593a1c4444eedc2b86f39b5b5969c04d4dc0669ddce8ac82
Sphynx/oxford__Sphynx_54.jpg,a2159e8faa3c743f964c444665fb974837eb04f7f95dab866b8d08ab02dbc410
Sphynx/oxford__Sphynx_55.jpg,0d610a0387316ade081f55aec17a6a615575ba7909b9a63fa7fe0fc59d138d16
Sphynx/oxford__Sphynx_56.jpg,6ddc9fb95752e5b3ddbd69ea7c1f3b3bcdb45bba50f48ce087762e8fe9b2a2ce
Sphynx/oxford__Sphynx_57.jpg,5595a6818323b64b7fbda6de320cdfbd76c1b88bf53fb1eaf38d7789efa62f19
Sphynx/oxford__Sphynx_58.jpg,c29f440441eda7bdb39a59ab0cc0773867f267e0a96f06d9a618ce06fb150020
Sphynx/oxford__Sphynx_59.jpg,a193eda847f3d94055fe3b1879e14c76f3592910e6288f9a553c58c61ae14c08
Sphynx/oxford__Sphynx_61.jpg,46b4c970b9629e3cffebe75f63ee6a9f1d02aa496ae390457c714de6033cea7e
Sphynx/oxford__Sphynx_65.jpg,858bbd8bc5347e1ee416467e4345f35163ec0235637d833692ead4d7bf6b03cf
Sphynx/oxford__Sphynx_66.jpg,f377807678c753e3178fbdaf487e29c3bc62ea99367147d0d0021e607f80aae5
Sphynx/oxford__Sphynx_67.jpg,1532fdc7b6a0fc0821718beaa9da4686a307fc3c1167abf62b20ffb2c5e31158
Sphynx/oxford__Sphynx_70.jpg,6b470e632acd23843e9283951bbe1713a75eb47b1b872fa92a9d4a45a36c60f3
Sphynx/oxford__Sphynx_71.jpg,0ee8e794eae886a6e3c8d78fe3991238dd73d4054f2c0c99f515ad29acb93f6a
Sphynx/oxford__Sphynx_72.jpg,de5a9b41c3e9e13fe09ba6ca0e0a86ee5c2cea9f618f6fae8eb36287f9ab772f
Sphynx/oxford__Sphynx_73.jpg,c9fcb40a280db5d21c8e2a328f45148c33c326b13ab14b48b02371f07325195d
Sphynx/oxford__Sphynx_74.jpg,98b60a68636a7186f9f12dfb774b0be1fdac77edfa751631659efe8f183d26b0
Sphynx/oxford__Sphynx_75.jpg,9812c439164d064a649bf2afa835a095ae684f58bd59cd88121b31406c72a269
Sphynx/oxford__Sphynx_76.jpg,868c597b4994b371d93555b9464585df56bbae19c34d8b454c67edb773a68c42
Sphynx/oxford__Sphynx_77.jpg,dea7311cc8a0e789d11104f5fb4c1528bad43676f758d691642d785ab7ea7650
Sphynx/oxford__Sphynx_78.jpg,743ecf363908226471390b7e97f631d85883e61a36f45140214d5799821854e7
Sphynx/oxford__Sphynx_8.jpg,5287b1ade08d4f5a6221d9c1db8dd57acde94c9ab635c0a233bf9d18fd6fa7e8
Sphynx/oxford__Sphynx_80.jpg,564f994451d965fb2109af9e93b63adc23f267f8f8e8a53b9c0bea43e5743d24
Sphynx/oxford__Sphynx_82.jpg,614d47a6930689b2db40d2ecc6d36bd24050981aeefed82de25ade32281d1787
Sphynx/oxford__Sphynx_83.jpg,64c316d13dd29b1b51ace5c798868662578dc9c19b557f61154edbba645ebd86
Sphynx/oxford__Sphynx_84.jpg,2c3d9a4c2ed449ce5ec80870ef427967d739479e6fe0e75c3226f3360299d36b
Sphynx/oxford__Sphynx_85.jpg,844f1a258a2fa72cdfcb523dc61aabaa8d9d3dc4379245c439252ab287aeeaef
Sphynx/oxford__Sphynx_87.jpg,b3fcebec0f182c4e2aeeed18a4478fe58c1f56f894bd11ed2e3593e4a85053cd
Sphynx/oxford__Sphynx_88.jpg,a976adde0241b179defc6c99dae6d8b5f4cbc54e2ef60a7076836328381be41a
Sphynx/oxford__Sphynx_89.jpg,2c6bbfa6e2804741570025b38db864f408a1f51b91e0a067008ab2c428a2d81f
Sphynx/oxford__Sphynx_9.jpg,30c2258b711c2a0925c6c3d19cb6af5bc25c67bc21ee04669697530222c27f7d
Sphynx/oxford__Sphynx_90.jpg,8285cf90964d29993dc7f1e5fa1ba48eb71d3d18edea2fc4175057d2a2953925
Sphynx/oxford__Sphynx_91.jpg,a05eae722710fccdd6350fd1990a26ccc27cb88608c563cc4f624e775fd87186
Sphynx/oxford__Sphynx_92.jpg,d7270b8dae8968f81c30a20e1beb7d4de3d490e8b45d8948f6ec907d7af06c70
Sphynx/oxford__Sphynx_93.jpg,ffb66429a48eeb8f58d3a05ad53a39b0d62dcffdc0d97f698c7490fa11644c26
Sphynx/oxford__Sphynx_94.jpg,eba7fadc57ed594c7cacf68245d2112e035b1add2c32e9299318cdc3735712e1
Sphynx/oxford__Sphynx_95.jpg,9bf367b46fe1a4a7820d587b0c836b4e7c879c46eddc16e48ef4a0a9cb3d53b5
Sphynx/oxford__Sphynx_96.jpg,5a60b378980f386aefb0bfac988d89b08bc0dd46b23397a16083abe76d3b39cb
Sphynx/oxford__Sphynx_98.jpg,0eaeb04edb529e058fb2c61ca014a3585c90406ba76a7426a06519c5315f4a07
Sphynx/oxford__Sphynx_99.jpg,3f550877a8e1a95332420d4a27a6450ad5aa3d96b89b0c016dd5b1d70feb724b
Tabby/wikimedia__0000.JPG,0075148b32795cf814b7e945a20c19727d0e795b28002f76813fdb321598e51c
Tabby/wikimedia__0001.jpg,7543a60e9d1aff4176973a24a128ea223013283540f6a1f5bc1f30ad015fb7e0
Tabby/wikimedia__0002.jpg,30ccbdf480134b24a54ea28ed1e1b9033a7d53644bbdce498e9be552910edd99
Tabby/wikimedia__0003.jpg,c9bb20e336fcf22e0334c4a06f376dec6ec1ff1e3eabe5bb56c77928c9f50336
Tabby/wikimedia__0004.jpg,31b65cc51f44f3b68f73f88f0c842204a9df1a78ceafd373b30680b6f4e5475d
Tabby/wikimedia__0005.jpg,8b92a6aac11ef24675ffba3b8b32a9a65c111df30a6afe24ce7790d661ca47f3
Tabby/wikimedia__0006.jpg,96f2cb76c11ae98f944f9beb59a9bd65a6545e16f926075810e0287b94f4910c
Tabby/wikimedia__0007.jpg,9348e2bdebf583b89dcf71f9aeeab36f344b0530f4562fb7d4ef2d2ef4b68a1c
Tabby/wikimedia__0008.jpg,c26408ba9737ad1ed9fbcfa23f9c9c07c4c615d181404116bd33d30b1901053a
Tabby/wikimedia__0009.jpg,98374378bf6b5a69121af17d48ea351e3b2cc92814548cca9ff193664663e16e
Tabby/wikimedia__0010.jpg,7d6b05136e3c3def7cc9047fc6fb3cf52c60eebc404927fa8b3274550d496051
Tabby/wikimedia__0011.jpg,242c0aa6edeed329b15cd9d28b9904699947db81c7e1740e76c6bb7fdf0459db
Tabby/wikimedia__0012.JPG,82a2838d1019d329bdc883f9ee37b84384769762d222a59011e4a04ef09e26c5
Tabby/wikimedia__0013.jpg,1e7a58b33460826af5a7278aba50974d1b3941e26f0adf20c06effaeabfec830
Tabby/wikimedia__0014.jpg,6b374ed15fb9ae7c848a887a44dabf2124933a9e42ab38e3bc337ca4044ea413
Tabby/wikimedia__0015.JPG,1503cb9677091ed845ab967ce24ef55c7a456fed5b06a95c304b43ebe3833821
Tabby/wikimedia__0016.JPG,ae51c03d18826e10a30875e837d45fb7c9d65db862f662025def076ba2351865
Tabby/wikimedia__0017.jpg,c2f072627dfa366a5c7fa04cedeedfd0531bde90482371a02fe5a5add13ff51c
Tabby/wikimedia__0018.jpg,c2c5d62b26162f538f7b6c029d6057216b72a5f482accfe6b87f007ced7e8042
Tabby/wikimedia__0019.jpg,a847ac605b7807b433314ed766c8d1ed5950d884b35370b82692469e7ed279aa
Tabby/wikimedia__0020.jpg,15e6e5a144185930845a9449735a321461555ef133720c5989a7c8d8503c2707
Tabby/wikimedia__0021.jpg,3f0534155776008f2de19e80c59126d15a41d590d29ebd9fc411ad558c5a5ae7
Tabby/wikimedia__0022.jpg,5059302afecb3f51a256e9070527840c9cba1b2b2afcfc004f305c93c98dd696
Tabby/wikimedia__0023.jpg,705a0acef4e7b8f2fae76d24f72c44f30dde2da3348f521a39673d5472af4178
Tabby/wikimedia__0024.jpg,4e0e4a8efaf82be7976c3e96ca416b6b8cede65e472e54cb458c73370352fd20
Tabby/wikimedia__0025.JPG,239f486ec0f356a3dc9187e58df6a91e3d6d958d2f564b43cd6e8c255fcf2d3a
Tabby/wikimedia__0026.jpg,25ddd8deaf3cca4fa4acef4acd687cca919942d733a6fc24fbd0f2c45676beb6
Tabby/wikimedia__0027.jpg,0c7596f7dc1b7fc8a1132e90bcee538afe4e8ddddcba43163639d62fe2dc8078
Tabby/wikimedia__0028.jpg,cd20bdedfb0ec9a9ae6830d98aeb6d4e4d5c67a966787c0e52fd8eb79bbad196
Tabby/wikimedia__0029.jpg,e925beb3931d8a46730749faa1f2efe35685867b0b6034558cb11956306ba698
Tabby/wikimedia__0030.jpg,9d99ededf0c15f7a0e671083c5d08049ac33af97f3440414a527124a156aad2a
Tabby/wikimedia__0031.jpg,6d88fba0001b3a61bf4c1b18dbacf04960f47f89c6d8f7df704e809aab41e59f
Tabby/wikimedia__0032.jpg,5f2b3cd3dcfa9f66f049ecf37fdddaf2d31beaf0491a5a05b87df17b30a12797
Tabby/wikimedia__0033.jpg,3ab118e91d7eda6c2c04e867c44bd3afd1ca757842941ef67895ba109db15391
Tabby/wikimedia__0034.jpg,3bbf0640b3de39884a6fe3b80dda5ddb9c14641d2f05e27315736653f9925fad
Tabby/wikimedia__0035.jpg,ae526ae665b27b998a119ad87299b43e56e51eaec1520fb26170d1bcc7ceb764
Tabby/wikimedia__0036.JPG,aac546354379af764cd2754f95595a4b6d502d5ed68962c3c909403d4e595b20
Tabby/wikimedia__0037.jpg,775f31f360c96bb71d8d9c308deebc918e662cb985c24b8200538ded07b51fed
Tabby/wikimedia__0038.jpg,e684aa69cacbb0e192fba1b624802b2dae806498055782f16cfbc76759a8bed1
Tabby/wikimedia__0039.jpg,0dffc281639e9bdb9808a10d2d75a5aa69b8c4de067c189ca351324279528f15
Tabby/wikimedia__0040.JPG,4efe331cb00a5395afe67df80b4c427508648c5b3389dc0fca974a5968a1feb6
Tabby/wikimedia__0041.jpg,f507b40c79f15a435d4970fe0b30d5a391ab2e15fa39c6598e15b54af9098f29
Tabby/wikimedia__0042.jpg,6dfeff46d331c952030f721a63306b835e5c330e50bed050402b1890b909349e
Tabby/wikimedia__0043.jpg,dfbe453ea6efc40f99d4552c51c8d297ef2d994b566eabdbb8d98977a5a128c5
Tabby/wikimedia__0044.JPG,abc91af8e992f3877d17660e5230ac8f08ecb3a88797264b6701c8f0d0132e9c
Tabby/wikimedia__0045.jpg,0b757c39bf1ad0524ac46530a264cf4a3fabfb5d04edf6f4793dcd3476300cc1
Tabby/wikimedia__0046.jpg,b5bdb2f4cb0de62115e4e92f4946890254734951ab22300ed6a4ef470b1fa4a7
Tabby/wikimedia__0047.jpg,4f4e0fc01b5962bd18f0f846e6042fa56a42f55b16e8e2af34bf95d6139bffd5
Tabby/wikimedia__0048.jpg,27410754e5bbf73cd8828e810ca065cf96accba1ee0ca79e37d93771687b3312
Tabby/wikimedia__0049.JPG,22c315652b8fd54c58ca31aff7ca4264c47862dd935a90de44cafc43c1cae355
Tabby/wikimedia__0050.jpg,e09c13525fe6e880b6349d75a37efa5ada7adb2a2b2a22eb03f0921aecf24802
Tabby/wikimedia__0051.jpg,6cc2b250bad3123a7cfe88638c9add671c6522db2e97452f95284240215a5f3d
Tabby/wikimedia__0052.jpg,343f3908d317e370d123cc171d7e580c7e55f5f7a3a64918655aaa95665251b2
Tabby/wikimedia__0053.jpg,9b0a2de297e8fdec5d91fcb06c64950977bcb37ce12062d07b8502fecdd65b62
Tabby/wikimedia__0054.jpg,35abaa651fdbb50b479cff2f5d0604ca61c47e6a5880d7d7da35e960a1b03a21
Tabby/wikimedia__0055.jpg,0179d1c550d349d6a8a51ad96137eb3b3241514a30081e8819ad8dcdcb6c5f09
Tabby/wikimedia__0056.jpg,74be466c5811eb922980fc3187e249f99721e5d7aa3669b9d9058bcaa65e523d
Tabby/wikimedia__0057.jpg,2f4d879344f95174b26a94152b8956dec700cfda3a2c9ab657801a4ef3ddabd3
Tabby/wikimedia__0058.jpg,2f23d6a602c0f8310c202c8204a921aba46e4e7e7cbd0e2ce94a131a53053e45
Tabby/wikimedia__0059.jpg,55c20a3fdbd0ccebf1bee1cfa36f8a65f770deeac468d2b10189421a2fe66eed
Tabby/wikimedia__0060.jpg,e6e23861ebc6d13b028b05fd29b1665d2231cf373392243bcc3db619f628234e
Tabby/wikimedia__0061.jpg,811a3fa868a1ed8d870a2f9d14754112a593764bc68e4d2bc1e12bbd92b79825
Tabby/wikimedia__0062.jpg,ac2aec8f0281c8f481f1500116e86fd27f6d97fd05adab410f29c0c286dd09a0
Tabby/wikimedia__0063.jpg,ca2858abf53eb596f654c8f72644396d851d9b0d6973b57052598808cbc072c4
Tabby/wikimedia__0064.JPG,7aa33d524e7b3bb05bd264665984908027858e5818e72ef798faa083c594e673
Tabby/wikimedia__0065.jpg,0fe5ed757c233f446cb14cbd7a5c2031a5994a798b871ff37e1376c9e5688ad1
Tabby/wikimedia__0066.jpg,b126718355754bcff80205ab18780789e9a8d5c0f2a5a0e80857486e03980ec9
Tabby/wikimedia__0067.jpg,16741b1604aa774c9425b457997fc8c98ee4c034345a7ca09f0eb0e8bfba86d1
Tabby/wikimedia__0068.jpg,ab642f32b34ae79fcb4f680ae3bb908c9cf8748856245fa63f030fb3349cc80a
Tabby/wikimedia__0069.jpg,e83f03ab749288628d74cf8d00034dedfb583f45ea00ca0ec06ea2f15f9905f6
Tabby/wikimedia__0070.jpg,93715c7281911361361921fd66e15338608d3841ca75e14094efee91e9dc40a9
Tabby/wikimedia__0071.jpg,2673d3d8cd8fd1da9c7b840339d474b37048942b195ea74de1cc44f808be4f88
Tabby/wikimedia__0072.jpg,6408520a1d8fa713fe8ed39022be95574bd750502045a3625ab3dcbe0cc46df9
Tabby/wikimedia__0073.jpg,43eb486ffff29838b34e9730dc9b6c7ef7b36d901c238f49aad517cdb5b31137
Tabby/wikimedia__0074.jpg,56f205014272a069a2f8e9fc3ebc405ff50a2e996241c90eaa0f870e081bffa3
Tabby/wikimedia__0075.jpg,4570e9c0c74fdfba4be2cda809088e9b2fd4988aa5b13560ad11254ff10c1338
Tabby/wikimedia__0076.jpg,5f3eb4fb0aad4c5637174a9e855840edc5a38f7cce9888ac2dce8c17f55ea2ed
Tabby/wikimedia__0077.jpg,0cfcf09d49738f8619196df5371faf9dcc7aee87b1867318ba3bc59700aca728
Tabby/wikimedia__0078.jpg,4616e77fea8ab5d6ce5b49570880e892ab6b6980af54a243e4a232e51c4136d8
Tabby/wikimedia__0079.jpg,a790cdf3a5a6b9a27ecf22cbd48bc28448c23c122ee055a4307b4c884c8e0332
Tabby/wikimedia__0080.jpg,338f4eda247dd320403f07667327fd1b377113be2b09569fa30623984d6619b7
Tabby/wikimedia__0081.JPG,a38d2e5a121eab9b17165552ba38cbf12c545fcfa3d6be741470eb27687403d8
Tabby/wikimedia__0082.jpg,6b49edb30dbaa2d40be4dca04d846505485cafba8a3cb3c8cc1f8c00f2fc257f
Tabby/wikimedia__0083.jpg,e9539fd9fd7bd515ad844e2d7f1341bd7fb0e21ed629c40c2f204a07620662f7
Tabby/wikimedia__0084.jpg,ab7e0cbdfd7020d1f22d7bea53416cac7eaf70d472e1a8150ecb73ccfdfc3398
Tabby/wikimedia__0085.jpg,f956f535fc0b9b02c1f345a56c76e59d2644e6bb149897ca1ab68789db17b29a
Tabby/wikimedia__0086.jpg,cabdf26a2cded9c0e583f781153bdf9623c33254df62e84f40a1e8c0b629744a
Tabby/wikimedia__0087.jpg,c04ce527f81434e0c2fb5b2a5ae2de3f7b385cf63385d24362c58ca77a531c2b
Tabby/wikimedia__0088.jpg,9f2d59df72f05d16168813084b01e5d1ec1ff9252eeaa9885e295d118297fb01
Tabby/wikimedia__0089.jpg,8486c01b7db246c202528d8fde271322734e5b3d06ab8dee02f795e4a116c167
Tabby/wikimedia__0090.jpg,7ac0e35acdb5e4117829c5d714409cde1762a17b8a37516e97a6ab80b2427762
Tabby/wikimedia__0091.jpg,cc2e9dfbfb8a1bb7d161eeb1a1127b947866987f8afbd4ec5773d6f046bbf72e
Tabby/wikimedia__0092.jpg,06c23f440ecac954dc6e3bb0313352bb0e9bf70a262387bbedb5c9dbb698ea57
Tabby/wikimedia__0093.png,8061c4bbd782ef3014356c4e70cb79f3e6153354d698f5e2a7ba25c978e402fe
Tabby/wikimedia__0094.jpg,61918a9e0db4101f2a26f0e873f28b04814458e9fd43f1bd57ac254bca62831b
Tabby/wikimedia__0095.jpg,1e1d654870dcb6638c9823077f37a9cbc4507d64dd56da96452db71f01a80bed
Tabby/wikimedia__0096.jpg,c17bf40fee6606d63c67863920febb1ac6689f90ff643b91c3753a924fbff267
Tabby/wikimedia__0097.png,302e89ee35a466dc096b4a63ab0bced33adec12eb30630b66d9ca1c6ee07d342
Tabby/wikimedia__0098.jpg,80e1361cec2359b71f983f1348ffa2e3063bfdd8de7d0c06b0a841aacf4e6c66
Tabby/wikimedia__0099.jpg,a2eccbbd75c98627098f44257648928b589a99231a4c820ae5e26be68773690b
Tabby/wikimedia__0100.jpg,1cb9dfccc6cee88302a3bf6e0e9d3685234e83208d91324abc1daa1fdb33301c
Tabby/wikimedia__0101.jpg,b1ce44c8c6431427a076e31f8dfa296252538f714079450f78bf13fae39ed18f
Tabby/wikimedia__0102.JPG,ba53d9eeb2e458c62f1dbb1c8b3e3073a2765901da0c882fa7b46ac311389d23
Tabby/wikimedia__0103.jpg,054918ae2e93bbe9125cab505a0f6498745c510373d0a5dae5ec2bfe2fb57d95
Tabby/wikimedia__0104.jpg,bb5b4896b67bbf660513f8513a5275adbf3e4ed86f4cf52a3558358a494d526b
Tabby/wikimedia__0105.jpg,5dc60fc4c603bd7fb96751847ce88bdedea4cceb3d7319446c0676cf7b3d4298
Tabby/wikimedia__0106.jpg,24eb14c6a126b42b94837c175ff2babd42a86ef9ddeec97f781b993e7fc7e771
Tabby/wikimedia__0107.jpg,f4948eafe10cddf6ee3d2c7ce725dc8a77e792f18e52c9429f2ce11d859bd6fb
Tabby/wikimedia__0108.jpg,f30c603a4a6fab0bc248dc6504ed40d78fafce83295381f1e3b649d4d255d57b
Tabby/wikimedia__0109.jpg,826a83a29859771874cf92d9aaacbbaadfeeeef3dbbddf7b49c52b68ce10d52f
Tabby/wikimedia__0110.jpg,fe307b50d74a2cb526648778612e76c4fef529d76e8a6da1513cf168ba1d7858
Tabby/wikimedia__0111.jpg,3ea8e6c449b2b3db584e12cc479c6b73918c3cad7d950477904d0b796e24ccd6
Tabby/wikimedia__0112.jpg,e59c78f22717c2f5e46c4704c012625a54a8d7f7a17cf7d53e5a6968277cd3fb
Tabby/wikimedia__0113.jpg,55b6fba3f55821bf8e8d06376fedc40bcdb9ceecbea268222d7c9a959da822cd
Tabby/wikimedia__0114.jpg,c6a29ec7774935b08ac94cc49d382dbd8c75572bb8249e9ff6c97ab930ee75fc
Tabby/wikimedia__0115.jpg,94f77741be682f481cde7b7b28ef2ecad835cfd4a3962cb50cca270c4d24a4d5
Tabby/wikimedia__0116.jpg,5da0c24a8a3b68022e32a4aab7f8f3e7126801eee520199c18bf82a353f11982
Tabby/wikimedia__0117.jpg,7fb5d2d2b149e0b283247e4fd4dda511ff27ba16d378998fa81e4d36b3e1b0c6
Tabby/wikimedia__0118.jpg,247e758dc3a4b4d04c9d8b0535f07a862286bf44e472b67a5dd7b3c89004733a
Tabby/wikimedia__0119.jpg,a8a785603f865dbb760a8793e509a6692b179efaea46b1f7750d482e8c7fe8a8
Tabby/wikimedia__0120.jpg,e03a846814f32e968e1bf8fb0fb0a9242bf0971b6ac59142116561a11d0b3617
Tabby/wikimedia__0121.jpg,cb6f0e639b0d79dd4840ff34b23a5357e0a61fcc625a7e12ce318365226c585d
Tabby/wikimedia__0122.jpg,0ab9ed3eb03437427f8604d7333650da1f82ea53eb8aed6ae460c6cfc8da666e
Tabby/wikimedia__0123.jpg,b11d65ebc4e444532578c001ad23c2c83ab893231a61794375c496ed6b121ec7
Tabby/wikimedia__0124.jpg,1467a6905d70be53c416c0eed8f3fd3a3c185a12fe8c6e8f4ff8c83c10a20542
Tabby/wikimedia__0125.jpg,745d7af7199cac72907623b25f3154b686a139360642d0af1467aeaafffeb477
Tabby/wikimedia__0126.jpg,ae447e7ed03c784d34717afb050cac9281e9d1c9b06a9dc9aa46f4df77047432
Tabby/wikimedia__0127.jpg,02ede03af5ca5c983a86681aab659bec801163d49fe8c57dbb15bf3234463170
Tabby/wikimedia__0128.JPG,c1825eb2c9ab60a30238f76f87a08401a82c15236a9983df6d810d02ae0e92da
Tabby/wikimedia__0129.jpg,a674c2780bbebc3579dbfe1fa59caca3a361c12ada59b272cc31c9ef24a6f7ff
Tabby/wikimedia__0130.jpg,0401c0257b618c80b6fd64509dd754cfe366780e54dd13e0740a13f16b243908
Tabby/wikimedia__0131.jpg,39d121536077f00e07ef7442294a4d199773e849c0a88e280177984ab5f89070
Tabby/wikimedia__0132.jpg,1bb0530f560b6fc76fa42c626ac3eade79147604545cfb5f898df947b6735d40
Tabby/wikimedia__0133.JPG,27e655900e03da0e680bdda2a029e7d3e3dc282fc325d3310c27b5799c1aa166
Tabby/wikimedia__0134.jpg,3392eb7385a429a9acac44a7a83db92aa0ee8ee9f03a3923f9cd2eb54dfe36bf
Tabby/wikimedia__0135.jpg,e19825d92534e88664e8182c3978d72fac0c8246d91b5c13304a02a269e0c0a3
Tabby/wikimedia__0136.jpg,320f96ee79fedb1973130cf929e52fa348ab5dc4d6e187eec47006d0de8bff76
Tabby/wikimedia__0137.jpg,b23158239a30a117cac8a34f2fd33b5aa68ef0c994b48aefa239b86422a79350
Tabby/wikimedia__0138.jpg,2beb1ad644edd6479158754f851e479284f50a39ec6a30974bf7af7d63d8022c
Tabby/wikimedia__0139.jpg,409f8667db561b7e468b12bc11578a2bdf15e26e7c98b932f3f97bbb8936829e
Tabby/wikimedia__0140.jpg,b6386a2486790dd54c5c906e776d77deba43f3d1207f0f40117197cde07c336f
Tabby/wikimedia__0141.png,18c8a9145ed3e6c318aa2e726320648faed80e079e808eecdb2db3960caf2b7b
Tabby/wikimedia__0142.JPG,14103a4ef37f1e8db9532ca936b868bed34255e4b3dfa1b22652c465a0e3e937
Tabby/wikimedia__0143.jpg,37493e2af5fb9ffb403ac33a9ec8d32221d188c1d231a0ee7c678d2b1f06ecbb
Tabby/wikimedia__0144.jpg,b49371527510e91a2b4e34b517b5a75ebb61f23e99276504d5f3ba5dde6460dd
Tabby/wikimedia__0145.JPG,5d4169e1f21570e1b43dea8caf610a129113c0fdd2f786b87eb9bb933190269e
Tabby/wikimedia__0146.jpeg,1d44cbd5c7121003c8e6f09e299df419a6b8842df22bbd0ca57faac68e585b59
Tabby/wikimedia__0147.jpg,bbf1eeec0958b4c593dcc270a13bdfdf3afe6470aa212785b76773bde9254444
Tabby/wikimedia__0148.jpg,b75c785cdf4eeae231e29cd3ef32ceeeb58294d89d873ae986b9ae1885d92818
Tabby/wikimedia__0149.jpg,2beb7de3e5201349863ec0c776ed3c778a027893cdb4665868728861dcec1ea8
Tabby/wikimedia__0150.jpg,4916b006adcbd447e740ccf36986e5fe43f0660a9499de4266d629208addde4c
Tabby/wikimedia__0151.jpg,3612594fdf3acded75ec53370e8801066ca74405c1140a6cca12e85da577e326
Tabby/wikimedia__0152.jpg,67193f68efb755dd27a77236ddafeb293e1b8141c42e21ad26b0842b10a52a2a
Tabby/wikimedia__0153.JPG,af4e5adcf240c255d5ecc8e66f886a6a5a963ae7c35e3e3ac42b6bd0c10f5552
Tabby/wikimedia__0154.JPG,4858bc3c9d1fc6b5e02a40aa7dbc17f0d2d4da785b67e1973589f5341f8d8fa8
Tabby/wikimedia__0155.png,542ff15d500c0acdd7b492ed556741f42ee7bef7a268c0f1076afa1a4d5c7421
Tabby/wikimedia__0156.jpg,9c5a898830ff71a820a28801bddf95e421b9337a253f8c469cf625e552b1e0b2
Tabby/wikimedia__0157.jpg,0d49e5887cf58c37c1251a013805bf3707cf223d98b70eaff681bbd7a6ac6024
Tabby/wikimedia__0158.jpg,3291d321ccc02302b999822d59c81bed3acb1a605a4cfd5ddf0d99313ffc4a38
Tabby/wikimedia__0159.jpg,9a4198f4018957f39afa84bf9750c330149948dfd0acc92bfcecf95a8d239369
Tabby/wikimedia__0160.jpg,04ff38e0d66249c90e26b0f00924ca8c992b82d8b5fc4c433a3dd98170bb26a7
Tabby/wikimedia__0161.jpg,f07485490c186c9e40298708a5ddabe7aa77b0a096c917c0ad94fec570bac0f7
Tabby/wikimedia__0162.jpg,55b2ef3157d3d599940adf7b69f295a1286de4dae253603244b66ecb5fd07498
Tabby/wikimedia__0163.jpg,7c87c129f50b457bb1c21afda7d1c6753183a809279b1f2dbcd2edcbe88367ac
Tabby/wikimedia__0164.jpg,3ac89d5daaa1b6e826c4c8c2efb6b3432fb0e75c3170df287c8c87a07b5d2ab8
Tabby/wikimedia__0165.jpg,668a20673a43e25aafe51f2791637b1dabf515fbeec5fe36079f99a7674fac20
Tabby/wikimedia__0166.jpeg,deb1fea253b0d3c9195ac848a0441885ab305413ca16534fb8f582838d2b0552
Tabby/wikimedia__0167.jpg,3b1db42c1af0c9e3e0e7eaf72d82415f845791ac9f2872b0add891bb781fa8b1
Tabby/wikimedia__0168.jpg,5b1c4b4a8b3d434f8038662a464f1f42b2c2655c25267dc6380dd4d64327aced
Tabby/wikimedia__0169.jpg,9e84be1945164516148f3485564700c16c6783a0f242966ed538f79bb24dfd37
Tabby/wikimedia__0170.jpg,97004a7b95b22abf9b1689111b6d7f4a98e4f69f0fe6efc17857e6b4db3f58cc
Tabby/wikimedia__0171.jpg,fe060337f04a1e20642fd302d4a68bd004995af1b1641755b6b7d997df434d3c
Tabby/wikimedia__0172.jpg,6799e56663624e9048ab10ac74db3eb95d0a9dfe58a202723ac2e09860813795
Tabby/wikimedia__0173.jpg,6e0b50655925ef8a37673466b8d6cc6ce6bfe90602317d3cbb8b645a54057830
Tabby/wikimedia__0174.jpg,9e22cad72ff66c81fa6fbb14d33165abe4e62d7271314c62e707c0fac78cf5a0
Tabby/wikimedia__0175.jpg,bf0fa997337edd980a6b72862516a92184e20631235035efec1070cd95fa751d
Tabby/wikimedia__0176.jpg,bfb2d488eb446af3a57587cb62241b99a43b8926989552b5a6b310ea1c1be94b
Tabby/wikimedia__0177.jpg,83124f87017ee55b289258afd8130defd79750ea60ef69485fbd81e183b7a6ea
Tabby/wikimedia__0178.JPG,d18c2a3ba1eadd84a2306bb4ccdc609d9e20f92e58480b761d92aaefad0fe9c9
Tabby/wikimedia__0179.jpg,2eae6a3268d3f1ff43e4762c86fb56ba9220d57ea35d206dcc2618f095f8b18d
Tabby/wikimedia__0180.jpg,e3bde5dc1ed39e7d454d0485a5bc99f3b6e51280ce38f0c57872a6b09713d987
Tabby/wikimedia__0181.jpg,2eb2cd3c07df006bbe69eab9125b45f54d95b226fdf5132447e23468e31621d0
Tabby/wikimedia__0182.jpg,e2fdd169818b86cd4bae9ef30026a14c8c34b1f260d782ee447136c4dc0fe7a2
Tabby/wikimedia__0183.jpg,12070de98a56425bf94494dd56c123020148b349511c9142aa98e98150412216
Tabby/wikimedia__0184.jpg,03d723823fd30b02da4b496a94f9d0619dbc5a2f5eedf12c2e2299a4c052c634
Tabby/wikimedia__0185.jpg,e5a9d2d35b72464126420b466384ec0cfe0087faf40fe9b4059944e3e92aa81c
Tabby/wikimedia__0186.jpg,88379391fe5528125dfce9776923790d92da760447653139bd9bccfe13acee4b
Tabby/wikimedia__0187.jpg,a3e08ec59b0888ab893a20e7fcafc2d4009af3385d33ccf6f7e1e28e4e887181
Tabby/wikimedia__0188.jpg,97293254d0c19c3c0c5ac4576965b10bc0be46cfa73591075b6cda5968855071
Tabby/wikimedia__0189.jpg,e23014c3626350065409b1f0bb4564650e56c01be504def54b04ba9a6944ac08
Tabby/wikimedia__0190.jpg,ad7e62076f9c3a8d5bba31e8a558d8a77d3ac2db36034c9510cc1c11b6897ffd
Tabby/wikimedia__0191.jpg,353a8518c5f3b306384e49b4cf47ff6a75beffec005a2624859f4f86bed26030
Tabby/wikimedia__0192.jpg,3696dbf814dff9187e4bc972cc9fb0469f66a74cf56069dc268c66766190ad49
Tabby/wikimedia__0193.jpg,746512a6158c9c90ceed762743b2e7b5879059ea198a948b00b45acd8e05e80f
Tabby/wikimedia__0194.jpg,41d892107210d4c21a9540a31165939a626153bfa87367a4208224e321ba2d1d
Tabby/wikimedia__0195.jpeg,b01ff6036865323fea3d8d7721478f116c2c23b0cb878bde867d4d103e979677
Tabby/wikimedia__0196.JPG,67639dc03ef0cd3348b74f9940cfeedd64d029bb0ec829c26a51b9a46574603d
Tabby/wikimedia__0197.jpg,94907e05d09e1454bc27b0b3b5f6d7bcc30c9cca903c053a364c0883ac828a50
Tabby/wikimedia__0198.JPG,78145528d035206eb40dd86a02825a29d6f360b465a3849568254be768e2ed6d
Tabby/wikimedia__0199.jpg,9d970670231ef401c9eeba02b17262098f01724dc1748648eccc606df78a1dad
Tiger_Cat/wikimedia__0000.jpg,734606b3a7463856149d9ece5df1c17280758b658b0b056b93e1c8655ae2f77e
Tiger_Cat/wikimedia__0001.jpg,96171cd2138b4fc1fc466ed76848b8e61c05054d53a36f997c652330b042da3b
Tiger_Cat/wikimedia__0002.jpg,7b843b803ed4fd110e26d76f22f0018c151137ffc0428504178425eb99db9f7e
Tiger_Cat/wikimedia__0003.jpg,918a38ed057c498b129d1ecaca3998f9b22228dfb541db156a53fd65db7f545a
Tiger_Cat/wikimedia__0004.jpg,c8c381d11c6cd1063156a9854a4ae339336ee3b054bc0df0ae5996b1d481642a
Tiger_Cat/wikimedia__0005.jpg,72b24a43e92114d622832aa9a0cd0a40974258be468a6393607387bba428497f
Tiger_Cat/wikimedia__0006.jpg,f4cbc22bf3651103ea62ba5595b53917f071f8817987a43e808e525fdfb137c7
Tiger_Cat/wikimedia__0007.jpg,d236bdf8013ba952e16bd2bd9ae51216319b1631c93c1794683043cf5290f2c5
Tiger_Cat/wikimedia__0008.jpg,5df8f6e96c018875a7f51c78d2445ae1d497839587dd054b9f774f594425d832
Tiger_Cat/wikimedia__0009.jpg,91da99d6e018e87753d60d0155e85d74903b127132cff36316573314ea4db501
Tiger_Cat/wikimedia__0010.jpeg,dc53526a2ad2041de77c64b9ac096e2b76932251a7918574ed2c0364e4047c1a
Tiger_Cat/wikimedia__0011.jpg,57857ca2752a6b507ed0d824a803eeff1ad93a6e629a828547ca1281d8bd0d6b
Tiger_Cat/wikimedia__0012.jpg,b453799ddb8a621c29c90df67f847feffdbbc4bd8237a1b83a751ae10084c202
Tiger_Cat/wikimedia__0013.jpg,a0ee2331eb833558cbb46e0858836ed4be5fe00823c9733ea3c6b80674619c51
Tiger_Cat/wikimedia__0014.jpg,d88392ef29da4d390ceaf82aa961d63d49081a57f183966d44088c1067103e29
Tiger_Cat/wikimedia__0015.jpg,3bb2f028f07df783d82296e33b6ae37ccc3af70aaea729cfd85acb1d8ba58500
Tiger_Cat/wikimedia__0016.jpg,5066fdcd51f0d935e010c412aa5b1e4fcb9389bf4726eee4f49ebfb943733aae
Tiger_Cat/wikimedia__0017.jpg,b79758f9bb2a77fc38344a15bdbbf58179955535a6aa689e38b2603fa5ae4aa8
Tiger_Cat/wikimedia__0018.jpg,cfe1ed1c9aa09112a089285180d4c7a278f4a4c60dd391617b0de70fea54350d
Tiger_Cat/wikimedia__0019.jpg,74fa8f0ccd4e083ef165a57de310c1ed02d20891c8c4648c663288670509abe4
Tiger_Cat/wikimedia__0020.jpg,671f06f68e93f53ba5fd59b14aea877c48f4c9e2a06026e663a7878ae6ce8e28
Tiger_Cat/wikimedia__0021.jpg,6a1e7d1b051004c3d584ff32075caabe1d84e2942913fa158326be464f0f6414
Tiger_Cat/wikimedia__0022.jpg,459c4b716eb73a02dc195104161408fbe484495c12398dc94bf59335b43fdae4
Tiger_Cat/wikimedia__0023.jpg,1acbd9a405ddf0f909a69658c3510ae38169425f2507f6ce7eaa0cedf4536e9f
Tiger_Cat/wikimedia__0024.jpg,59b0fc625e103c22e284763f4ff79c115c57917fde5edd663fec0bd9f15e485a
Tiger_Cat/wikimedia__0025.jpg,d2fd1bf8274929cbc3ac37c1fc8929a6181499a687b0828f5cfa441d57cfa6a2
Tiger_Cat/wikimedia__0026.jpg,c438cc51a3e21e7ec258c8ab4fed71eb4b10990770c8ec8e7b4df6b7250e7686
Tiger_Cat/wikimedia__0027.jpg,f9fa1a122de18c6ad28b0de6f91552f6dd2a938ce06b1015d75e65da71ee1a04
Tiger_Cat/wikimedia__0028.jpg,2de9dce668b75f34c1261db059860223729e220719f6565169175e2723b223ba
Tiger_Cat/wikimedia__0029.jpg,0d1857d71b5b01b7c2f162f50bffada99018619582de53511f6ca1d00907357f
Tiger_Cat/wikimedia__0030.JPG,eec586b38054b5b962e627ae80331669b8a95b6838219186b686ece531045d8f
Tiger_Cat/wikimedia__0031.jpg,77c182643f0f6fecda90e6b1c9f1376b54ca66ca48cdd6ed5a9380c4477e1aba
Tiger_Cat/wikimedia__0032.jpg,a3e1b66739b5a8bac9033cb124f30da2e1a0e0f388d98b38372e610f1b466d51
Tiger_Cat/wikimedia__0033.jpg,0202342ebde43994ffd011b3769ef6345ecd910b5b2bc7fa7519038698a27f49
Tiger_Cat/wikimedia__0034.jpg,03ff8d6909a72ebaebbd8626959c7715d318dbf1c0483b9eb524b438529b98fa
Tiger_Cat/wikimedia__0035.jpg,45815444a6faa16091e2f738a0bec2a0b13d552edeed90ee26dcd9fa78dc726d
Tiger_Cat/wikimedia__0036.jpg,646246af3704ae0b447122074fe49bfef5fd9fe2b010d6dc0cda11944aeaae69
Tiger_Cat/wikimedia__0037.jpg,d885da5729bbf71317ec4eff35aef61c23b50ded96db57c0ed6a502aa4ed1906
Tiger_Cat/wikimedia__0038.jpg,3445a98f599fcedc8e5b9d885cd592b013f52e46970cbd4cb46c79a1789fb71e
Tiger_Cat/wikimedia__0039.jpg,f820f67970de7c6ac4056152412d5b089cc4430b0e22c05891b7687a64f99068
Tiger_Cat/wikimedia__0040.jpg,ce90495f8c033bb1052f78adb3d8b6436e16c3df7a4509b2a7f198bdf886c3ba
Tiger_Cat/wikimedia__0041.jpg,65e09d4754672d139d0de14ad7d58232b09348d4b267fd4e0a95e509a5380c85
Tiger_Cat/wikimedia__0042.jpg,f503624ea6a1d60a238345b3061383205aaa5f131b4648bb7c76573614994ffa
Tiger_Cat/wikimedia__0043.jpg,dc785af9feceec0194811672328e08620f107bbfcb963d97134943787d9ca5d7
Tiger_Cat/wikimedia__0044.jpg,a4359aa405795e3bf799fb3f49c19669e579f4ce2e85231d28bda523eca0026a
Tiger_Cat/wikimedia__0045.jpg,7d9598791faacf95839371b38ba8672878f355b124392d1238c3307f4a19ce90
Tiger_Cat/wikimedia__0046.jpg,de320d2c6e021f0cf0400fe65282783897eaa095f14abc8234e5f87fc360d347
Tiger_Cat/wikimedia__0047.jpg,5c4122797ac49b4b12160bb3511b0f8a47f07cdbbddf2c3ba1e7b722b3edee67
Tiger_Cat/wikimedia__0048.jpg,6be4ba735147c0137de191059b5e50886d76a8a54e319264176ad2069ea73496
Tiger_Cat/wikimedia__0049.jpg,cf8530b636808543da9ab0fd0d3f35907522b1c69aea693fcbb38d90765ed296
Tiger_Cat/wikimedia__0050.jpg,aa2c7be5ffd52d1a81a478e962462646f675859ad173bd220348adbe3cf85b9a
Tiger_Cat/wikimedia__0051.jpg,aaa109ea2d47cec09a5724ce65854936b7b645180fb08c913348cba234869f58
Tiger_Cat/wikimedia__0052.jpg,54c075a2d1a6e7b11d75b8d653fa97d8577caae4052d568a6987d6d185141222
Tiger_Cat/wikimedia__0053.jpg,7fd9e88ce507971a9d6524ffdc48b58293eaa625a6e58c195e1dd098d8041258
Tiger_Cat/wikimedia__0054.jpg,354d45ea355df5baa6c475f337d9fe1ff0af472d6b7f76193b548710f1382f58
Tiger_Cat/wikimedia__0055.jpg,f35522df22c2bac10f0f72288a16d2aa046152940854064fc92a4bc8307bc577
Tiger_Cat/wikimedia__0056.jpg,6056fc9823645deeb8b2f2a7bdeb737a9e89d7b8660a00b25757744642b674b3
Tiger_Cat/wikimedia__0057.jpg,9644ca421dc75e975b72e4d3c557f1a7092bf07d16e4829787c8f719cd77e0b1
Tiger_Cat/wikimedia__0058.jpg,b0a6fd30cb1e8e1956cb98d5018d0fddf7a2eb2fb1f0e674360b6b11233b0608
Tiger_Cat/wikimedia__0059.jpg,6e84d2ea938c8a3c21a26e3e9e38fbec86301e72c38dbd5d3543b26c6d6433db
Tiger_Cat/wikimedia__0060.jpg,9069b8b34352a514b16085d8e4f121e4c172fdd782940ad0a9676b6896a40e4e
Tiger_Cat/wikimedia__0061.jpg,dd38f651428d58f08975c3fcbecd16eac6cfb80756110f85e3e70213bc595ef1
Tiger_Cat/wikimedia__0062.jpg,cd4e3874d2154617a26b0d97248130928c7f89b3f9bb402248a84cce5bd67738
Tiger_Cat/wikimedia__0063.jpg,aa116291e15479fe0209b99875ec58dba3ea9751d918b37d335a207ba5d4589f
Tiger_Cat/wikimedia__0064.jpg,df7897ceb067fa4d3aae8f0ba0dabdcdbb4852a4bc7f0f4c0267713ad0c7622b
Tiger_Cat/wikimedia__0065.jpg,913afce7c79437b0855e7129c44bbf59cf5b4ef2729d9c03834daef1868ee066
Tiger_Cat/wikimedia__0066.jpg,de58b94e928139ec4f7a29f485c31856217e5b9615b22407d62d526c98a35b6f
Tiger_Cat/wikimedia__0067.jpg,185942e0df7f70ad7bbbac200f867b7430391b7b17fb1e74fa30477c6c27288f
Tiger_Cat/wikimedia__0068.JPG,51aa2c8f397a2856463a37a866469dbb7a209d9dcf871549e4ba3a16e3866ca0
Tiger_Cat/wikimedia__0069.jpg,a6aba59a929c4efff0084b9ff3118b1b75411f47872b9edafb231bc8ff96af23
Tiger_Cat/wikimedia__0070.jpg,1bded27ad0a708b8459faea865332dc63a280508e446f9b232747891ebbfc2fa
Tiger_Cat/wikimedia__0071.jpg,02d49d4aafa2f76dfbf2855c38bfc691f982dd487e7febf505c62ff863a7e7bf
Tiger_Cat/wikimedia__0072.jpg,198a1f6226276f39b1be312366b63d8e497eed64f23ffe12c0413baf9dd987dc
Tiger_Cat/wikimedia__0073.jpg,7d732ff6c9968a7549f42ec74a326a0063f2b13d34d567288dc48766a208d227
Tiger_Cat/wikimedia__0074.jpg,fa6df9db8981774ef6fcf6d5e165b2ac490532c6cfb708ace59868490770a01f
Tiger_Cat/wikimedia__0075.jpg,ffbe1bb8634e10df1519d92e69a590ee76b18d8a129d06d356c1fca0f9dd1bed
Tiger_Cat/wikimedia__0076.jpg,7cbb8bdbf99e858683b1c7dd8de17393ac3619f1b6daf67d340a05c26622be6b
Tiger_Cat/wikimedia__0077.jpg,d8e04292e738fcd7eb1a6f10220e2f20a5841b0767dc3723437ddce5a4bd3374
Tiger_Cat/wikimedia__0078.jpg,01709aade0db283f77e2c12638dedd1265f65ba9e7ccce87494bd1be6d381d40
Tiger_Cat/wikimedia__0079.jpg,9886c1ea28051f1f0ef76298186f9a8358751fd5e64db76e89b6c3e896e9f8d8
Tiger_Cat/wikimedia__0080.jpg,599f504758dda3089d1a58d2c35443647e1a98fab7a60947f22d7d2a53872f83
Tiger_Cat/wikimedia__0081.jpg,600166401bba3e0abf6091f09856c00eaee6cebe954361bef892b22f01908b5b
Tiger_Cat/wikimedia__0082.jpg,74b33b1a4a6afcc7ffd9c08d586fe4118e4631b56c286c05f234d671cb61e7d1
Tiger_Cat/wikimedia__0083.jpg,c3ac2c8bc355bdc8aed94aa458439267ecbc3a201344150173af494e085963b6
Tiger_Cat/wikimedia__0084.jpg,05c03c83b2da89caf780c3f52708c83ad9f7080f925e98c061582845df87e585
Tiger_Cat/wikimedia__0085.jpg,003d92143037084a9019f2390995ba0a89a6825f80df6330b978d2b9132185e3
Tiger_Cat/wikimedia__0086.jpg,a9d800b1b83c1b639daef2ecb2e1a9ed6f63b270bb13863d46ebd6dfa5252b0b
Tiger_Cat/wikimedia__0087.jpg,00b9f0d6f1fc33f57514fa917ba7fafbacb71e321eb7fb3106c513fec9768ea2
Tiger_Cat/wikimedia__0088.jpg,ef824583e8a80cbaff063cc6c77e42f4b011d9a199cf4c169435212e57a5f576
Tiger_Cat/wikimedia__0089.jpg,a2fb8cbcfca7e838fd1154234c7c44e0fd740238f846199d6e44744a240c7383
Tiger_Cat/wikimedia__0090.jpg,3e96e24cfb744ee8ab32fd40f7ba56fde1ba94fa224f80374146a113e207e2ac
Tiger_Cat/wikimedia__0091.jpg,9249e009f1a53eaa9d889c38ae6439f9e7ff8efee4287aab554669e0705e1df9
Tiger_Cat/wikimedia__0092.jpg,50a8ff498de960310ac0ca54185d08e958ada9db368f07d634f38ece5c13001c
Tiger_Cat/wikimedia__0093.jpg,2ae2e24c30553fe91e3082ff62a13696594fa7ab8dec76422a042c227c5591cd
Tiger_Cat/wikimedia__0094.jpg,4211b57a036c378e78c20c9d8af8fe1239e0bf643a1445bf792aaf29dceada17
Tiger_Cat/wikimedia__0095.jpg,3b97cf2b52c8f4443befeb3ca64352c2bdcc9c9bf5952129c943b3d628e73789
Tiger_Cat/wikimedia__0096.jpg,0182646f5ba933533bdd2ba8f88085b7138019e5ab3f2a8eff300ad624f7704b
Tiger_Cat/wikimedia__0097.jpg,a6efa2c72ba2d16b7884aa85aee642192ad0f2b44c292d3b7d1c550d6c75aad0
Tiger_Cat/wikimedia__0098.jpg,23f3ba387941a5d8a687d6ac77b526bf1d9c2e6d72ab59bd8ec6f6093a96c518
Tiger_Cat/wikimedia__0099.jpg,acbc658914f28d9b69df9c7b13a4a05c938645b151ca01c52cbec10bbab68c7b
Tiger_Cat/wikimedia__0100.jpg,d5377e17db835bd6d5c4a7740f83da1a96a12f8ed483b12404e7def171436b42
Tiger_Cat/wikimedia__0101.jpg,957fb43fc08cae2b204f94c689aa7a67c16061c6d45932ba0891911a8458b111
Tiger_Cat/wikimedia__0102.jpg,13b3288a46f8b0c23e0c7a6171e5ccff79efd39684a884213287a9fc60f00da6
Tiger_Cat/wikimedia__0103.jpg,e5362c43f3c7416a5010b368f0ff63cc0eac5b89ee72d5de90d32ee8d9e22fe5
Tiger_Cat/wikimedia__0104.jpg,4b9a414fcdcc56d11c1ec9a42a65e064803be6e426bc7a83037351ad9da863c5
Tiger_Cat/wikimedia__0105.jpg,90d27aff46c5efa957b76360a6386b385a6a003bb3723b54afb835a1ec0830ac
Tiger_Cat/wikimedia__0106.jpg,aa22ef1387073b00ff8c9f873e0b29a7f943349e066828fd5d245b49b526bd46
Tiger_Cat/wikimedia__0107.jpg,222f43a224c09f61735e62be5b30e222941f41d65193bf4670d459c8a335b530
Tiger_Cat/wikimedia__0108.jpg,9bbdd792e684c18aaea51641ad7549574e94bc3e0fc1a2e2a91858fc886b4e6f
Tiger_Cat/wikimedia__0109.jpg,127b930ea4111c0b60a1b05eb97b7b26fb4b19bd36b9420d9ce540dfa1fb326b
Tiger_Cat/wikimedia__0110.jpg,43b84daa4f363ba7dcba1912ba8327a35c622da207643fa175de4c8f4bc8d95e
Tiger_Cat/wikimedia__0111.jpg,80a67e0f64bba1a635cdc037e94fb4913952755d7c4e436f63bdd8564f406986
Tiger_Cat/wikimedia__0112.jpg,12a12531b94537689b23b591127d33e235a7cc2ceed78ade13de23c05710640b
Tiger_Cat/wikimedia__0113.jpg,38c4d1a6900ec6cb95cdd7a5cd63dbc3f27dd717dc908202d5a3a87eb3957d4b
Tiger_Cat/wikimedia__0114.jpg,f4fedda0117a070b9a3d15908627a8478dc878987cbee092984020e7ad671f7f
Tiger_Cat/wikimedia__0115.jpg,46d26793b07fc544f75d9be11f24dece27009803f13c8c7b1e0990f654c72b0b
Tiger_Cat/wikimedia__0116.jpg,9c008bfeb3e59d5150e0e9a6e95821c2f6a3cd5a27f1916544caaaa4c04e8ffe
Tiger_Cat/wikimedia__0117.jpg,90d1f9d09a8b5370a7877bc332cd5a8499574991459ac53443620e42c50248f4
Tiger_Cat/wikimedia__0118.jpg,12fa1b626c9fec450ed269f654e12e9f21e0c439b31bff21ea5e56ca58798e89
Tiger_Cat/wikimedia__0119.jpg,67fff4934c41fc7e18149e0db1fc7aeff5d6ecff06b761f189680888953e9ab8
Tiger_Cat/wikimedia__0120.jpg,0ec9aac6c41a4bc444d9af0084ba5cba0dcdde489c29d9e8ff2bffae8b3d3cc8
Tiger_Cat/wikimedia__0121.jpg,bca5a7743175e4a1c6b08ba6da7b89f40dc3cae7ae3a683d63940beebb1ea308
Tiger_Cat/wikimedia__0122.jpg,cd5f33e8f9922a7d7328d11d8fb4461e6db6149757bc55b11673268233977a95
Tiger_Cat/wikimedia__0123.JPG,a2a7ace86c2f7e1b90ff6682cd929bce98f5db50994ab0be001c9564cc683424
Tiger_Cat/wikimedia__0124.jpg,73cd40719824dcb09e0fcdabfda166b8ed9a54372da94c66a7d8a4f6f72887dc
Tiger_Cat/wikimedia__0125.jpg,9f1f94f421c3c2eea986d85826c986ea38a18fe1efdf5858b22bc9432976ec49
Tiger_Cat/wikimedia__0126.jpg,f11a84371e1d6752199d5422562b602d71319691d4e34012a0d4bd711d257971
Tiger_Cat/wikimedia__0127.jpg,ae7a95c31046a75e5aaae745527aaa69ae124d3e407cf1ee6eccedd583def334
Tiger_Cat/wikimedia__0128.jpg,39ef03c69d3abf18f27c1d7f89016fe05c3c7722237cf3338194dd659ced0719
Tiger_Cat/wikimedia__0129.JPG,9ebc24bcbe8af051fe4cde8ec3ad1191ea2a0ecf000338c040b36d8f0a690759
Tiger_Cat/wikimedia__0130.jpg,b48c7ee4a450c2b78b219c6479ef885171399943943b1e7081126aae60cc4fa0
Tiger_Cat/wikimedia__0131.jpg,e207e3abafb62d48534e3b2e5494e17b27da6d727d14d7823e12e0a049b98f7a
Tiger_Cat/wikimedia__0132.jpg,7bc723e5fecb3a4edb8cfcd26ef080e7faa472d62b0631f9eb44c697f2a6eca4
Tiger_Cat/wikimedia__0133.jpg,2f6dea18473d6b378910afede6a1130f5cb1e8ee190bd848519d65e6a71fcea9
Tiger_Cat/wikimedia__0134.jpg,98cbfc70d82922f0712899cf976855187cb923e58879f8eef700e38875552307
Tiger_Cat/wikimedia__0135.jpg,a2d818b265b0548e726bff9246e7f19f24d97ff5781a00851debded80c76741a
Tiger_Cat/wikimedia__0136.png,8b74e0d13ff7eaa3c4297a27070e7286f638ca36790950a8bb38b27b970c3c34
Tiger_Cat/wikimedia__0137.jpg,97b8325bd166ad0b7b61402fe92dfabca047140a2cdd4a04651969b61e2a8428
Tiger_Cat/wikimedia__0138.jpg,5bb5d289b582cd0d4f3ab89dc347cac48c89213cf8e1d30c6c2bffc1b42dc23f
Tiger_Cat/wikimedia__0139.jpg,a220f1db0f16bc42be3a800ca0231cffe1e41e8be0f5756d272fed7ff402163a
Tiger_Cat/wikimedia__0140.jpg,acbd62b55f5e4da9c82332d39bf6736978973fbe8f9ad891dcf13ef4fab0e412
Tiger_Cat/wikimedia__0141.jpg,4fe7fb2e9d1e0ac9d20c2341fb053e99c5dcaf71aca4b773cc0218202e6186e4
Tiger_Cat/wikimedia__0142.jpg,4d1991fcb6ff60ddcd2bca98c7bb52b334eeaefec630ef18edacd4665f5de94a
Tiger_Cat/wikimedia__0143.jpg,fe417ab9110d56e744900cfad2423e2f8078ece2ab4539eeef0695c16d547350
Tiger_Cat/wikimedia__0144.jpg,cb9940c99ed8378f238f574323f920a21f9d1907d6108bdc78446666a212db25
Tiger_Cat/wikimedia__0145.jpg,180dba399a1e2a8524752102efe8926e5bb205d46b0ae78f0f7edf05384eda5e
Tiger_Cat/wikimedia__0146.jpg,06a7bbe014ae2206ad64f09cbdd2074e9e0df39e7f699253117320e675b50ddb
Tiger_Cat/wikimedia__0147.jpg,caf34243cff55e35180979cb79b9519caf7c955449d8291cd51135d508451715
Tiger_Cat/wikimedia__0148.jpg,f6d8a7a37fd821d8b532f9750e259b38a79df4f3d451fa4e6f1fab717e99ed9c
Tiger_Cat/wikimedia__0149.jpeg,4074673a29013a120919de0b4ecde0bcc01f8ea428e69c97bf9140468d874a29
Tiger_Cat/wikimedia__0150.jpg,7121b7b55b7c7c2512290eba88b428471f22ca601d3fa18c7ed6c17353879beb
Tiger_Cat/wikimedia__0151.jpg,1f104d9beba7be6c301271ed54455e57345291a97aa8e4b81f860cdd66ba77df
Tiger_Cat/wikimedia__0152.jpg,d70132901927deb645bbdef81b6a07c6eae5cbb5257d61e4a242f43d8ff8902b
Tiger_Cat/wikimedia__0153.jpg,f6f2e48e9fe4a7e48f0070bf5cc35a0c46b2a56035f7bf8722a9fe1bdba040e9
Tiger_Cat/wikimedia__0154.jpg,0547585b8d0823ff229f8c2bffe3ad799ac3d83b578843ffea47cfafe2ba927b
Tiger_Cat/wikimedia__0155.jpg,13a5ff3553d717b62a8e6aad8852d6e79a1025353b9c8e92d73159ed3f14c8fb
Tiger_Cat/wikimedia__0156.jpg,8827cfd24f4eec4a0c8f82a1087ad6d78fcaceaf5d57eafcf2e0c6ad6fa8b790
Tiger_Cat/wikimedia__0157.jpg,1b1e0d83de6d7103a0f155443f93f2980bdc7064cba9aadd51e99373ff099a7d
Tiger_Cat/wikimedia__0158.jpg,09768395c949a82848fdd485650a890e56203adf71d65881f0a089167f2e71f3
Tiger_Cat/wikimedia__0159.jpg,65cf32df338b3a7f3dab1c711dd2c9786bbf550b2b2ea69b48391f899b77573d
Tiger_Cat/wikimedia__0160.jpg,6861591e68d8756cd070f488caf9aaed22cadab4e79631a370231f2646ae7755
Tiger_Cat/wikimedia__0161.jpg,c6c73e397ec9b063115279cc7bcdf9784b3e43d512a72d519e3456381578b74d
Tiger_Cat/wikimedia__0162.jpg,a0041c9147599d1af16f8a836555fe3595be11d2e7a794d4aa2183c9b95cb1b8
Tiger_Cat/wikimedia__0163.jpeg,7e7c2ec34f338307ad981700461e3aeff914134dde90249f3d24a30f32690992
Tiger_Cat/wikimedia__0164.jpg,2152d1d5d0666b92d31a96857f80d42b3889eff4354436cbe61112e154905a53
Tiger_Cat/wikimedia__0165.jpg,84e9aea88efef3f7af15fc54390b4eec3f2f9c2215bb52863017cdbdd06ee73e
Tiger_Cat/wikimedia__0166.jpg,7625c57bbd8d91e1582f0152988418e090977924b1d4643f3f53549d8ad9d10e
Tiger_Cat/wikimedia__0167.jpg,c98c65fec44bf5ab967e1f635bbf0a883bbf9e2c4947ca5f7f5c1609ffae5d6c
Tiger_Cat/wikimedia__0168.jpg,53a98db6f653b32b55c48b70fab843d8aa65c4bcf5c9eca43dee4e93dd245a8d
Tiger_Cat/wikimedia__0169.jpg,85f38d6ed64cf264f95667d1952d1d60c8c89d0f38c7fd79fae3a5bcf8a0778a
Tiger_Cat/wikimedia__0170.jpg,5fd919e04e95bdb021eef9d5a7c0afa56248a2eecc61d58c1e9fb0d11557d76e
Tiger_Cat/wikimedia__0171.jpg,e4578009749c82603b9fc6b254b1f4eef3845db18ee3cf86697ec51ad23a6345
Tiger_Cat/wikimedia__0172.jpg,a1875be0ee08e5cc71f230c2460553a40dabf8f4ea0725eaca6701d8d1d3d7d1
Tiger_Cat/wikimedia__0173.jpg,1f31c9744eb7ef2624733cf48b88ab011e4165a41b80c173aa37bc6a5800c7c4
Tiger_Cat/wikimedia__0174.jpg,034615100956549411d4a7f6c9e84256c08816b673585c5c86f570bd387eaaa4
Tiger_Cat/wikimedia__0175.jpg,48851d4f9b2b6a7ec25986fab30bdc766e6382a0e456a6c14161c0ed35d74b5b
Tiger_Cat/wikimedia__0176.jpg,77ba92c7383bf490785bfc4eef3f6b8c636b104f6a37023cac779b6d02febde1
Tiger_Cat/wikimedia__0177.JPG,63ac6676743f32ed6717d2836c74ece1c190157dc194c872bfee70951e084168
Tiger_Cat/wikimedia__0178.JPG,1b93a3c1a8ceaa80e9682468cd2f64e198dabd51d91d71bfdf6d5b9e75c368a3
Tiger_Cat/wikimedia__0179.jpg,2ccbe051a9aa81bb1ba0cf8c4d07aa2603da0160704505e995656641adbd8c94
Tiger_Cat/wikimedia__0180.jpg,f4134ef70c4f4badf53befaa9d84fc13cdb86d23af686fcd7158c36f8e22a486
Tiger_Cat/wikimedia__0181.jpg,2c6069cc7ebd8a8ee74d2bb70230c2294ca2490826fd7b88fc25f64b7d38f87f
Tiger_Cat/wikimedia__0182.jpg,034b741f10886bf802e56433de88013abf5d2f76c9379f0bd753571adffcab65
Tiger_Cat/wikimedia__0183.jpg,8a55673152ec1d93dbce55b6447fade9fb462674cd8cfd5d9b3f05cb60ce2380
Tiger_Cat/wikimedia__0184.jpg,9a5c908cc854bfb02bffe409ad51afec9364185c4a05de8cd6c4ee00c4eba823
Tiger_Cat/wikimedia__0185.jpg,18a9fb9f1cddea2495e34363d5bfed8edacaf22851f2a93c833efb1318673e3a
Tiger_Cat/wikimedia__0186.jpg,603c5b3639f0d78a20061284f97c0dc79c12efe2d98ffcf2d22e7773b50a1bdf
Tiger_Cat/wikimedia__0187.jpg,66fe6b2ed62f6e9747af5bbbcba01daef933cc09c11df485b8b6b664270aeae0
Tiger_Cat/wikimedia__0188.jpg,e69c719ef2e0d2fa94edf15c2cb1df63bcf6a70fe0be1968796659b38b3392fc
Tiger_Cat/wikimedia__0189.jpg,c610c30db71bd12ca07b4626764699efe5a7ca44716d972811dd3cb67c2cbd55
Tiger_Cat/wikimedia__0190.jpg,db1253a21c3fb2baf14e6516d5c22edee5c0711d129c0620745b02e84074e93a
Tiger_Cat/wikimedia__0191.jpg,e3d34ad2df780df44d45a61da54f4d91059b1bee8f1142a33cdadc6e59fc3875
Tiger_Cat/wikimedia__0192.jpg,0c86c53108db0c67c22a25061b6ccc9bd095cdafe9bf849336e640c5a67a7a45
Tiger_Cat/wikimedia__0193.jpg,cceb70415a6d8bf711f60075e9110ebc8d38ae4adc11ee5cae7f6ac8639a6900
Tiger_Cat/wikimedia__0194.jpg,ea7586c31a5635bfd2c9aae7f21b2a904ce66b7da0140aca4515b79e4aefd08e
Tiger_Cat/wikimedia__0195.jpg,815ff286bf6f6fa8f7d9caff637f1f7193c0a3ac328589d3a2a310dc644377a8
Tiger_Cat/wikimedia__0196.jpg,b188281cc42dc6fa790e9732ddee2e58618561346ae1cc5f87cfc113ae6ed452
Tiger_Cat/wikimedia__0197.jpg,d76205354618a938476aecdeb1e7e0c77fc4dd5b9d1d072421cc7314758833ec
Tiger_Cat/wikimedia__0198.jpg,a66e1e798d4a3e913b2d59fb91055205dd8c1876a50941593211aba7576c55b6
Tiger_Cat/wikimedia__0199.jpg,e05d997a5f562db3e4b19d78fdf26dbb681a75236adf44dd37f96826f74a7bf0
reject/reject_animals10__Butterfly__animals10_Butterfly_00001.jpg,cde15855090e2c811a35240803fa3c01ef99292af2d3d8bfd42e5f38c9833dfc
reject/reject_animals10__Butterfly__animals10_Butterfly_00002.jpg,5a68c78cce88f95414eab293228c0551e8ab06c92f91e61c64dbd35ab8a6d625
reject/reject_animals10__Butterfly__animals10_Butterfly_00003.jpg,305944a6efe061790fb6727cd47417b87e149969cc90b1b6487aad14b39e317c
reject/reject_animals10__Butterfly__animals10_Butterfly_00004.jpg,3f4a36c6ac2c5899a5de2c6bdfd8e78a062f1f23211ef1b5d7aa4d83246fbc7b
reject/reject_animals10__Butterfly__animals10_Butterfly_00005.jpg,2b3c79d6060c6a77af2fd1f4eaba3e10877cb7db6cb406f9b6583a82af7f1a9c
reject/reject_animals10__Butterfly__animals10_Butterfly_00006.jpg,d95cf66aa8c6f12b154193e98a62e98516d30faa36f6fa0d356d03b73103e1fe
reject/reject_animals10__Butterfly__animals10_Butterfly_00007.jpg,26edc3a43eeae3350e6708aab4591fcfd5916c42a187f9d8bcd6bfb9c890fdf1
reject/reject_animals10__Butterfly__animals10_Butterfly_00008.jpg,8c2f2bc9ffcd1088f91035cadde417751f80ec90a1cae8ff163ead7a3b1ef2ec
reject/reject_animals10__Butterfly__animals10_Butterfly_00009.jpg,8b4615fbddead447e138ea04113aeffaf97899cf920d41413f77178b3eb23f52
reject/reject_animals10__Butterfly__animals10_Butterfly_00010.jpg,cc9880fb5d0fa2e4a3e8eb46dcd39ac89694dfc4a608fbcb54d24613c783b5bf
reject/reject_animals10__Butterfly__animals10_Butterfly_00011.jpg,63b17c989c3a1024ef8f336f634bca946492e0855782e4e727ae9ff148997bf3
reject/reject_animals10__Butterfly__animals10_Butterfly_00012.jpg,f604081d302fa79d616afc96e16307f245654822de4748e28a0c0f3f62a09ca5
reject/reject_animals10__Butterfly__animals10_Butterfly_00013.jpg,0df73dd9693f538b32a34295ba3276afdf74adfad37acf06e851804283dcfe7b
reject/reject_animals10__Butterfly__animals10_Butterfly_00014.jpg,beaaeec4ec3e438ec94afa714776fc5b1e01e4e6c06a033a0032da0bb9669433
reject/reject_animals10__Butterfly__animals10_Butterfly_00015.jpg,90b7f36fccbbce2e010a909cf5521172a35f642394d0759585a96ac8cc662177
reject/reject_animals10__Butterfly__animals10_Butterfly_00016.jpg,3cf738c1946a0ba89a7e24b96a1352b932f0faed7dd06bc77ef88b3bef47d6f9
reject/reject_animals10__Butterfly__animals10_Butterfly_00017.jpg,1e5ff8fb7328e32271b9dcac8bdaa7233b5ae4e1257b90e2fc47395c8889a533
reject/reject_animals10__Butterfly__animals10_Butterfly_00018.jpg,9250742d1f461005a04590b601b4de90740baef456bdda90f811a06d919a0925
reject/reject_animals10__Butterfly__animals10_Butterfly_00019.jpg,e6ab6d88c43bfe424f2c90868d43818702165f5fb642f2784a669baf86c4c35f
reject/reject_animals10__Butterfly__animals10_Butterfly_00020.jpg,7aaa620dd97d1090eff509a0d19975e57542dcd5a8a203068f0278a0559adad1
reject/reject_animals10__Butterfly__animals10_Butterfly_00021.jpg,be7cdc4aa3faa9d1bb047a3ec84165dcfd75d6f6d1ec02cf0b6794dbc2987a65
reject/reject_animals10__Butterfly__animals10_Butterfly_00022.jpg,f4a44a9349237af9d250e9efdef854625ba3131f9de7683319267a25366d4689
reject/reject_animals10__Butterfly__animals10_Butterfly_00023.jpg,43838aabf75340a28cd177ee2eab4dd69b976209e6655cff49c76ad2c97a8324
reject/reject_animals10__Butterfly__animals10_Butterfly_00024.jpg,92ac41e8075fc6b52cf0b95847a47d88e21a1cd79f0fa5c3d2189a4dd889a838
reject/reject_animals10__Butterfly__animals10_Butterfly_00025.jpg,ac78275a14cf58d1fc1fd824f23e9043ebdd41dfa7335ce80673437f66c68009
reject/reject_animals10__Butterfly__animals10_Butterfly_00026.jpg,1541eba2ec292af9a1e908836d8f01155f8057ed3945ccdb6cafdbc8f8398ed4
reject/reject_animals10__Butterfly__animals10_Butterfly_00027.jpg,01fbe725c45b21289bdb1667cbbeb5995210fb476beaf8bddf545d8d1b082178
reject/reject_animals10__Butterfly__animals10_Butterfly_00028.jpg,cff75e6a496acef75c84a3067793ae04e3f02db8da1cae0fe0d097c0db581aa7
reject/reject_animals10__Butterfly__animals10_Butterfly_00029.jpg,52ab4cde5ecd3dd7697f2535deed4abbe87a55050f9a4d1a6411cc5a2da2f669
reject/reject_animals10__Butterfly__animals10_Butterfly_00030.jpg,2c984f63956fd0ee3022412e74e7519d86356f25f040810e497f0379e111904a
reject/reject_animals10__Butterfly__animals10_Butterfly_00031.jpg,2e9cc82f84be5129ea4b8f5ccf989916c43f154a5b87eeb7a5aafd5ad451fecb
reject/reject_animals10__Butterfly__animals10_Butterfly_00032.jpg,4be8517ac5f8e417727f7a8709dca7e1f1bb6c43516df2f7679f6540a9fac64a
reject/reject_animals10__Butterfly__animals10_Butterfly_00033.jpg,8e31ee197f76330fe0ff5ce51578a41cb82e1033e0c56cd921a0145531e0d421
reject/reject_animals10__Butterfly__animals10_Butterfly_00034.jpg,ac97958a14234dafd0cbb9046326b245e65346f1f661bd97f4087d77a6736108
reject/reject_animals10__Butterfly__animals10_Butterfly_00035.jpg,b21092c9b3ee99c12af0dd23fb8191e8f166914fae33a07b129c09d20e6946bf
reject/reject_animals10__Butterfly__animals10_Butterfly_00036.jpg,159004dc867ee10cb7377b5956f3bbdac0502bc050a492ab3a7f1968deef65d6
reject/reject_animals10__Butterfly__animals10_Butterfly_00037.jpg,322d965bfe1d2e7acbb16beacbd84c3f07180b8fd3f0b260b037b5cf6aa5e430
reject/reject_animals10__Chicken__animals10_Chicken_00001.jpg,0d56155b9c92eefc6140b8a728d43be0aef8cf8dfe81c88bbf51c1713e34facf
reject/reject_animals10__Chicken__animals10_Chicken_00002.jpg,edb62c26beeaeebf1811e117bc042478bf3ec2c411beba844b6eec4ef8116447
reject/reject_animals10__Chicken__animals10_Chicken_00003.jpg,f16048c65036964426375b4782584a69a9c46114721893819f792d697e94cee3
reject/reject_animals10__Chicken__animals10_Chicken_00004.jpg,ba66d9885793e716997db4d430cc8d18e131a4c4197a2281cd0f164744df1e2d
reject/reject_animals10__Chicken__animals10_Chicken_00005.jpg,d168ab00e3138e01d6d321bf7dbba29ec2546f05da766f65a9a810f08930ac36
reject/reject_animals10__Chicken__animals10_Chicken_00006.jpg,98756d67f56440290316b3056df98a2d6020cdc0c4343e1c429255336bca72b3
reject/reject_animals10__Chicken__animals10_Chicken_00007.jpg,f3a680990c02aa926bc7850fa832e4cb6f62742d8ceba69062847300664d3d40
reject/reject_animals10__Chicken__animals10_Chicken_00008.jpg,6e3066ab909972f5866274bd8dfa0c7c89a1dfdd3515787b4e06b2df7f924cc2
reject/reject_animals10__Chicken__animals10_Chicken_00009.jpg,697199eaa8560e3363c9c6d89ce78edd639dfeee6a9c80f9159327f8a0393c9e
reject/reject_animals10__Chicken__animals10_Chicken_00010.jpg,50636f31c81d901dbdfeac7a43ed497c8d1f65b465e6f19b5d4e659a83cbdb06
reject/reject_animals10__Chicken__animals10_Chicken_00011.jpg,be3a65113dbcf6b7ca3236c1f9e78ea83ced1547a72d860b3f9db44887f5e834
reject/reject_animals10__Chicken__animals10_Chicken_00012.jpg,7f7afb5a75a1e6973e51abbd7db4b81172653b2ed703de7cc7c77d7585ae56ae
reject/reject_animals10__Chicken__animals10_Chicken_00013.jpg,e45bb7181aa5c24bc998fd7287ea80c9b3ca1c48b5e25647d873c36f766d9665
reject/reject_animals10__Chicken__animals10_Chicken_00014.jpg,5385a959ded0fd36159d2950656762b213276d77f910120572c0df2704f401ea
reject/reject_animals10__Chicken__animals10_Chicken_00015.jpg,6af9b680bc08716af594d0dfa5130507cb708d4c00067c7484b84ddc978887d8
reject/reject_animals10__Chicken__animals10_Chicken_00016.jpg,75602207516b3340c3e1f6a782dd65b8991c3e5d6080dfadde11a3a6766a73ac
reject/reject_animals10__Chicken__animals10_Chicken_00017.jpg,a4f089e4327dc44012990d714c7cb018185c3d2414817ba5585b9e3e47abf38c
reject/reject_animals10__Chicken__animals10_Chicken_00018.jpg,bbc8cea101eee333d62199968f4b66ad7e697e9553145572d763b4ffa583cf11
reject/reject_animals10__Chicken__animals10_Chicken_00019.jpg,bc4e279a4ef581c808516ffd7d89992d9c134e3b4a554bcf86a320d17c31a5fd
reject/reject_animals10__Chicken__animals10_Chicken_00020.jpg,5bf53fd6a32ba477374b05fa170b589308e5aff4805fb3127d8ee37e059b2627
reject/reject_animals10__Chicken__animals10_Chicken_00021.jpg,7be16e25f9dba3e7f6d046f91e16839beebe8deef27a3cbe675888eab0a42075
reject/reject_animals10__Chicken__animals10_Chicken_00022.jpg,ded582fc5dda44cba1d4bc3e1c3809d24e25d02ce7d173e666d4a18b2088be0b
reject/reject_animals10__Chicken__animals10_Chicken_00023.jpg,4bf6773373f85cd16e922fcd47bd2f4b5d2e7ff80104a970fd5aa63b163516b8
reject/reject_animals10__Chicken__animals10_Chicken_00024.jpg,e8ac264adedb4707d90ec9d8549a1b4edce9235050f1cec34366d5220097f14f
reject/reject_animals10__Chicken__animals10_Chicken_00025.jpg,1584a8874a222f6a8a7dae5d01c68739460f7123ab2c360aa0b31b29d28fc856
reject/reject_animals10__Chicken__animals10_Chicken_00026.jpg,24aef65a350c3b521e83bffa6483a7a37405f46ba6f89cbc8048db762812e961
reject/reject_animals10__Chicken__animals10_Chicken_00027.jpg,bec47d61b8c531af2dfbcd1262a24541be61cb66584dd671e6f2ab6beddb86a6
reject/reject_animals10__Chicken__animals10_Chicken_00028.jpg,bb7b39c78ccc8e313613942f592b5b117e063ef87a3e9caff521016561ee76bf
reject/reject_animals10__Chicken__animals10_Chicken_00029.jpg,d1dc52f84aa4283553658c673a3824ce221d86b003ada19244d04622b37af555
reject/reject_animals10__Chicken__animals10_Chicken_00030.jpg,19f2e2347960acdad5dfb475160d131c88cf988323373e4bfdeabb054d9d6c49
reject/reject_animals10__Chicken__animals10_Chicken_00031.jpg,3f1e73ff200f32781b29b514bc86f1e9fcf1595c18d79cba7b08f8e895da90a5
reject/reject_animals10__Chicken__animals10_Chicken_00032.jpg,ffb7a56de27c5e17afcf6cf65b5ca83bf73f20608f4e8d0a42f9cd1cca986067
reject/reject_animals10__Chicken__animals10_Chicken_00033.jpg,beb8018576189e70d9841221049dd9ce9645b4dcf43667509e30a53ee68fd036
reject/reject_animals10__Chicken__animals10_Chicken_00034.jpg,63b99401c4ef32c6e509eed2b8cdd1a424b1d969544cdc631784cd9dfcf81ce0
reject/reject_animals10__Chicken__animals10_Chicken_00035.jpg,4c1edab6043173003d2f4451ab2d4601f89b4cca30998eb7657f512f9e826600
reject/reject_animals10__Chicken__animals10_Chicken_00036.jpg,7095a368f95c53f77804d72bb136c73b956270800dfa44d28790db09c4bd0df7
reject/reject_animals10__Chicken__animals10_Chicken_00037.jpg,a46723bad4e17732de02c241e1879f5268d234fa5490f4f2539c92a816f83533
reject/reject_animals10__Cow__animals10_Cow_00001.jpg,b904355fd5f7685804c4837edc8a5b53c9ccd36ab8b0d8163e69b1016c45bf7d
reject/reject_animals10__Cow__animals10_Cow_00002.jpg,c7cc4d7dc8449b523e4eac6a5f7166c2416de62ba095cb17a2e9e7065bd85b59
reject/reject_animals10__Cow__animals10_Cow_00003.jpg,f337eb913bf2c857af81f12026e14d1a2dbd3150e36326223fe463d52a4c68fb
reject/reject_animals10__Cow__animals10_Cow_00004.jpg,bede681c28b69cf339f30c5c9cda678665c2041bb32bcb20f959e526cc863641
reject/reject_animals10__Cow__animals10_Cow_00005.jpg,33c342402d10a4ecfca285d5c74349d045d7e9eedc8250ef02cc333ba0a86ec8
reject/reject_animals10__Cow__animals10_Cow_00006.jpg,7c8ff42cf4173557bcd7388096f4cb9dfc8e996517145979ef527a293459cebb
reject/reject_animals10__Cow__animals10_Cow_00007.jpg,b21c0dca7476c2a1a46034a7a8187d27412257eeb7f4c690144236a6c6ef9eff
reject/reject_animals10__Cow__animals10_Cow_00008.jpg,f363156e53a0b92ccbbf8b3c28a7228cb5c6d30c0a4c323b8771886bd629640f
reject/reject_animals10__Cow__animals10_Cow_00009.jpg,01b5b90c8061fb70f17574080a9ad2828ffbd9b8d84ee74e9728e7e8e8ee5927
reject/reject_animals10__Cow__animals10_Cow_00010.jpg,73d0aefa3944dfe7fe703cfae4d4a5d8de10ad1012e4edb491ff200508ad26d9
reject/reject_animals10__Cow__animals10_Cow_00011.jpg,a84c93b74fe0c28104d36e232ca1815181d73721cc10d6be58bbb8dd435302f5
reject/reject_animals10__Cow__animals10_Cow_00012.jpg,b5b1fba704aa147873ad214e0fb9e5b1e245cdac6180baa1fa49180f433d72ca
reject/reject_animals10__Cow__animals10_Cow_00013.jpg,261d887af9be2759eb0306c2747dc841a7c9a059630c8fbc61238ad0eb778ac9
reject/reject_animals10__Cow__animals10_Cow_00014.jpg,a2b8d13d1247825b407b43861bbb52d594f9778d6faca1af709ec2fd0e855cb6
reject/reject_animals10__Cow__animals10_Cow_00015.jpg,1b5fc59c47f93cab89211aa90529dd2e800901c0843aa7bca1cbecc46130bef9
reject/reject_animals10__Cow__animals10_Cow_00016.jpg,d24ea159136294f9fc494d7c78ce91b61372c877901ee0d18e0228ade88dcc4c
reject/reject_animals10__Cow__animals10_Cow_00017.jpg,c04a0ccb522a8d4a69b57b9062fafae49471810003cfd4d3c51aef00e3465186
reject/reject_animals10__Cow__animals10_Cow_00018.jpg,34b2f19b8beb711f4c77b1e5b37654be48655fa09c8ca9e942b0e14747ae5661
reject/reject_animals10__Cow__animals10_Cow_00019.jpg,e05ac06f7ebf923f2cb5771dff5e9dd0cd687bdee30c442defd0281e50c4d45e
reject/reject_animals10__Cow__animals10_Cow_00020.jpg,6a4ff28aec00eed635158b96a467434e917d2eed6146382d3d65ee32f8dec5b9
reject/reject_animals10__Cow__animals10_Cow_00021.jpg,8e3ff1aaf0baaeee6661bb97f40134253a34c8b84ef5554bc92d236f1858a70e
reject/reject_animals10__Cow__animals10_Cow_00022.jpg,6c2d25493fe966045250ad569de73a7374492063c859709893d95852eabd6ddb
reject/reject_animals10__Cow__animals10_Cow_00023.jpg,064ebb22be65a4254b1b85bb5ea139bf03233a4af6bbc06a9ed6fa4dbb675e33
reject/reject_animals10__Cow__animals10_Cow_00024.jpg,996caade8ccd9f43baffb82b900bde7b944720834f0d06b5dd703bdfbcdb02a2
reject/reject_animals10__Cow__animals10_Cow_00025.jpg,135a1e7dbd7c6999804ceed558d6c2330677158f4ae21a05ba38b982477d2732
reject/reject_animals10__Cow__animals10_Cow_00026.jpg,3fcb9864650f12255f3ed8d8f98c8a4f399834736fd3369e56d9fe8b0d00ee80
reject/reject_animals10__Cow__animals10_Cow_00027.jpg,df68bff76bf80f0ed182e4d021aaebc15ab57b33e595ba10b6b8b519e09b34cb
reject/reject_animals10__Cow__animals10_Cow_00028.jpg,46c90250cfae8fa35e307d3e3d4a6b2a3df9aedb0a179cce1c74aeac89b53702
reject/reject_animals10__Cow__animals10_Cow_00029.jpg,419b91bbf6dbd1aec556f6213bf50637c5ed34ed629844a2903a43315f79e5b8
reject/reject_animals10__Cow__animals10_Cow_00030.jpg,c61c58431a34f79fad710c39a926b0a98eb90d7e8271768cec3231ea3d94717e
reject/reject_animals10__Cow__animals10_Cow_00031.jpg,587a3becc1593e50b1a902f0b4c01fa869da5c0f2e7b75751f4d5aacdeb3a95a
reject/reject_animals10__Cow__animals10_Cow_00032.jpg,6dd61242ae1d5275928fca81e7430fa482330ae9a507868c9f0459ca6695a7ef
reject/reject_animals10__Cow__animals10_Cow_00033.jpg,71f0f69c6c87d704475a813b1057cef38b53e805272f28d22db9c009e4f5d2c8
reject/reject_animals10__Cow__animals10_Cow_00034.jpg,fd134f18d4adee33ded3b19043a9d972f77f6a660f27151f4c7ddfaf98ea40f0
reject/reject_animals10__Cow__animals10_Cow_00035.jpg,1d6b10b953d42a721b4a3b8dddab5e149eb341b6d32e769f1a0a1a8b0f7ffee0
reject/reject_animals10__Cow__animals10_Cow_00036.jpg,bc7875d62e68280924c17e9e5d5f2cce777955e0d720168ae13f7e67f305508a
reject/reject_animals10__Cow__animals10_Cow_00037.jpg,a8e838849f597d0f2e9ce6781cb7e74105f22354aeafe93b3c6f9d53a4047dd1
reject/reject_animals10__Elephant__animals10_Elephant_00001.jpg,7ac8e81f36847e55f8e61fed13d473d37dba30df638ce4520fc265db4b3d4304
reject/reject_animals10__Elephant__animals10_Elephant_00002.jpg,71bce997ed4dce017c7e17dfed560f02484342b71b4f3ec6847d3c0937b04977
reject/reject_animals10__Elephant__animals10_Elephant_00003.jpg,f0ebc29f338144fe4c5d928bf9cc3b84c7a512f984866a9670ce7f5b847f378f
reject/reject_animals10__Elephant__animals10_Elephant_00004.jpg,ef7dce9906259e548b1b6484040af9173129eece578af18305ff058075fdca29
reject/reject_animals10__Elephant__animals10_Elephant_00005.jpg,9c9e8ea592ab1d5905f318f1ac7a70ca0c9df568e3859b6b7109be29ec9535d1
reject/reject_animals10__Elephant__animals10_Elephant_00006.jpg,9a4f3f5585ab377cc2ce515cebe71d6a79f2ae8058d681f87e5602dd4d85d9f1
reject/reject_animals10__Elephant__animals10_Elephant_00007.jpg,1e8fd9da1d1b71f46cefc7f54d96a8eb9d2e5d43e303b8ec0939b451d11d8087
reject/reject_animals10__Elephant__animals10_Elephant_00008.jpg,5e261c4408928f81e4f6a6e27fcf41aef09d1bc09b41c2839cebacc486f13020
reject/reject_animals10__Elephant__animals10_Elephant_00009.jpg,e895d1740353778dae3c1a661fa0fecee217e36a549f6e12bec5db5978ca5a7c
reject/reject_animals10__Elephant__animals10_Elephant_00010.jpg,069c0c312df8ecbcef08bb3e1b5f069055d1eb7b650b6f1253ac91b233fac925
reject/reject_animals10__Elephant__animals10_Elephant_00011.jpg,c245fc8df1b24c70f6b3812a443f8a7b40766875bdb035f06e5c02f21bdc8c03
reject/reject_animals10__Elephant__animals10_Elephant_00012.jpg,7e32466682e36ed4ba6a724e2e59ba3599769614a5cca75248a23d77d68b0e50
reject/reject_animals10__Elephant__animals10_Elephant_00013.jpg,137da732d94b4de1f13dfcbc7e1a25321c6023894cd0b1a01e68c4e8cb7ee06a
reject/reject_animals10__Elephant__animals10_Elephant_00014.jpg,ee6376cfcdbec881578c7da1b6d3e41c9b098e05f19a39a6fd34adbefb030095
reject/reject_animals10__Elephant__animals10_Elephant_00015.jpg,76b6990e1a3a74c4f79fc80bf17561988a938a411789700cda46ffe33a8d380c
reject/reject_animals10__Elephant__animals10_Elephant_00016.jpg,ac3ca7099ce042ee83471144589a5022b69e86ef898d317d184777ebc9671b87
reject/reject_animals10__Elephant__animals10_Elephant_00017.jpg,32714fb157e08c593ce0cd50ea8c30213cd61cccd7a91aa1c212af197359cf42
reject/reject_animals10__Elephant__animals10_Elephant_00018.jpg,313a030f3002af040ef45d1e795c39200397d7f3f320227e0ebe2065c28415e1
reject/reject_animals10__Elephant__animals10_Elephant_00019.jpg,6f9baa34d22e5a5c03a0c24426ba4b05e9bf2c7bad12951ab0c4a3e9cfd35e34
reject/reject_animals10__Elephant__animals10_Elephant_00020.jpg,42015919c5ff35a9e731777c7f2cab39d74fdcc1365ecb7c620f302d6ea9cf1d
reject/reject_animals10__Elephant__animals10_Elephant_00021.jpg,de60034a351e910993dd1c61a60c7bf69d78d872e0260861a732fca2e2bb8ba8
reject/reject_animals10__Elephant__animals10_Elephant_00022.jpg,a34986d6408d908524895b81db881f147dc638413053b657bf7203e8c19bca12
reject/reject_animals10__Elephant__animals10_Elephant_00023.jpg,ce932ad377dc02818153b8f9b2609184ed00276482695d71b9d565bff181f5e4
reject/reject_animals10__Elephant__animals10_Elephant_00024.jpg,56797713b0975d0b10c1350ae6a1269d9fc6283abfd85f4cd2518da0d2c311bb
reject/reject_animals10__Elephant__animals10_Elephant_00025.jpg,cb11502ac453bc7255c25213e67c7fd7870ac0040997192a819c9169566ce36e
reject/reject_animals10__Elephant__animals10_Elephant_00026.jpg,060680418e6d9cc0d0e90bf14f30823374a3e61ab2ef5509c29506fbb4b4bec8
reject/reject_animals10__Elephant__animals10_Elephant_00027.jpg,b4a52c8521b49aa502423cadc2a53ebdae3be5b0dfa9c27d52bb5d9b5bb20631
reject/reject_animals10__Elephant__animals10_Elephant_00028.jpg,7378040c4bd07dfadc79d798a3e669f545801bcdfbefb967e343dc6d4afde03e
reject/reject_animals10__Elephant__animals10_Elephant_00029.jpg,ef0302262b7641d61f21d6ab1bfe8ea9301b4fa9d483dbb2f4c07e2fbf454947
reject/reject_animals10__Elephant__animals10_Elephant_00030.jpg,a3b67ce4c571034e6a6b400bb55b6775be27daaa33ec6c6782c0210bb668c747
reject/reject_animals10__Elephant__animals10_Elephant_00031.jpg,cc5596bd7d9127599d00cc9e4b3577a065a3dbb0cd0d50535b7668e15c7b21cb
reject/reject_animals10__Elephant__animals10_Elephant_00032.jpg,e15fd0af4d8195fb1273e5bbe681841557af1769d9d24a4781a2fdf323c54824
reject/reject_animals10__Elephant__animals10_Elephant_00033.jpg,17c05543d0e5d54ecd95ce5570b669dca24dcb532bb24f6351e3e17da2e4a8a7
reject/reject_animals10__Elephant__animals10_Elephant_00034.jpg,82f9b561b4fdc65ae22d952c3094e75a0d2769a3a9a71bffd51cf1c1c572b7c8
reject/reject_animals10__Elephant__animals10_Elephant_00035.jpg,78a56de8e51cf98c2405cfc55422c9003445887342a1ea5a03b64d90e3f42ed8
reject/reject_animals10__Elephant__animals10_Elephant_00036.jpg,09de59df9c71606fd3bf863d006b11cda4f3c3370998dca255f8ebf9ec479612
reject/reject_animals10__Elephant__animals10_Elephant_00037.jpg,b798c0bf2a6f94b7d97ba70f6e184d8276f9873c6f6381b09123bdadf9647583
reject/reject_animals10__Horse__animals10_Horse_00001.jpg,5a97010361a71a606744dbfadaaae2332234a697eaa9b885c610908ec2ac2889
reject/reject_animals10__Horse__animals10_Horse_00002.jpg,c8304c620d9a4ba8ab53fd2d30872d4a252461c700c8ce2e22ee51a154413dc5
reject/reject_animals10__Horse__animals10_Horse_00003.jpg,04d4c047ca9ee6445cf697cd3bc0e70cd5c3c8ccc2f22b1345f29a277a951e90
reject/reject_animals10__Horse__animals10_Horse_00004.jpg,74559f761d9e247dc7027a89d69d7fb2876c54860f642222bbfc482b3d9e01e9
reject/reject_animals10__Horse__animals10_Horse_00005.jpg,8381b5f6f40d5cc128b5923e6e24e24e280cbe767a8b1ce4622180c2677feda6
reject/reject_animals10__Horse__animals10_Horse_00006.jpg,37c82452f3acbd40ce18f005011dd6ecbe0b4a7e06dbb8dd1f6e8d992355cec0
reject/reject_animals10__Horse__animals10_Horse_00007.jpg,fa0694295a6950d732b84d2302aa228ccc8e7b850656853dfc51249e4b6cbbe6
reject/reject_animals10__Horse__animals10_Horse_00008.jpg,80b81c54b6fa91d2694794b95f35d11daff59dc6811ccc765c4ba8e71d51b7f1
reject/reject_animals10__Horse__animals10_Horse_00009.jpg,9100252fa8ae117fb392d106d8fb0a7693de67e76e07a89a87616a382b9eb5e3
reject/reject_animals10__Horse__animals10_Horse_00010.jpg,94f2ba73f78a0f17724efcf9a778fef8834cc08712863e59caf1d663463d244f
reject/reject_animals10__Horse__animals10_Horse_00011.jpg,55a0b6d6a7dddba1806c9e5e2b8909e8da99c52d40891b22374ae874523c385c
reject/reject_animals10__Horse__animals10_Horse_00012.jpg,324458a197bc5d676f11879f70cc18bb3cd27c55fc9125bf52d80b6cb3158f81
reject/reject_animals10__Horse__animals10_Horse_00013.jpg,e9c4370ad9abb77500086a1e9663ed5833f007d60fc45682ec4b5898f5b20258
reject/reject_animals10__Horse__animals10_Horse_00014.jpg,56438d09d7432a5aa2412815f749077b973acc8ae16b7da5287ad73e0082be2b
reject/reject_animals10__Horse__animals10_Horse_00015.jpg,c68e994b2791f9321b236865ed876da488566bc4ef36f9e52b717f2c486adfe5
reject/reject_animals10__Horse__animals10_Horse_00016.jpg,6957a2700d208ea197497e233d9b15779d87c95c0a4d5c547f0f05cd539bb9a7
reject/reject_animals10__Horse__animals10_Horse_00017.jpg,6afa3e8de40f2174ae5755bc4b9c5fb9e67534896e32a6e5ecf3400c43f8725a
reject/reject_animals10__Horse__animals10_Horse_00018.jpg,b90d6847e64441cf3bc1cabc521c0f8dace1fdc3edcdf2cbe1966d9a6f4b5888
reject/reject_animals10__Horse__animals10_Horse_00019.jpg,92458b1df76b9724cee5696d182632e7ac572045562bda7efb99a2fed0bc88d0
reject/reject_animals10__Horse__animals10_Horse_00020.jpg,61b29176387b71bb87997b17664c5be6a9ef9dba0b0b8ef90ca8ea86cc91576d
reject/reject_animals10__Horse__animals10_Horse_00021.jpg,197a65e407313e49882398f26c170583a0603603767341693953fea6a90724a6
reject/reject_animals10__Horse__animals10_Horse_00022.jpg,940e6d65a6faa65673e377e8bf7b089ab43d151651142bc1c9525256067ea4fb
reject/reject_animals10__Horse__animals10_Horse_00023.jpg,bc9b7d8e53a6fafad8a12de7be89a76c846ed23766e27a6f0d4a1cc182508033
reject/reject_animals10__Horse__animals10_Horse_00024.jpg,b981c43e48902b9b19cd0783883e7a7fecfce252c0c0cc3c3a5c5484b8310878
reject/reject_animals10__Horse__animals10_Horse_00025.jpg,82028b78fe2853a0a908c7ffd77a0c0ee2bfbf467010ccd9472e457125370b80
reject/reject_animals10__Horse__animals10_Horse_00026.jpg,de67a66669842f345c80af108efd155d4d691f7a0b3613572bf0a1b519df7e8f
reject/reject_animals10__Horse__animals10_Horse_00027.jpg,329fd34f5b9d427b28f035edd05102e17dcaef8af9cfd13925edd9a72fb720a5
reject/reject_animals10__Horse__animals10_Horse_00028.jpg,a732228d2cbf32b764996e5f2c269f89254b3ffa352d4956f07785778e3a19a4
reject/reject_animals10__Horse__animals10_Horse_00029.jpg,6540d961902470500515f9062ded626cc0c2a3d4487c3e498ad10d903dff7130
reject/reject_animals10__Horse__animals10_Horse_00030.jpg,ec0a1b38f94cdd4f116592816eee51c6a8e2d00b73064eeb19521334eda68678
reject/reject_animals10__Horse__animals10_Horse_00031.jpg,904d1813cf70b8d0a5bb190e7a1e356f2c93aa0ea8381c1b2e3c821d0c0a50fb
reject/reject_animals10__Horse__animals10_Horse_00032.jpg,cf5197162d127a38990a29f8634ca1e28b534fae8d7dbc9d9df9d5560e3f36bb
reject/reject_animals10__Horse__animals10_Horse_00033.jpg,1fa3bdb8e0cdc4d30ff0778744705f11ca1bf463b952179185a24904382e9665
reject/reject_animals10__Horse__animals10_Horse_00034.jpg,c261360ec600f967dea4d9593a07f4dec9cc28c07f40406a7321448de21408af
reject/reject_animals10__Horse__animals10_Horse_00035.jpg,50cfb66709c45479b1f6eeba00d952a92cb0425504d2b34fab60bb5d734f1408
reject/reject_animals10__Horse__animals10_Horse_00036.jpg,5346317e30b042851cad19fd35b8cbb9d2fd6850bd8dd55a68fdd41ab8dc15b3
reject/reject_animals10__Horse__animals10_Horse_00037.jpg,47829910d2bfe8e787598bc95dc789ffc5e05cbccbccb86f8e8ea0949cc41a80
reject/reject_animals10__Sheep__animals10_Sheep_00001.jpg,a5367f8dd6cb7cd5fee8ddb461ebed5165971d59c530e8ad3a45a8f750b44978
reject/reject_animals10__Sheep__animals10_Sheep_00002.jpg,b5548231f9864425eabe26e74ad9c2c95956c9b9797cabbdbb5fb27bddbbf0ee
reject/reject_animals10__Sheep__animals10_Sheep_00003.jpg,5187c23bb1e0cf758c450ce58367cefa15be781a5400ad24644279703b66f4a7
reject/reject_animals10__Sheep__animals10_Sheep_00004.jpg,c085183b85b7ea6b76d9efe7dd9b320ebaf6d76ccb54820f7d8e21e5ffc8caad
reject/reject_animals10__Sheep__animals10_Sheep_00005.jpg,41f0f6eb56519a2406f4f2bda5d732784fd33a86564e91d776d4a2ecd58e50dc
reject/reject_animals10__Sheep__animals10_Sheep_00006.jpg,a157285db261b09fae3da4228bbdaa46da923b17a8e26c6aee1c7b06d7447edc
reject/reject_animals10__Sheep__animals10_Sheep_00007.jpg,59fad571d32f95c2f23528f06df258de2998606a039e3e006066883df214788e
reject/reject_animals10__Sheep__animals10_Sheep_00008.jpg,8efd5168497fefaf3cad139297eb711a28a5ac281917452b3324dc0af9687cc1
reject/reject_animals10__Sheep__animals10_Sheep_00009.jpg,660b0155d26e7271b1ef4f047439b40cbeb6161630c96e2c148e8a85e6335015
reject/reject_animals10__Sheep__animals10_Sheep_00010.jpg,023503cdfc45ca193bd3b4b6a44847bdd976412a9fb11755efd41ebeb1563ee6
reject/reject_animals10__Sheep__animals10_Sheep_00011.jpg,254f952a23d006c67e50615721aabc071951d3cc43f53e9a7887fd5cf5cfdc19
reject/reject_animals10__Sheep__animals10_Sheep_00012.jpg,46888371c24c3d1ba7f57fdf48c0d435b1672a1b5c1010e5a35ba274350b42da
reject/reject_animals10__Sheep__animals10_Sheep_00013.jpg,0975851228b456637b49d767566432d54aa2282fce18158e4518f83e82ac017c
reject/reject_animals10__Sheep__animals10_Sheep_00014.jpg,ee34d547a383bff83d0466281871506496ed7710f15090b200be207acf850b52
reject/reject_animals10__Sheep__animals10_Sheep_00015.jpg,d50693d13456165cec22f869d66418ac5da530ab1e1bf416a12be919c6a59ee5
reject/reject_animals10__Sheep__animals10_Sheep_00016.jpg,dcfffa448f409371e1dd4b9c46522625fdb2647799bd7231250cae43604d8d4d
reject/reject_animals10__Sheep__animals10_Sheep_00017.jpg,2e056ab7dd879cecd55d03d0c0627ca24d08413ed2a0740a6bfc6e6fbbe19bab
reject/reject_animals10__Sheep__animals10_Sheep_00018.jpg,74d0b3ea1005246fdbd4384f67cb4788b05cab04769654f7b42a1de44e072440
reject/reject_animals10__Sheep__animals10_Sheep_00019.jpg,273dde75d8d82917910b59fe05350ab066a8f13101fad931d3d79825fbdbf633
reject/reject_animals10__Sheep__animals10_Sheep_00020.jpg,05a2b5194b735ae269aaba374930d3c2555731e67cb520ff0ed2ddd242aac97b
reject/reject_animals10__Sheep__animals10_Sheep_00021.jpg,53d9eaf2c43a1c484c65955bb54ea4a9bca99f01dd3b5b58eafefd0a22612acc
reject/reject_animals10__Sheep__animals10_Sheep_00022.jpg,c838fa5d72990e9a3043e4f0c0c3614ba4591d3dedd6b3d687a0aa9b7a0243c6
reject/reject_animals10__Sheep__animals10_Sheep_00023.jpg,301d5922754fab6e61fe3a25cd884b62d60576012c71620fa64536f961ec502e
reject/reject_animals10__Sheep__animals10_Sheep_00024.jpg,1bf780508d070581df0bfb95125a9082fe24c706406e476be11c820441a62e16
reject/reject_animals10__Sheep__animals10_Sheep_00025.jpg,7e055888457e64c0c096d68c4780656212095b232222fee7931c7769049e2697
reject/reject_animals10__Sheep__animals10_Sheep_00026.jpg,85f81d58346568a6ea04cd37f5c0046597a924acc3ffc60f942318582f693a85
reject/reject_animals10__Sheep__animals10_Sheep_00027.jpg,9e32b97f94fa9a5c1a0add128874545081fac17a789af422b3729b5b3caa3dee
reject/reject_animals10__Sheep__animals10_Sheep_00028.jpg,c5a6523695db1555150c0bbae180f5f1135c505e7be5edcd49b4ec9a50c860af
reject/reject_animals10__Sheep__animals10_Sheep_00029.jpg,e705a1da119748da3e416891a46da6adbb4071d0f292ba7ba70746ce04c377ee
reject/reject_animals10__Sheep__animals10_Sheep_00030.jpg,5c09c89b6d555dc9b27e24716494b4f772fdf2a8b2ba5278c09226c350cc96cf
reject/reject_animals10__Sheep__animals10_Sheep_00031.jpg,d5d8264a3cd04add18f62da6c9e261416dacf21d01daeab62a06cbd88f2d6b9e
reject/reject_animals10__Sheep__animals10_Sheep_00032.jpg,143a32e8006399bcaca9f5c38033f81ec305623466b04d3337ffa66296c45c2a
reject/reject_animals10__Sheep__animals10_Sheep_00033.jpg,0bb4f56e5a3d033989049f781c44c03c5ac3bedb5733f2b917cb5fc5d35c77cf
reject/reject_animals10__Sheep__animals10_Sheep_00034.jpg,0a5e776e8f1dee9023e5a658c3e0cac05b84e872e0feb48697af28bf28c281f1
reject/reject_animals10__Sheep__animals10_Sheep_00035.jpg,ee9b684fd7b079bb8c16a511455468bdd7d529dbe46ef6360aca93890f85be37
reject/reject_animals10__Sheep__animals10_Sheep_00036.jpg,c9836567f2e31b3bc3da3da60ce6494ebd2493af5489265d23ad227fddf735e9
reject/reject_animals10__Sheep__animals10_Sheep_00037.jpg,50298852d693697aec777f71dce60ef2659ca1a1f1c1701a0427d5d5609239d0
reject/reject_animals10__Spider__animals10_Spider_00001.jpg,ef6e972884072afededaa8603bd248514c83b9099a0e5a3dc2040cf430de95cd
reject/reject_animals10__Spider__animals10_Spider_00002.jpg,625b9b41eb4e1a2573b948926752ae13ac2b3897f2816a1dbf26879df7654234
reject/reject_animals10__Spider__animals10_Spider_00003.jpg,5f3ad3f9ea8a022c79514952c693c574ae836e5904855c922a1c9b1251afba93
reject/reject_animals10__Spider__animals10_Spider_00004.jpg,d36a5fa653644621ae35f5c70f9b9432928705fa2d74326a95dbc02d2078ea69
reject/reject_animals10__Spider__animals10_Spider_00005.jpg,3b3b927ef9ada56153094ed15eb6186c671aceb232000238d85547686a9ed7ad
reject/reject_animals10__Spider__animals10_Spider_00006.jpg,4000c5d069a3a3ed6e2c9f3b3d70b76166c97abf5466473d357d6633c67306a3
reject/reject_animals10__Spider__animals10_Spider_00007.jpg,6248023faa4a74f44068d59c0cf73041a6b2337172400f56b922700e10669e72
reject/reject_animals10__Spider__animals10_Spider_00008.jpg,f92fc70f7421965c3ad3ad83159e4fc156e33931fc255979b10519b523b68e34
reject/reject_animals10__Spider__animals10_Spider_00009.jpg,dbd55981d97a1de2c6f57a7588ca08f8796ad941c552a126c1779317fac8bd4c
reject/reject_animals10__Spider__animals10_Spider_00010.jpg,a1dae65ac310189a334ff067f0a3ce1007db17077c53ff7e52f6385cf879be89
reject/reject_animals10__Spider__animals10_Spider_00011.jpg,aa202aa1ddd279b125c7e2404ba171d4e8d0ff2c34a1f76d081ed06f8b72e3ba
reject/reject_animals10__Spider__animals10_Spider_00012.jpg,6a6912d6cc2a7896accf147b6308ff5d654fa23018aad8ddcbc49455b06ab9de
reject/reject_animals10__Spider__animals10_Spider_00013.jpg,8da75e0a7f07da70abad941d9aaf4fd63fdf96993314dbf8497fab2ef4552814
reject/reject_animals10__Spider__animals10_Spider_00014.jpg,b13913f3dbea4c57e84ce76539bf8a4697c7094fafed9426cf105d51c774cbf1
reject/reject_animals10__Spider__animals10_Spider_00015.jpg,13e23004b5a99a1aae15132d98bd11c2eadd4292da67a5af7b0307909b9c5a7f
reject/reject_animals10__Spider__animals10_Spider_00016.jpg,28fcf705e7f3702b1607b68b38170eb2b3fe16192c16e6ed075088f004af42ff
reject/reject_animals10__Spider__animals10_Spider_00017.jpg,765b66fdbf3a09f4b58ce133b59163aeeb7fab01756d18d53bf918052609802e
reject/reject_animals10__Spider__animals10_Spider_00018.jpg,78461aca42156bc45f2c61325f15f072bfd92412e820f025213d25c595a0811c
reject/reject_animals10__Spider__animals10_Spider_00019.jpg,ff9cfdf9bca35afd88cc1853a30a546f935a831b2dc762d63db83750b370098b
reject/reject_animals10__Spider__animals10_Spider_00020.jpg,4aea33c66150aaaa7fea6baf5d26f4d359e81efa0c0637d2d7db324472e0d533
reject/reject_animals10__Spider__animals10_Spider_00021.jpg,f1fee20e4afc092d241277d17dc764ca3ebb46eee759ec5d2323f9c44e13ae7d
reject/reject_animals10__Spider__animals10_Spider_00022.jpg,035b452541c6f194c75d8bca284aa109a11249dbe817c6636e34ea7a56743607
reject/reject_animals10__Spider__animals10_Spider_00023.jpg,aca7e8eda31acd0a9c7000a31335a4ba735497d591bd3f15338f05c3f8e32370
reject/reject_animals10__Spider__animals10_Spider_00024.jpg,059a1e9276b5496dbb1c0011226d43d0d1be6f70f6db17759d616c3ea4af73cf
reject/reject_animals10__Spider__animals10_Spider_00025.jpg,ab9e8eb491e3172dde7badeba07c665283a9f55a3a7fae0eab1c4b4aa2527d8e
reject/reject_animals10__Spider__animals10_Spider_00026.jpg,8a8453904858aca9e1c31666a0d807a7b0d200c804d1acf6d2f67ac5e1b5e29f
reject/reject_animals10__Spider__animals10_Spider_00027.jpg,5fa85e28d7ed982efc4ec583f2c2604b04b0a45266f1cf2379284ea18850276c
reject/reject_animals10__Spider__animals10_Spider_00028.jpg,a8909eda4435cb06502bdd634244eef3f87a5d41927fdff6e6995862dc33fdf5
reject/reject_animals10__Spider__animals10_Spider_00029.jpg,b0a7d054913d180e0f2f3bf03d259c1312973d137c468224bbfad1eb1507e29c
reject/reject_animals10__Spider__animals10_Spider_00030.jpg,b2f9efb46830c4eaabe901dd65f005fd36bed4d4bf8d619ac6151ae5d4a27af4
reject/reject_animals10__Spider__animals10_Spider_00031.jpg,39376b6d5c6dcb98cfc5491b8c8028259b2570c0fc5263a95ebccb0c2151e166
reject/reject_animals10__Spider__animals10_Spider_00032.jpg,76646697db5192fa79bd35503835e2858153a2d2183ae3ff10107a28eb9dbfb4
reject/reject_animals10__Spider__animals10_Spider_00033.jpg,c50fb9c945e93b0bfe31facdb3d354a0434cd5c0ce228fc7d84d788f32fab369
reject/reject_animals10__Spider__animals10_Spider_00034.jpg,ca2fb2d62c322aff8f365fca878a9d78f8d83190fdbbe55bc1880176022ea078
reject/reject_animals10__Spider__animals10_Spider_00035.jpg,4893c2995a40380b1c5351879125dba8920cc0832dec93a7861bbbd35ccad955
reject/reject_animals10__Spider__animals10_Spider_00036.jpg,3534d220a558b9b9f7d443608ff51d7f011b807de0ca193c0c6f108a829f3a4c
reject/reject_animals10__Spider__animals10_Spider_00037.jpg,4cfe1545d1d4fa299c64819a75fab4b597b3a0de71dfbcdb3b803850499aabef
reject/reject_animals10__Squirrel__animals10_Squirrel_00001.jpg,1b818ad3f4a7557ffcbf0f2cc7f1fe7a9d3242f7fa4e143a1d8eba667f0ae87d
reject/reject_animals10__Squirrel__animals10_Squirrel_00002.jpg,b309850463bc483e9018662fde4d5d1cd889fabe18b15de085b32b373d57e51c
reject/reject_animals10__Squirrel__animals10_Squirrel_00003.jpg,feb6958e13b21154c719bb4dcbe1625708ec9633b56c2e969e4358db5a4b2cae
reject/reject_animals10__Squirrel__animals10_Squirrel_00004.jpg,48c6d81efe655a794abbb6914f3681041ef709b1427a91dc83d55b06a369ca97
reject/reject_animals10__Squirrel__animals10_Squirrel_00005.jpg,5dda37624be79157573ba691aaa6c510e3ff503dc1c3857fc1cce7795e00e6cb
reject/reject_animals10__Squirrel__animals10_Squirrel_00006.jpg,999529fb173c97fd30a774e7decafe538e90cb66dd281ee03f9d1a71a912bf4f
reject/reject_animals10__Squirrel__animals10_Squirrel_00007.jpg,39efd7bcf4298f241f25b6439d5d59a335e92fba5c3bc2adb19ecb151d006757
reject/reject_animals10__Squirrel__animals10_Squirrel_00008.jpg,b1d9c3f99fdf4b29c9a428c8a80fd075d8c565d775819aa28dd1bf5b1a3a1190
reject/reject_animals10__Squirrel__animals10_Squirrel_00009.jpg,c478392ca10b9c379581ae1d85c030f530dbddc50708ba4b22f6e5151e1302ab
reject/reject_animals10__Squirrel__animals10_Squirrel_00010.jpg,e50cf545b208b33b86c9873bf4293ffdf99f040ef1ea23a09732e65c52fb33b5
reject/reject_animals10__Squirrel__animals10_Squirrel_00011.jpg,197bd08509206a239516e9816e6c08a38f205ab21ef9d74c4c1bdb56c99dc63d
reject/reject_animals10__Squirrel__animals10_Squirrel_00012.jpg,416ce679939fbd846890051717979fd97dca973e6ed4650907933078974752af
reject/reject_animals10__Squirrel__animals10_Squirrel_00013.jpg,59304f69e4767e9eda9e9df666572ac43bc6897237dcecd46d5d1c083f8eba30
reject/reject_animals10__Squirrel__animals10_Squirrel_00014.jpg,93b9f45075db5a046e9c1847644328f1d81426903fb716dc326b4743669db14b
reject/reject_animals10__Squirrel__animals10_Squirrel_00015.jpg,9762d8e9ac50bf33241e59f961d56b6baf1da2ad2053e5089c26617bc5b0b48f
reject/reject_animals10__Squirrel__animals10_Squirrel_00016.jpg,a98b33f790db86befa7c9aaa2f00e5e0af6245943947d1bd4ddab6bbcb0745a2
reject/reject_animals10__Squirrel__animals10_Squirrel_00017.jpg,d19485189804f32585da159a0a57a387f3dd7ea0f0859afc3f936454c4b21642
reject/reject_animals10__Squirrel__animals10_Squirrel_00018.jpg,18facfba0abbb0a7d4ed652c9981640dd23991f64c74e186409552274abc1c76
reject/reject_animals10__Squirrel__animals10_Squirrel_00019.jpg,c610822af752da4cfaf22d6667efc418c7d6ad6346ceace4c7affb56ffcc00c6
reject/reject_animals10__Squirrel__animals10_Squirrel_00020.jpg,f832829783a6f350e32e2e10553b8647de1f8aec31418c98c55627f591de152a
reject/reject_animals10__Squirrel__animals10_Squirrel_00021.jpg,c0bd0c14b82d81eb7b93d563c3b8fcfbbbb4d707e7a94bfa0a05282aa16edfe9
reject/reject_animals10__Squirrel__animals10_Squirrel_00022.jpg,c872c4d79a939cd29177b48bb08343cf2583cd990ee35f5077da4edc85e7f38a
reject/reject_animals10__Squirrel__animals10_Squirrel_00023.jpg,9e1bb208a150a9ee6291b683d1763a8d6a0789a6fc85ea3f2f5e1363f1b7b3b4
reject/reject_animals10__Squirrel__animals10_Squirrel_00024.jpg,3cf5e789e654977c1d4a2aad6f93fde6b5a375d23e5c2a0e437defcc197b2a5c
reject/reject_animals10__Squirrel__animals10_Squirrel_00025.jpg,6ff3c9224a7e56def7af29a0a759debde9a140cbd6dcf2634e263a4303f1dfa5
reject/reject_animals10__Squirrel__animals10_Squirrel_00026.jpg,386a010022fb080c42a20a03b0dfd6433c5141ddec301fe81590badd80b01ae0
reject/reject_animals10__Squirrel__animals10_Squirrel_00027.jpg,5be1454e2d31fc2bd5af5d8b1480d75a980f893e9cc359fdc75c87c7729ff1bd
reject/reject_animals10__Squirrel__animals10_Squirrel_00028.jpg,c424936968838b7d6faed167e5cc8d176fd6b74427831cd1492a7ee72c657630
reject/reject_animals10__Squirrel__animals10_Squirrel_00029.jpg,96d182ce487b569cbf5f8166ab8fe7d746f4031e651bc7b011f8d49b70dda8ae
reject/reject_animals10__Squirrel__animals10_Squirrel_00030.jpg,853cf2f5b9c55171b02c016aa55180308587531af6ed3c94705f250712f7f9d1
reject/reject_animals10__Squirrel__animals10_Squirrel_00031.jpg,2dd3299582fe81226fa4900fa0c5bf46b8f1de61ccf5a0e1e110a327428dc09b
reject/reject_animals10__Squirrel__animals10_Squirrel_00032.jpg,c5f2981bee6642d857cd73da2fa81bb399a28ffcd9a088ac5c0f81f688d8c57f
reject/reject_animals10__Squirrel__animals10_Squirrel_00033.jpg,bd34e1bd6d29bd716384e8c8a39ab14f679db0d4fff0bb21e37f57e4a6f2e597
reject/reject_animals10__Squirrel__animals10_Squirrel_00034.jpg,e67fc9334d22d11a8662c51f2fd64fac98d8b521fbc406e9c1b837d729961b84
reject/reject_animals10__Squirrel__animals10_Squirrel_00035.jpg,1c25857d80094c807718d7cf868c4f11678afc7a655ce682e08bab192a6e5177
reject/reject_animals10__Squirrel__animals10_Squirrel_00036.jpg,e2880f58e353abd1da4807dce30c719a1dfb5c9cc42d8caecf9935a957f40cb8
reject/reject_animals10__Squirrel__animals10_Squirrel_00037.jpg,58e21c13154644b6808fecde88fcd24949c3caff231b9e08223e1e6b1302c5c4
reject/reject_coco__000000000139.jpg,ffe0f0cec3b2e27aab1967229cdf0a0d7751dcdd5800322f0b8ac0dffb3b8a8d
reject/reject_coco__000000000285.jpg,f3a2974ce3686332609124c70e3e6a2e3aca43fccf1cd1bd7c5c03820977f57d
reject/reject_coco__000000000632.jpg,a4cd7f45ac1ce27eaafb254b23af7c0b18a064be08870ceaaf03b2147f2ce550
reject/reject_coco__000000000724.jpg,5c0e559c75d3969c8e3e297b61f61063f78045c9d4802b526ba616361f3823fd
reject/reject_coco__000000000776.jpg,1dd31e9059c491992be2f562624eb4093e17aee08b4f7baf5ff9ea24543b0a33
reject/reject_coco__000000000785.jpg,83981537a7baeafbeb9c8cb67b3484dc26433f574b3685d021fa537e277e4726
reject/reject_coco__000000000802.jpg,d5b79e7fa716f85ca86f46e5f518da9b6c5e26414925624d76e6476861aec495
reject/reject_coco__000000000872.jpg,c2aa138ee3a59b057a7ba6fc5a6a18e62af531aa7dab78a7bfd33c1cd7e55eb6
reject/reject_coco__000000000885.jpg,1c67b783f78b18ddb5dd20aaba4d4aacaf98e5277051688a96da096afa9cdf1f
reject/reject_coco__000000001000.jpg,24bb77a31928404e45a0454b06f6a0bd54a8db103590c9d7917288a1e0269f05
reject/reject_coco__000000001268.jpg,8e85a2e71ee512fe748a3a3be9bb40b8591e8c501c0f3896efcb5be5999ec236
reject/reject_coco__000000001296.jpg,34a98da7c11bc8811e6eec445145bb16f3d5f4338945ba116edcc1fe554d181b
reject/reject_coco__000000001353.jpg,1cccef217a1e5eec2acc74d7c08a105da3ef6fdb8514e221cdea9b0b373b60ea
reject/reject_coco__000000001425.jpg,71a37c25cdf944cf0a88b66d00a66cf899a88bd55c7ac80fcf1c76329d617e6c
reject/reject_coco__000000001490.jpg,a044804a0b0186a1267acae34975932f14ede96c4a2b78fcee74e6c2fbd8414d
reject/reject_coco__000000001503.jpg,06c721f0a62bcb9fcb2d2d0cc0b9edd63092084a8773a18c4b5a7bd6fb4f095d
reject/reject_coco__000000001532.jpg,974f2af6d81f65627a680ea9f42bdee1067a0ddcdb9f8e7a945bacd21d4dc2ce
reject/reject_coco__000000001584.jpg,77131e2f74aa7e374f951a69157cf7f51e00201f81bacfa8a9ab7309b245553f
reject/reject_coco__000000001675.jpg,6ba641627c08ef424b7dc3e6cee069aa0dd49615a31c54ae0de1ecd1fabd9dea
reject/reject_coco__000000001761.jpg,c06b1845c54bb886a8fb9f8a6e908b29ceb661ffda1ca8df9a27f123806de648
reject/reject_coco__000000001818.jpg,e638b349929d13bb27e148f4303a576e0a964ef81c0907d36748e0adb822a8e6
reject/reject_coco__000000001993.jpg,039f3bfb862023bde7f835a36c32d8f59a3e66488863c2a47b7b746e78c44186
reject/reject_coco__000000002006.jpg,eda4af13818b566f8fa4f479e76286ad90cd5da2e8dfd530be0ab3637e1482ed
reject/reject_coco__000000002149.jpg,3ef0da375244c3fdbb45bcfe5689e8e46fb616c00250f9dce6aa34d301801ac5
reject/reject_coco__000000002153.jpg,8795ff243cf20405bd442631d5d1cb7e60665dd459c8d57f5764333808dd49fd
reject/reject_coco__000000002157.jpg,1a038609e5ceb0719105b1438d257c3d588e45384cb7ffe77b137e4d7e3ed477
reject/reject_coco__000000002261.jpg,1a0ad595a5675bdc7a5e95c04def56109c00d61168fd826158322fd538d70279
reject/reject_coco__000000002299.jpg,d53d17dd8ecded4ae25555a0b8e193445846c7db7a6199c3ea35b09b3021f99e
reject/reject_coco__000000002431.jpg,fa0ce7b066c2fe7bd0892aa2c6361943148db9766de60241e69d8026a18e05ad
reject/reject_coco__000000002473.jpg,2f1bfa7634a64f7999ba5488ec904ad1f85bbc63d0fe4b9fe35f52abbf8c5f4f
reject/reject_coco__000000002532.jpg,fc017f5308d348bdb6011f2312b10853ccd780a4a7369f48774ef67f499f2e77
reject/reject_coco__000000002587.jpg,bc37072a4f32bc99d6b02a684dd9bc69bd63567382315e5f497c9bb4a44c7208
reject/reject_coco__000000002592.jpg,ffa3d472d44184b1f48878f7b097189723e57a24f36c44c29e4bc561110fbf41
reject/reject_coco__000000002685.jpg,2430b9bffb5ff52dfbaf7b922ac8018547e233a5996a6b017bd1a206a46c5bdb
reject/reject_coco__000000002923.jpg,46d2a5feb3f953b59316daee47b45332f07ebde1f88eb361f29b35c1fbbb62e0
reject/reject_coco__000000003156.jpg,3c929365d99581f03b70a810819df4781ac024d88dec7e592229cbea7489a779
reject/reject_coco__000000003255.jpg,c075f51a798e65d23e1c65a3fcc7736aeae4e03fbdd126f6d6b82cb07957d28b
reject/reject_coco__000000003501.jpg,9615e4dc9099e860748ce3f839ed077fa6a1fa39a10b909c00600bf4e2b3f392
reject/reject_coco__000000003553.jpg,4286197d2b6fc18809a37a4ef3035109509fcf52782fb83894835faaa5743bea
reject/reject_coco__000000003661.jpg,8746b068c166782f4b4fb7e6be9d16e5311e9c15bc867e21409b7f5d2eddefb4
reject/reject_coco__000000003845.jpg,d5c4394c712e5c24586f2531e2adf25d14e398993cc12af561ca760f20881df0
reject/reject_coco__000000003934.jpg,c7b1180c75a332e8768a4ca76b1fe8b3e3e073e2b925d94f43fa5439535d5dcf
reject/reject_coco__000000004134.jpg,2c922f6ec30f9c4eca2b373c8808f63979c26f4d89242754b3576bf78db1108b
reject/reject_coco__000000004395.jpg,14ffbd7ab7a01e0dd7fc9676a688bd2c916766e2edb6e1d12ac9ae0ed07b122a
reject/reject_coco__000000004495.jpg,cf670ca35fb16e59ecce82eecf9bf1f60d2ee333be81b61c4ea390be2c7e7b2b
reject/reject_coco__000000004765.jpg,90fab997d1351b1c2ae1a437689245f962dbfa58e577911c9c83991490aadc5e
reject/reject_coco__000000004795.jpg,6f8994bac6aef0602d4aa4397ecd4b7d579f5b18f66058a2df021352dd22bdc6
reject/reject_coco__000000005001.jpg,99600c56dc25c72dc1cc1d1f2b09aa33b97142560b54d034fa83a38fcf3c5b0f
reject/reject_coco__000000005037.jpg,b47318f2a6f652027f6435c462fae0567d925f67ab3279d08d5da2f322322dda
reject/reject_coco__000000005060.jpg,5d3d8315695f7c718b649c06afe32c792bcce9d4a97f544fc1ba19bc592d8cd3
reject/reject_coco__000000005193.jpg,2f0360e89d71b146cbfaee05e934303864fa61d9bf1a1f5cc0c2e508b8191b8d
reject/reject_coco__000000005477.jpg,3b3ed6a27e07126c2175d168405a9bffe60b0f03555d0ac4b33ec0788bd745f2
reject/reject_coco__000000005503.jpg,ff95bf5ddb4bdbd7f4f0f96d963cd941a0a2b38cfcf7832f25113e8441a443c6
reject/reject_coco__000000005529.jpg,e06b55bf935e76ac31cd8b8a56a3978e2f552d7c967ff8a0b8d0ae3b3445db0e
reject/reject_coco__000000005586.jpg,d7c4ce5acc9c578c41ff04aa60e610423e304e66b77fff92df501c207460b349
reject/reject_coco__000000005600.jpg,37e5625d5de54eb524ad2425d855e1d9d54fcb29c3475dacffc86ab48bcaec39
reject/reject_coco__000000005992.jpg,c33842fbbd9626843b93ede50dd4908221cb0c9bf9837f58861354eec2a4ec56
reject/reject_coco__000000006012.jpg,7cd0d627b15c09f373aa613d013fb2d8ae6bd20bcce0d98aa31b963e6bcca495
reject/reject_coco__000000006040.jpg,ac74264bbc3356e0cb87cdc2edac2e2f7e519ae2c16b0a4e2b943a695163ebf6
reject/reject_coco__000000006213.jpg,0f8ce814489c07920e1f3c3a08842ff832f66340a4487d49de2feb31a45b8132
reject/reject_coco__000000006460.jpg,2526fc01ddf5bef5c5e6e1f665d63b6bc95d8ec14eab286dc080e95f9a3642cd
reject/reject_coco__000000006471.jpg,67fe4f0a7b71ecee846273d654bb8387c180229dc6c4a3060152aed0a776762f
reject/reject_coco__000000006614.jpg,5c4214d0503ea4ad699298cdca84ab631496d58d0ccdc4f6bafba9553fe067c6
reject/reject_coco__000000006723.jpg,1d3ba71e9002721a2bc18791f3c86578d6de38fb61640803657276d53e73663f
reject/reject_coco__000000006763.jpg,e3d8430df8ae6fd8021ca48ce988bcb8a1ae648be8bd3b73b1f0cc9c37f82484
reject/reject_coco__000000006771.jpg,b2cc81a8ab0c23da44dda4b6526515c68dbcb1abf939a371f750ffe22db15f95
reject/reject_coco__000000006818.jpg,99479f61ef2931ea70e161db0859e8706c6e48f13e8cb0798959f52433b01b98
reject/reject_coco__000000006894.jpg,8e2059e2f11b0c3051d105255221dd1474ab9a80907de64f0908ae8234e97c8a
reject/reject_coco__000000006954.jpg,59471a9bed5c28ac2f3ad56af1799340d6acb90f7c87d1f60360d1a9466e89ea
reject/reject_coco__000000007088.jpg,323e51d944faa233acfa36f23598bad7f8bae8107d089949ae792267bac03770
reject/reject_coco__000000007108.jpg,fe22617b02d85f3d180db14af3c300e95d259ae81035452a03f57b79e056fb78
reject/reject_coco__000000007278.jpg,b088f1fc8e86da21084e8c98b7dc9406c0da61d74e740925af6a7adeda3c3f34
reject/reject_coco__000000007281.jpg,57f3508e600d3370320487dde8665f208f11612a11caac0801c7f5fc19188ac3
reject/reject_coco__000000007386.jpg,1bb19f0a2a950a944d178c921fddaddda6f133df6367e9f75ffcaafe2cd43f83
reject/reject_coco__000000007511.jpg,105e70c573b87d7e3f034e1dc08cedcced39be4e52197139f52616c920dda3d7
reject/reject_coco__000000007574.jpg,4f26c847c2f49574978e96733efaec720dd1d1ba95a8220d0de012b7317eed47
reject/reject_coco__000000007784.jpg,2b472f58ae604977c3c288320aed7fa8823043758e1b40b9cede91921d7154eb
reject/reject_coco__000000007795.jpg,adba86ef9a0dd1557c6cd23a4833d2cec71881a3979ceff831136c367e5f2507
reject/reject_coco__000000007816.jpg,00132e042709fc7a66797374a42ff72d493a945d01afe2a48e5a526116a2aabe
reject/reject_coco__000000007818.jpg,1bb3ef4577a7c11c55545532c7ec81fe1336105e5f1b9f38e47129eae9365187
reject/reject_coco__000000007888.jpg,7c735e89b3699afc510053412ddea8e0370a1a5a2c9096713a5b255567747442
reject/reject_coco__000000007977.jpg,0acb919d23df8f5126d63556668272ed26d53fa97fbad958958c2bbe8164d690
reject/reject_coco__000000007991.jpg,63c6fae2e3defd4bc1c6f346806aef03eb11ccbd7c6bda3e479d1fbafd486db1
reject/reject_coco__000000008021.jpg,235537407867a7b894e78b3aecb55b33b14b64cbb23ca376a00d34c62a1a63a6
reject/reject_coco__000000008211.jpg,8a52b7177994a207b4f463d591c3c0f1ffd00b42dcdf17cc8f8984bfae17d110
reject/reject_coco__000000008277.jpg,692fc5469af5fffdc0dac05e709a0ac1380dca32d4c57436903b122f3c3558dc
reject/reject_coco__000000008532.jpg,237e72d5ffb557b5052b918c01a4fb15e6bb7dd2151bba9c0538de0024c941f9
reject/reject_coco__000000008629.jpg,cb4972816eb01ebee8f3bde47a4993972951671e990dca797ad0fa9e0f385c11
reject/reject_coco__000000008690.jpg,feca143d5e249b9fcaca7090c2400125ee19c7ad883c11fffe55e8bb451e7429
reject/reject_coco__000000008762.jpg,8b8aa2412ac3502dbb4b8a7d7987359d4049cf70e7177748e907e3ddfa3211ce
reject/reject_coco__000000008844.jpg,bd8133fe5862ea2b0b308db3c1d96b23012f2f667d43cb524d35ac1b710670a4
reject/reject_coco__000000008899.jpg,5643dd54684df9750a16660fcb033e3acda2eff9c809cb69acb428b1184cadd1
reject/reject_coco__000000009378.jpg,39ac6327aa1b887ff2ae06588576f497d642bbbf3682eb1eada4574087fcc1e5
reject/reject_coco__000000009400.jpg,1a613f9b09db3b7bedb626af3e3951ac1709f6036d4e1405f6e8463816108222
reject/reject_coco__000000009448.jpg,bd6ac1c94ef4599bd7f9d0f43ba0dab52b0afc34a872ee3acc83a20c8e8a6f3f
reject/reject_coco__000000009483.jpg,c7e6e15f4db067c3e09ab8605759be9d850e2d5c45ea4dfb9cda8f5d85308ea4
reject/reject_coco__000000009590.jpg,93cdd55e59cf7d32c481ca5b00b1b9c64f8b8f44020f64a97752a767fd7571ee
reject/reject_coco__000000009769.jpg,f5e6d63081ba8fbb2a59770144d7c2350de6a1a8288e15565df7dd1bd87d85bf
reject/reject_coco__000000009772.jpg,ab798f0ee5d1bed52376a5ee8bfbd973cb4c4fface481a9bc7a3ff5d9c57b4c7
reject/reject_coco__000000009891.jpg,dc8292c102663e64a5fcf7477e8ab5f5289660099817e7d52f40e3918784dc0e
reject/reject_coco__000000009914.jpg,8033e21b153383291f443ff8c89459e405441eac88e4ee617825f19182106d5c
reject/reject_coco__000000010092.jpg,70eae5520682d2ad23ff01df57fc4f29cb3f5d4c1d63753d3b7f120f6a0d939b
reject/reject_coco__000000010363.jpg,2fd23c4c491520182a703d0df9c604f6b7ee8a592ad8743897870cf0260f47b2
reject/reject_coco__000000010583.jpg,f163a37f278b6edd09952332066e01a00cf80e3137b427dd49732b91edc3fa9b
reject/reject_coco__000000010707.jpg,a361abb7579193709ef3debbec6298bf0c540bece429c4aadb19be82e04ab6a0
reject/reject_coco__000000010764.jpg,83bf9d868bb6de24ac1ef63df6cd7116e11da51d84daabd91b9b24fcc74d63c1
reject/reject_coco__000000010977.jpg,fba520c270003f70a09bdbb9ab8ca856a4a6cde110c64f05879e96b755ca7af6
reject/reject_coco__000000010995.jpg,19ee23abae8a3da6b5914987e991ea9ee8a9743309ae17db732426c8fa860fe2
reject/reject_coco__000000011051.jpg,fb0f943cc1b027c64e5dbbc486b1d62d431244565e68b730e2ff8264d51116db
reject/reject_coco__000000011122.jpg,74e9d13ddccbc52d2fd9da5984279a6218b250668e1ae1c6450be9d1ca2bc41a
reject/reject_coco__000000011149.jpg,5973b8f1d5a30de98b1dcb715f1c94928a676fff8e45283515d0474e51ac0abc
reject/reject_coco__000000011197.jpg,b6dbcc5c9e52f51480c4974ae6b15003ce25cd98fb936e2f26694fb7058fdbcb
reject/reject_coco__000000011511.jpg,4e24ed1528891621658ff01d23e8a74735cd18720d41f7fd2264044497ad2a0e
reject/reject_coco__000000011615.jpg,dc3d5cce23371a2b7d0be6bf423b5989e29195323b428ef0e639a1d97a3932ac
reject/reject_coco__000000011699.jpg,cb8a70787b3b7abc56a8ec8a6efcea9a4d2ccabd645b17d73054b9514759559f
reject/reject_coco__000000011760.jpg,929474fc4adc38fbd6a392607e27ae8785488ed13676d103c5361e9091333c49
reject/reject_coco__000000011813.jpg,a7387846c67b6900e02eeca0b3fdddfde24d44e336950f38ee2b54a91d5874be
reject/reject_coco__000000012062.jpg,319d58f0fa008d076b766671a5b607f94614f6005f773adced54a57567aa28fb
reject/reject_coco__000000012120.jpg,5078da2ea4554eb91703e5fa0339c4d0c875ded1783a8f4ee32ece2b558178c4
reject/reject_coco__000000012280.jpg,158ef0b15ff392039468263fa18735f81b39de9e8a7753e1e1aba7037262da56
reject/reject_coco__000000012576.jpg,e819f39d02674a83e2c3ef722e93e9b3fd6f9e6bf016dc8d873f576e31169445
reject/reject_coco__000000012639.jpg,fb055f9572e8e059559a950b626a7a731683844f875b66523cbd8d29605d903f
reject/reject_coco__000000012667.jpg,0bf182b59b89f534d6f89a2b57c976c47b7f9a95e5e47a7f236b285b9211af14
reject/reject_coco__000000012670.jpg,00c989b165bdde8eb54cbe7d1fcfb0ae7b2ac7f5f23d83baea723e7d2acf7099
reject/reject_coco__000000012748.jpg,9ccd35fa48729821628123c5d2a57742f49ece28f9813817cfd0ea3867f40831
reject/reject_coco__000000013004.jpg,09d489992329d2a17186a82781c7d23d8c687ee580567babc7494f9bc8b1220a
reject/reject_coco__000000013177.jpg,f93626195530f46ed849091160f8cccce1a255ca886fd5945f5719adc12dc789
reject/reject_coco__000000013201.jpg,b99aa5fe13f26b9350d136cbb103c95896d81bfa504087888f13f76f5bd4adce
reject/reject_coco__000000013291.jpg,1e46187ec49947bfd8dd22f4d774bddfe3e29ca863fe09530516598998b8e640
reject/reject_coco__000000013348.jpg,8371f759628048bd294db70d9fbacb6d4f2558a12c25337fa04fea6418c9922a
reject/reject_coco__000000013546.jpg,63129a14da61b57cbcd9b3403bc76a73d091e1940e1b416ae9f5c70b7a1dbb54
reject/reject_coco__000000013597.jpg,e2b4ec9273cf30313e97ba917e85fec88cd9bbcf599781373deae5101ae8f327
reject/reject_coco__000000013659.jpg,b357d19dee467587a8788ac4e5b45677f4fde1b62726c690795e188ae75d822b
reject/reject_coco__000000013729.jpg,a3b3689660e2db3d49e131e9856d3d06bb376400e8fa2afc1ce64c5c4765a4ef
reject/reject_coco__000000013774.jpg,d4a83955582202cd1c3586807245cec71bb38c856eee74d452c1ca752eed8655
reject/reject_coco__000000013923.jpg,91494500cd053f1c4e547edc53f62edce2b088588bf9b4dbc8ceaea86ad4d49e
reject/reject_coco__000000014007.jpg,4fa388665548f563e50c107089669a589812c4a14cb1dd3b87860fb25bdd4b45
reject/reject_coco__000000014038.jpg,7dc972133bcc2e8e49ca1c2b7c20678eecb0c853e78f085f7270f295e1349350
reject/reject_coco__000000014226.jpg,7342b8ee76ae63bfa942cb6849300cb39618b2453b2a51ef48650970bdeb837a
reject/reject_coco__000000014380.jpg,f9e17866f4db47a88724f051f0cd2a2650168c09ab6908bc4f75e5dba398ba1b
reject/reject_coco__000000014439.jpg,fc23e512cfe33e0b7f5e3445dc4189eb053fed6a16964b2454775a6df3fa5eba
reject/reject_coco__000000014473.jpg,1b0fad3e8260366a27f9cb20fdd0f9d7c669bb40a535f6364b8c2e1c03d7b5c2
reject/reject_coco__000000014831.jpg,ac9629cb598e5d30bbb0a174a01ac4e398de3d54ef8c5bac4f81a738597c39cd
reject/reject_coco__000000014888.jpg,aba25018b65a2a52ce7d77e68c6501e532084cd327e6cb230225e302fca95f4c
reject/reject_coco__000000015079.jpg,a44d7b20692b108c648ba73018390297bad07d23b8be13dd24bc637bd31534ba
reject/reject_coco__000000015254.jpg,a03e74678aedee90fe6777e9ba4eef8b3025ba0b6f426723b2cf2b35c5ffef4f
reject/reject_coco__000000015272.jpg,d4a09d9517fea54811b7fabb1274117a107c4cb8fdccfbcae4ced6dd82034ce5
reject/reject_coco__000000015278.jpg,7f16701e7994ba6bfffe83abaa9d87b128c0d612e11f014001c51a6fc10ade58
reject/reject_coco__000000015335.jpg,9fbfdb443c249bdac83b8d0c9d4120a817cdf3987a7826a90e9fcbc95b535986
reject/reject_coco__000000015338.jpg,b9e7f3f58e1568b0af83d0494d21614a38bb212da2d4b14bc36bd002c0b6f0ad
reject/reject_coco__000000015440.jpg,477f0dd9751336fc5e5ef0f7c406506998049de4edae936311a4400c934c8419
reject/reject_coco__000000015497.jpg,fc0fff04645dfadedbc34e23860dc62c45a213ac22d18b8194d269b66774d745
reject/reject_coco__000000015517.jpg,db13a24631806ad53b865d8edb4926d455cf54ae60e72b45778e5e58fb164369
reject/reject_coco__000000015597.jpg,e34e098c9a41160f1f6cd0181d946ddca4e31bb94af38c060e36d6ec4f406e79
reject/reject_coco__000000015660.jpg,d908b9557857567ac19501f12f6c090ba3568d11421a2fe6296133a27e48a991
reject/reject_coco__000000015746.jpg,ba79e69d4272bc31ea4fb9f3731e020a9c8acf1fbf3b6ffb78528d70e2e183f7
reject/reject_coco__000000015751.jpg,e0929307bb91557c288fe98307c198a838abe835820322596232842784f6ce72
reject/reject_coco__000000015956.jpg,c561d4e58f9141d15a5c4231075a51dbbf257e2901acc482765e15dcee1375b0
reject/reject_coco__000000016010.jpg,40ba5b198298d09e33f6428e28779a9cd9bc55756b2f9ae15c258672d6363ba3
reject/reject_coco__000000016228.jpg,b34d80f1f13989eb0c7031f95373a9e26c698397cb9511b422dcf5daba60110e
reject/reject_coco__000000016249.jpg,6b8ddae2940c3f03b1cec347e49fb9cf1c944a6142d71dbe7c7a3c2187852b34
reject/reject_coco__000000016439.jpg,8f09a3ac88ba6c74d0d8d0097e8a5aa0c58b7fdc3f51f36beafe8fa958f5e724
reject/reject_coco__000000016451.jpg,83fade2162445d292c33005ad31d9ad05de5a4691489b0762bc81ec401cb2cbc
reject/reject_coco__000000016502.jpg,171ce16f5646725403aed126091a0e3c88333a6fe4ea5c36f7c9b21ccfe2b30c
reject/reject_coco__000000016598.jpg,a794c8d8258774f04fcf04921d0daf10d60a35d038117279ff0880a2accd49b3
reject/reject_coco__000000016958.jpg,8595370fdfc1ca1382a3eb464e53b2ae6c483d76d426d85b4fe0511ff25c0333
reject/reject_coco__000000017029.jpg,d619327903c6b05520f0d6768807c067cce2d6d908d2d83da018a1da3b1792cf
reject/reject_coco__000000017031.jpg,cbe18fd21bd5691cb27085cda1f10c3c5556d5918fcd04363a5e5b145ee3177b
reject/reject_coco__000000017115.jpg,ad0fc963b409ee072d6cc837cb58e9f0bf64de41fb4e5f13f20cc70dfe3c617b
reject/reject_coco__000000017178.jpg,89dd925868177ba4f2e4f82eb5f530bb8b839079bb58f872d78d8ab322c5a305
reject/reject_coco__000000017182.jpg,0ec7cbf35b5ff0352f9da0653eda2aaf5b578e7f2b5c8480c5b6c19fd2435141
reject/reject_coco__000000017207.jpg,fd477a26cf3682083ae6633c3778fcce9e53fdfbb0670232d608865ddb606884
reject/reject_coco__000000017379.jpg,52b592adcb73170d7d07994a8781e92feddf3c7f1c45173a050c7ecfe12e7743
reject/reject_coco__000000017436.jpg,8ea0f1195969c20030b2a7d90d008643582abeb0b7bff59a2fdd555d79c14ebf
reject/reject_coco__000000017627.jpg,bad16bff668a52e7df757c6382244c86b416315b86a52749dd7bc6ec68e7092f
reject/reject_coco__000000017714.jpg,ff331d262fea90025ec3b628757b047259f244b5a65550b1d0d079578179387a
reject/reject_coco__000000017899.jpg,2e1e630f37d1f6f1b0c06941ea56431c9be8701c928df634b8dbe9121e735fbb
reject/reject_coco__000000017905.jpg,5fcff2c9895b398fa086180c2fbe39b17a4e07d47282bd0b184599764afba33d
reject/reject_coco__000000017959.jpg,8d525d9c133ee9ce8110fd8e2cca767d051bd22e8822c8f9ede6e72b7ff398d8
reject/reject_coco__000000018150.jpg,c49c2bb7e3ea8951c997f9984d13cb9f2bf8c1a0b4f7c398c0317f36435059f0
reject/reject_coco__000000018193.jpg,ee9037876bab7f2b504cd4be49144bbde27f32ddc05361cd6f3c843c947dd911
reject/reject_coco__000000018380.jpg,5f019938d891305fab6ae0d0e9edc79e0d74407cdbd0ecce324aada0ab93a86e
reject/reject_coco__000000018491.jpg,195369c44ad1810c524d5523a556356b2ee384310d7493310ccb8165c42767ed
reject/reject_coco__000000018519.jpg,87b0a064b596b4e821ebb371077c053e836c0ea667ca491075804bb3c9ce95ea
reject/reject_coco__000000018575.jpg,fe6cdcb9053cb1621bda79d13e20cad49b898678fb2279f772964d65698c3c6a
reject/reject_coco__000000018737.jpg,61b0ee16f913053290e0ee24971a6833b21290ee6a74039a0e0f3faa72dcf61c
reject/reject_coco__000000018770.jpg,92edb27a1c69e8e77d6ee17ddd2f12489d1852ff4c32c8357b329ba1fd26b046
reject/reject_coco__000000018833.jpg,3aaed3d8164deb6f7e5e18f3b1b3fc1b481d32078b342a07b629a7bdefc14e4d
reject/reject_coco__000000018837.jpg,70f986167a5f1ea723ee2a25273f39ee1d1d7a3bf8b2fa3a37eca946111f1d93
reject/reject_coco__000000019042.jpg,c97e2e9a24160678ad908797a306d146354f66b196627a0bbb564c733b041007
reject/reject_coco__000000019109.jpg,5469f123ab838c9fdcc567c13148399dcb4cfa4eeee80e6e56a13627808a6d54
reject/reject_coco__000000019221.jpg,0085f80b9136c625b63fed2c233c432c3189841d5bf630a10e09ee1554c9bc79
reject/reject_coco__000000019402.jpg,b08173e02dc865e7f13fecbcbed574b70271c07fef6023236d0dea8d6bf77619
reject/reject_coco__000000019432.jpg,fa54de5a592c892ed3aceb11ebacff27abad01dc3bcef308943b097c1d65c0f0
reject/reject_coco__000000019742.jpg,6ccc37eeba5118114222f8de61228e95cf6c28fb631c9e759fcdcd450061337a
reject/reject_coco__000000019786.jpg,109307de9a894df50386a58dec9347e6c280ee024f426933e2e34bfd57478960
reject/reject_coco__000000019924.jpg,b0bb42c6674456ecd9155b790a6a595646aacfe45ce80bd7667ac75fb7fe8bc8
reject/reject_coco__000000020059.jpg,7bf0e3dc0cc83a62dfc9c9bfd57163cb541574a0b866fd1a555fdd24cd2859f2
reject/reject_coco__000000020107.jpg,7c7e83890969c3bb7647cda61e17fa8ad3dc33210dbc9db616afb71f20958d3d
reject/reject_coco__000000020247.jpg,92a0ab00f3a0b9f6de5162449a8b79167363897fb489c172eebc244bccef23cb
reject/reject_coco__000000020333.jpg,c32e6edfc1e53898d98edde0f92cd5755ca6fe980b8f522fb29d9676aaf88294
reject/reject_coco__000000020553.jpg,739fee1c09f6d7c1670d2f558f70d2aea2ea6863a964c5a9582ca3bb70a55cb5
reject/reject_coco__000000020571.jpg,ee40916130fd5be75f3357c910c392b8bdda7f494078992472f67587d62b50a4
reject/reject_coco__000000020992.jpg,c705bfad8bb9333fd641c31a14514ed56f04f32082707a132ada26b365142378
reject/reject_coco__000000021167.jpg,b77df96f91ed9a0842559ea8a238d602d4a09069b9129c43a9d62a27361df156
reject/reject_coco__000000021465.jpg,ceb0a4848d7dea0d9c0576a91a8f8c9e93a9a090efbb3e6f641a9c327e7c679c
reject/reject_coco__000000021503.jpg,83f04a37053c9bfaaaae137edb80a262fb8604af40064bfdee7899129ee5ce77
reject/reject_coco__000000021604.jpg,129977690e3a8a14f333033c0a2295ae8a8f6d0cbcfa6498273e4912d1ca3e46
reject/reject_coco__000000021839.jpg,a943ad725c69a532f7a37b6a95e20fc5d7f070f1c5637c44107fbf031a9fe265
reject/reject_coco__000000021879.jpg,e18240615b9733cad806a5fca799dfbec344f98f5585722305e99a57346c76cc
reject/reject_coco__000000021903.jpg,3fa9ccedfc3ac829c07e14b0e7ef4211b5963f7700dc6e30dde3054f704efa09
reject/reject_coco__000000022192.jpg,3e9ffc06c76b3b856c1f6911aaeefac685ebe80a3bbd72d4d3c6254825ab159b
reject/reject_coco__000000022371.jpg,7023b465285e7fcc25c9272a9b24efc5df076ad982513ff6dec4c3c7842e734e
reject/reject_coco__000000022396.jpg,7f40854ecf8edcf2638d2cc5aa8c422d07875478c65514506c81d0200985f6be
reject/reject_coco__000000022479.jpg,9f09af60f0a4f214a8b34ff6badbd25111cd8438c39097197a629255408cdb75
reject/reject_coco__000000022589.jpg,a613ba4b6d895c6844d151efe922430660ef602ae40d4e16e1762f06b2d17335
reject/reject_coco__000000022623.jpg,93699b28cbecfe8f38fd82e3201ed1c7310fe664206a97306c806a4000c09a80
reject/reject_coco__000000022705.jpg,01627a2e4b79593b0debcffcdcf9b6c795d0d9e71aa2a3e9e22a9db05a70bc85
reject/reject_coco__000000022755.jpg,e419f292592075e18a264216c6ef3f8a597f027d9407e278d15811a9fc9c8952
reject/reject_coco__000000022892.jpg,feafcf6539422208c296d7e15151a9bb0a19fb14db57d93a3ebf733a21fb7843
reject/reject_coco__000000022935.jpg,90fad7bfc9fab88492d9722ea1aa14ee77514d8c10dbda86086bd37d8a05acf0
reject/reject_coco__000000022969.jpg,a4cd0db37176242a6911559074b58a67306c6a774df9dd07f1c9a30112ecbc30
reject/reject_coco__000000023023.jpg,6c33ee9f7ee0332811ba3612c8ffa3636cbbe503e3b6f8c1f7f6ca0f2703ca3d
reject/reject_coco__000000023034.jpg,2a571a9358b1d8096bad1d317fa81c179d1137feae2b6688881e9b286f0b7c1f
reject/reject_coco__000000023126.jpg,65917720776abafb2706e037fda7a9d90eb17b659bfa49ac20d19b06abff2e9e
reject/reject_coco__000000023230.jpg,f13b4e3bd41de8c752f4954f97f80db3323fe44b0cc656456df8a97560318566
reject/reject_coco__000000023272.jpg,3a20a6c0f0c7d33b9c4d9a4fe9023446ce3f92e90b37792cb791c8e3d3ac4cb4
reject/reject_coco__000000023359.jpg,5f4a78725b9f016407a69420d14222ecdc424994be22085318cdb6071c1ad7b7
reject/reject_coco__000000023666.jpg,c6e0dcc40c55570c04bb709097e3d0c6c6ada2ef55ca2a2601c67545581897d4
reject/reject_coco__000000023751.jpg,8f8d858e640624d5bbca80d54a936f77efb3ab7b50317613c3863ffdd9a4a9bc
reject/reject_coco__000000023781.jpg,085b1c7f25bf1d149b6dff82dfdb0a83fbf6e875c01d5d374070eb582aada80e
reject/reject_coco__000000023899.jpg,b7ef13fe4d8ab47a77e55dadd30295110ca97b7b3c3b8c85603009e7dc497983
reject/reject_coco__000000023937.jpg,7789236aff12bffa0cf4ab954fb68531bea594d42e78cb80bbeac45175c5e144
reject/reject_coco__000000024021.jpg,5b65fe7a6d334fa5f7d0328c37470d7d68d6e711b960d37f61ff133be78c4450
reject/reject_coco__000000024027.jpg,63901c04b597683789f649524a489ad0d6bcf03929ec3fa334278b8a69fe369d
reject/reject_coco__000000024144.jpg,5d0374a85c317f0b64b32c0ecf4e9a5cfc6bca105e3f703b4776cfc9aa0a20c4
reject/reject_coco__000000024243.jpg,d5149ccbf5243f035138d8c982bcef0db2cf20e93cf249c73183957b9cff10ff
reject/reject_coco__000000024567.jpg,44891e1a27e3a262a3d879fa27d2749b31ca71d648f800952f4dccc248bc3743
reject/reject_coco__000000024610.jpg,aa7b8f989b3584fa3b41c743f5d1b3c45f9f6ead8c31d7a64f9b253b5c2868cb
reject/reject_coco__000000024919.jpg,9c721d584521c2ae58bc0eb03b57c4ddb0a013d6af0ec08fd223ee7c11fc7b45
reject/reject_coco__000000025057.jpg,8208c5aa7a2aa8b805e7581289a91c8ed0cad5cd8a90e826d1ea0ca59d1cb773
reject/reject_coco__000000025096.jpg,2115b6f6929bdbc88618a070f61bffaf944dfce7d666b4c8227151524d3bfc28
reject/reject_coco__000000025139.jpg,9c1c256049d80c05aec424d06263b1e0f204c3e5c20352a76b9897fa3ae581f3
reject/reject_coco__000000025181.jpg,91928323bb24e153995d938c8048039885285fa7d7a947a4ec5edd07f3b15e19
reject/reject_coco__000000025228.jpg,2b6b45ffe7197a9006a98ed31b8f55495bb876e0c224f1695810f04e61f626cd
reject/reject_coco__000000025386.jpg,64daf1359646414e79338f609083292162bf91e560e170c72a4666d95d341a44
reject/reject_coco__000000025393.jpg,677e993476aed8ceca9bd9b8edbeb3c8874ed19488c9050cb8b55057a5f1547a
reject/reject_coco__000000025394.jpg,f13f54a3cbe28140004425b1b010c51bd5be0e4c4da1d4b1e382e3e0b426e316
reject/reject_coco__000000025424.jpg,89e8025ecb6f48125ac826dd5fe51409deae64e98133472adbe6ae62b6a61705
reject/reject_coco__000000025560.jpg,14ce4ee59869b1461f30c64c09e1240edec49c820933c90830b6090d4219c416
reject/reject_coco__000000025593.jpg,83bafce2fe5f41a25e6f0e0f43c7e6d972641f0c3fdbb26441877366a5cb77ed
reject/reject_coco__000000025603.jpg,f75a5898681ea62ef547b8c002e8e0eec00c50aa6b995334ab967798cff6e6dc
reject/reject_coco__000000025986.jpg,721b718fe15a4f3739c0673acde4fa224ae7839f9317e7e66d256653551ea23b
reject/reject_coco__000000026204.jpg,173a86fef1dbf7dd4c91dbc6ed7f1df26fdfdc398681aa04e558ee165f3ea326
reject/reject_coco__000000026465.jpg,f941bf1156d9fc2831c487a93caf78ae3367ddaa5ba4f6cda4384af13ea91ff0
reject/reject_coco__000000026564.jpg,ecefff4893149e6ac22348a59c8e4d3c1b3a751266a15bd38e3e6d041bf39c52
reject/reject_coco__000000026690.jpg,a59b160b83fba25fb745b42efbab6d99202b4984dbbc1cdbe8d00201b561f8f4
reject/reject_coco__000000026926.jpg,7126855b6fe8548a6b9da18d8424f803c0eeb37deb3f5764f95f4d60d1915b37
reject/reject_coco__000000026941.jpg,2e4081f3a5a5a747adb86d3f85dbd3e22db944ba8c2aa3f6119cb4146de4d2ad
reject/reject_coco__000000027186.jpg,2e60a537145c388aba560db6312aecd5fddf5bce7a8f75adfd06492bdcd34e2e
reject/reject_coco__000000027620.jpg,035a452ad79eb267a669fad48b220b1bf7d2e3500a5d736a195dc007df01bbfe
reject/reject_coco__000000027696.jpg,9f24277c956430eb4502f44345bcfca81c43cfcca7184a75820e2ea1dde8cc64
reject/reject_coco__000000027768.jpg,f9d68320358d980c1ef077c986316729fc3bd42b7e18e4433bf29b157f1f20f6
reject/reject_coco__000000027932.jpg,9ab6d8c5a124427d77add9827dc6ad58ce94efb003c34e5e20699acd82f43731
reject/reject_coco__000000027972.jpg,aeb3671152fdb0f319a96bdcf659751a925e52d5ab867e7c412273f7bfe73845
reject/reject_coco__000000027982.jpg,ef3fd6c41531be0ac195cf5efa67c803ca8630c066ef5c046d802ff8ea4ba440
reject/reject_coco__000000028285.jpg,a37d71f6459efc47c22ec687945599cf4ec81c1056e6f0256eca3776834879b4
reject/reject_coco__000000028449.jpg,520039fa3e2dad9a09632c7f5c5babb2ac30ce78137d3d140372ea6d43cd3ff2
reject/reject_coco__000000028452.jpg,b9adf909244cbd3c6105af33723d6664bf7e88cd7ce4de697f990828d4c16a76
reject/reject_coco__000000028809.jpg,ae2c7be44df33d27135b6aa2f5d82d4c8bb9784e99469a04be708ee68943a45d
reject/reject_coco__000000028993.jpg,9d582d15dc1a53b419f8c32253d4eb1bbe0fa20ada973e4d24e72af55b880a83
reject/reject_coco__000000029187.jpg,636a078ae06c6779d11fe5bc889506a6cbf5cad7a3c82dccf1d7d98130bbef73
reject/reject_coco__000000029393.jpg,378763dec71a25c7cb44ff9e345c84ca0fe2d8bf993b88775c360549edf3b733
reject/reject_coco__000000029397.jpg,4185e741b14c3e6e2b9da920217a988d08cb89dfc41d377c3aeb4f1e41d8c2f3
reject/reject_coco__000000029596.jpg,b8e8d8f5fb32fb90cc1c064bbc0fad3846b3a6c1fc6773fe74700a86b184c315
reject/reject_coco__000000029640.jpg,11957ae08b2b2a3802cb671efab513fdc32ee83a31b390341f2db228b6015c8d
reject/reject_coco__000000029675.jpg,59647741cd07304fd4ef6309bf4707c6abf96bc8e654ce632be41f590e5cf65d
reject/reject_coco__000000029984.jpg,1c1ea8336e8c0e5baa9e6ebd7c732aa49b7b30e411fd9cd97fcc3ded654777a3
reject/reject_coco__000000030213.jpg,27fdc374629bb5fc3c059eb7f5516b940596f0b50087adf364b6b09922089eaf
reject/reject_coco__000000030494.jpg,eabc12936cefe60de3cc9cf4bdb49fbb0f9435f188ec54dfb067f597b51c0c3f
reject/reject_coco__000000030504.jpg,6a07fb2882010ba47140c43ffd7cd4a51331f197666ea9837b43bc077e88f552
reject/reject_coco__000000030675.jpg,66c6259b826b869e0d2dba078a0de6d9c82617843c2d5448e9b34566bab6f979
reject/reject_coco__000000030785.jpg,5a389b114f8aa2833b93c491616ee551ad6b3c316b2470265998013585f1387f
reject/reject_coco__000000030828.jpg,0c9fb9dc3bd6a11defb1ebecc1c3a50914a0007e53cf4b16f1cffe7b363fbd79
reject/reject_coco__000000031050.jpg,6b16283fc0f115b7c14288a8e7949ccfedc10440842a5de7064f9c58c4c7fba7
reject/reject_coco__000000031093.jpg,769ceca7a3baf1319cffe4ad462561859d1e3f1029034fb87a12ef69acdf91bd
reject/reject_coco__000000031118.jpg,2cdfc92ff0193efb0a93f9021841308f1cb204d1ac4810d00aa32a515ef033f7
reject/reject_coco__000000031217.jpg,c3bd88960d608cb0406e870e224fdf0a5cfd8365537c2fee54bd10453dd402f0
reject/reject_coco__000000031248.jpg,fc5a3defaf6427f8f59d0a68d85ef6f73b25fa8d55fed78393f31a9e3e0e6270
reject/reject_coco__000000031269.jpg,91de0bc1f19dbacec3234adfd8e9eb160c5a08bf1dcfc4b6ccc08af09611708a
reject/reject_coco__000000031296.jpg,e44caeefa73a14822ea5d47f5c84023ef7883bc064bcc089ca2f368a8945e2ac
reject/reject_coco__000000031322.jpg,10f00a49fd34b83b1656f627061df90603bfd3e3f2ea8119975993ed0ffa5e47
reject/reject_coco__000000031620.jpg,61512f0a301dd85e22fabacf58d2f04d003cc89428c127c5c6aafad9f4c30ee1
reject/reject_coco__000000031735.jpg,49568f890bcbfddb7afd18ba8afc6c1b20ffe6611a888a3cb93150d24b253ffa
reject/reject_coco__000000031749.jpg,7fa4284ccb0f885ee85ba6d12222dabb404d8a0e3b081bbaf89148f95ccb7ca0
reject/reject_coco__000000031817.jpg,7b2e9e578996e44b1e9ab8d7658a3de6970de0d8738abb560866fd998bf399b4
reject/reject_coco__000000032038.jpg,5afb15a7ca2105d97e1f3a095dcbb1bdbe92232b1aaad9b7ab3bca63ee8adc3d
reject/reject_coco__000000032081.jpg,2acde5232e9dd81c012d6e0314f733985f603c95d7d482d5a52e4191daa00bae
reject/reject_coco__000000032285.jpg,080779f05a0141b2d762ac043d96928fdc56bab73edb8ddb57e872501c8e940a
reject/reject_coco__000000032334.jpg,68388310570b436dfccb56686a02d54621673b2d95074bfb6dab46388f22066d
reject/reject_coco__000000032570.jpg,f193d982ca276820bb038610d4ac45fb2de46715510186b834c984a7f099a365
reject/reject_coco__000000032610.jpg,a77e88c3a333e9264c55f6c92c97d54e1e41b9c48f9307509c39f17ab14fb382
reject/reject_coco__000000032735.jpg,309105454f28c30038cce8c44d48300b626548477957b3d056bfacf9da3127e4
reject/reject_coco__000000032811.jpg,bee917a2ebb2c2a35fab43f9673164e64b1512c846bdca19bdb629611b80fb04
reject/reject_coco__000000032817.jpg,b0028b5505cb3969c3bca9e63a6e0691b5ba85f8db31dcf68eb46881f3c98b78
reject/reject_coco__000000032861.jpg,4381cc5866c6c160595d85695f0b7d7ad30b077f788c208f769a38d3a0a681e8
reject/reject_coco__000000032887.jpg,f85c17ab33d54631410d6335a5eaa1de780904b777f1da15f9c06ce6e61d3520
reject/reject_coco__000000032901.jpg,92ab99b7bc4581270d47ad6b1f7f1b06c9b7615e226c68cd8691726cbc53c264
reject/reject_coco__000000032941.jpg,2b881cc082e3d79f6685320ddf02e04ec534e7f904a090a4e627eb445cb26ebc
reject/reject_coco__000000033005.jpg,840a583d45613d662220754de433f96bac6e094372546cf2f3090f73e645d7ef
reject/reject_coco__000000033104.jpg,24d3088e3db4b4a04c83f0c1cf3dddbc33c02389eb2591d9d03c4a3cf73796ed
reject/reject_coco__000000033109.jpg,d4c1905fc9f846478feaf8cd048d39a2d50829d1dae1ef954d9b0e015c081b4d
reject/reject_coco__000000033114.jpg,6ad530e1d20b1b23d52b880192d8ef314cae28a93b9300561d419ea6a2bbdbfc
reject/reject_coco__000000033221.jpg,b7031fe2396f64142e19ba4f143687112bf555995233a7e48bfc9a57ab4ee4ea
reject/reject_coco__000000033368.jpg,8744e00ee252788e713def22b9d93710db7676dd5bda496241d14fe03661187c
reject/reject_coco__000000033638.jpg,997707b5024a71c18d33a03a6f8627556f0b309c92f03962bf0da3f83f5f8f0e
reject/reject_coco__000000033707.jpg,78d30a901a0cdf841fcb9342dc1262d61feaae89e4ef5ee1f0de9e275bfe3464
reject/reject_coco__000000033759.jpg,1752e2ea7125cfc42c0b5e73390e647f98d0e32d7df9c528f6e839b108d672b7
reject/reject_coco__000000033854.jpg,b86eeebe566cee1e853f153675db94ba23d6642956f29ea473804c7852cb6b37
reject/reject_coco__000000034071.jpg,a948458ba76bbb64a2a1ce28a88ffb43c7ced9f03f983648fe7ece83a8826b75
reject/reject_coco__000000034139.jpg,1173eb43bb487f08c3620b12daf67c98a6bcc14b7893521393055bfb84db33c5
reject/reject_coco__000000034205.jpg,48fbf607e09ff475a83d2f67ae74e59da68e7992ecb43245c4ba65a8ae3c2509
reject/reject_coco__000000034257.jpg,d6d088e414bb3638a5f578e5f3ea11d9e587e6a5efb72a23a796b61ef60dd99c
reject/reject_coco__000000034417.jpg,2fbaf1efa2a724925d68f07b64d84a02c0ce7cbbe9f3e26262625659f9f31c68
reject/reject_coco__000000034452.jpg,a1b87d38128e4507b46e9cb99ab1fe96b062f3838af2be0618e6e3fc5abdd5e5
reject/reject_coco__000000034760.jpg,0fd67be645460db96f578a810d5d59b84ec4ca8f7ee905a1b538b8591211a1a9
reject/reject_coco__000000034873.jpg,376dbffac6db0b092cc07b43dfc34886725682d8e641caeff54710ac8f61ffb6
reject/reject_coco__000000035062.jpg,ced2374ae4276360bd7ca8f1aa2cf46bfebd62af2ac1eaa04a8e64fccc150333
reject/reject_coco__000000035197.jpg,ba3bbe396c1ef5ceb856b4e3d5017207db5320a2883fecb2ceca0d6fc79c4fd8
reject/reject_coco__000000035279.jpg,ad30a4335a65035ef96c5503151ea47370e6f66e65b70a44c26ed1c4d580df95
reject/reject_coco__000000035326.jpg,585b9ab944861e297b49d352117de3ab59a5c3bd55f3a298bdf91b7a3a544678
reject/reject_coco__000000035682.jpg,1844cfa76d23a9768578f2c27306ecbad99326d2d374b070af9c56d50058c155
reject/reject_coco__000000035770.jpg,bfec13432579cd1aac19f4dc14884a1b16b0708101271bd03cca378591f36ec7
reject/reject_coco__000000035963.jpg,4ccc0b243ad62dde6d6500eb86f7a670f631302bb97d0e5bebd92f1d784d456b
reject/reject_coco__000000036494.jpg,08defd539aa6aaea4f85c03b650b6b3d4ceb5d47e65a29d9aa17d18915daf9b8
reject/reject_coco__000000036539.jpg,e16c9d4bab618469d1d841a4b905fa01232f42c0f18884b349b243b736c66d86
reject/reject_coco__000000036660.jpg,331fa26c3a7931f3752e56783e16f147d9b0e25cb63f4ea01cb4aea2d7e3e1ed
reject/reject_coco__000000036678.jpg,b1a453d5b19059f02e49f9056c31e1b4c09e58b8bd3093b0bd3266149d8dd1a4
reject/reject_coco__000000036844.jpg,45107746c8c33123a387d8293890c4e08e0d8959f4cf5987e022556758ab5f1a
reject/reject_coco__000000036861.jpg,9799ce2cc5ff5360c97711b51bcb3a1e515416f56b975db40d884c831c2f7c99
reject/reject_coco__000000036936.jpg,335f0411b17499cd23577b270b9a1aa8519cc44f6f9a246fd666415c833f4ca0
reject/reject_coco__000000037670.jpg,e393e95e4a6bb9d702502932da4e771c8f2e09109e92205f8c643bec8a1e4e4a
reject/reject_coco__000000037689.jpg,c8abab45d17f644945876d409ba6eada408fd2f4121739abf6fa9379920cbf09
reject/reject_coco__000000037740.jpg,a43be814045dd63e0bcd676b10c993113d30183380b04044f2a4eeb05bdf0d27
reject/reject_coco__000000037751.jpg,5c19f466d3c9d49f855b98ce907e7452dcac3349e1a4f9977a18a0c9fdaf5a0c
reject/reject_coco__000000037777.jpg,fe513b68ba46bc146114c469fdff52c288226073f03d73d3300d4fa739937369
reject/reject_coco__000000037988.jpg,0c5fec72e3f1ed81b648718bbb7436be61218bc24b78f56c2dd365196050fb59
reject/reject_coco__000000038048.jpg,38eeb64d6890bd5364992e704acc366af246bdad6ca33c8623e73c7e118f340e
reject/reject_coco__000000038070.jpg,9d8c62b8231ffdeb64e8b9b2558b366cf86cb65408d825123fac1b44e8d653da
reject/reject_coco__000000038118.jpg,ea735adca70a80e2d2e55495563e5c09d90cb44a0bd1458f54daa9a7eddca040
reject/reject_coco__000000038210.jpg,0317a0094f357ea07c293ee9c32e58a87e5e0a5438c6d9c09250266df1249a00
reject/reject_coco__000000038576.jpg,abdeced448bfb1d0aec615f9927f23ec679360f1fd954968b1ed2024d386509b
reject/reject_coco__000000038678.jpg,7e3bf523b3a2baa280716e31687874a031a51219767b20965a62cc7bd1f299a6
reject/reject_coco__000000038825.jpg,c97b8b6f195541932de28e6a79bacd569d65d29e0a32f04274885acc0cab505c
reject/reject_coco__000000038829.jpg,73f5b0fe070aaec65bbb7263d16d3d717a75304333fe939dcf086bd85d6ff2f9
reject/reject_coco__000000039405.jpg,d52567494fa41938b09e0734c1f2726b5031c0473fc727b152c3848bc560138c
reject/reject_coco__000000039477.jpg,66afd33bb79d40a43a8486acafb399b524a6c49b17f694aa1daa8f697aec70a1
reject/reject_coco__000000039480.jpg,01bcb7230363caf883ccc2c419995c00ccc011254cdf3fdec5f5f33172496083
reject/reject_coco__000000039484.jpg,dd5ee58026d819fb399dff4339efd842c936746c404abda74ad42cc2a499bc5b
reject/reject_coco__000000039551.jpg,4c84a652af01f02005d2116c351bdadcb1b82445c2fae9cd47adaccf6470a136
reject/reject_coco__000000039670.jpg,78fb0e5a938f9deb4a359dda8e0e90f8634edfdf703a93131423348331ed347b
reject/reject_coco__000000039769.jpg,dea9e7ef97386345f7cff32f9055da4982da5471c48d575146c796ab4563b04e
reject/reject_coco__000000039785.jpg,887b76f9732bdbb0038f0338cd1a687b49623114352bdde634a3a25a12454b99
reject/reject_coco__000000039914.jpg,b49ad1d74810ff1d6909256d2b55ccd8593fcb2f6b9f059638d9fc2c9bf059df
reject/reject_coco__000000039951.jpg,471847fe98e8c4672ed59c9cc73fe3699c9654152f667a65a586fb2c24500834
reject/reject_coco__000000039956.jpg,76e73337d2385cf701750bc38a42f0205153af090244e66fb7a261052cb05217
reject/reject_coco__000000040036.jpg,4668e4529c5e8a2e60df6fe4fb3882c089ce93e59ea8c8a5cd86856b6d6b66dc
reject/reject_coco__000000040083.jpg,89b9c3771c9428e0e25134cde9bc0a962318a477d267ef47f8e1872526207da7
reject/reject_coco__000000040471.jpg,77aaef65849b5bdb4df3ba5bb16028c3a4918b563fcb2c191114a32c9c6c9d77
reject/reject_coco__000000040757.jpg,60f4f240bb8fdd983afdb8966fcb7994e74d36b8e65d77f47066ea95fa297dba
reject/reject_coco__000000041488.jpg,b33827c6a6a0fe3cf547390cd6ceab75afe4b307bd19a9fd767cde16cccba2e3
reject/reject_coco__000000041633.jpg,9aaff8c1163dbc4d38c44079f1dbccc64221d4c93fa45404249595951a70ce16
reject/reject_coco__000000041635.jpg,a894f9b6c0edc1dd58214d1fcc3b469e6c98b2c9c4c2e04930408d790841ab40
reject/reject_coco__000000041872.jpg,9ef41d1689519ff9d93fcd59fdd4ab43e9ba205f76b23fc1aeaf4f2d5cc5337e
reject/reject_coco__000000041888.jpg,a53fa56864d2c170551c0584813aa5a39b586f100bc16dc26010e9af88f16cea
reject/reject_coco__000000041990.jpg,0218020651b6cdcc0051563f75750c8200d34fc49bf34cc053cd59c1f13cad03
reject/reject_coco__000000042070.jpg,818c02b337b36d985a332535bd5526fa8f958823b1c910e86579fe4294dcbcb1
reject/reject_coco__000000042102.jpg,13adc5e53fd4b2e2610663744fbc76be64abf81a2932bf2acf26afb5e107368c
reject/reject_coco__000000042178.jpg,a93b3e69c542397170396ea0a1805ff740924aedee8deb336b82fa9277b82b48
reject/reject_coco__000000042276.jpg,756af170de5d32112b9c0cf5af399dc4dd19a2c455e4d352c3c60577d1ebe3a6
reject/reject_coco__000000042296.jpg,179182e03cb432fbb2004dc7366e16dc83c1e7cb834a8110caeef9a29f521378
reject/reject_coco__000000042528.jpg,842d6691981b2204da0e59afb546a251846336ae71e1e95f6dd87b346d0a5efc
reject/reject_coco__000000042563.jpg,fbf3f5a306636048f1c1400d5eda16b2103160d0088adee63eb4c26fdb95fcfa
reject/reject_coco__000000042628.jpg,3f0ee21a4508802e2d1c9991355f2c9b501063e24f665d23136e7b05f8e9521a
reject/reject_coco__000000042888.jpg,f7385d75be709221eff6d74d0c720fb5afb4e895706b5c842fa45d987f22b1ee
reject/reject_coco__000000042889.jpg,8a5181cdf9425417913d378a6f64833e606586202e9297ad308c4c95fc38e025
reject/reject_coco__000000043314.jpg,360eceae3e66803c8e19bf9a45b9498f0d4f6153ae2d6f832cbbdaeb899e393f
reject/reject_coco__000000043435.jpg,c3b039effaf2412a450faff11d2dd0c5f5ed0090d12d550ce7a0eab9cec51974
reject/reject_coco__000000043581.jpg,9288cbba23a3f1a399f8e6825f6c37e2a24491b8225cd1635a60327c423fbf2f
reject/reject_coco__000000043737.jpg,87e63848d72793260c580c8653f3ad0529682e49782dceb54385c0aa5417a10d
reject/reject_coco__000000043816.jpg,f2f806d70581cc12926f575e567b39dc0e7ab5c411a9f264d65d3c31f8c6d102
reject/reject_coco__000000044068.jpg,f87295880cbe28c49af27753a63cf939b78192da5dfed7d01d9a8087b8976af3
reject/reject_coco__000000044195.jpg,a99b38c679287df5161a985e8cfab1f98d2045a7b78e0652715b4052cb7abdd3
reject/reject_coco__000000044260.jpg,6dbe2bfaba661155f667db007740c249774a7d0ca0f5e9d384f6bc095492d39f
reject/reject_coco__000000044279.jpg,ec4f47bbaa7a948c06f4e748cfb9c8388facc711b1b69e98aa0dfdc656e6b95d
reject/reject_coco__000000044590.jpg,5ef55da25c21159d1aeaf61eee0c81b2127dc626eac012c68d2e9a81d2bd7789
reject/reject_coco__000000044652.jpg,807b8765af872023b004a7b2bf0f158c8a176dfa8c07d405f107eb9857c4b2e3
reject/reject_coco__000000044699.jpg,24c2eef8c2c8929f3b2032f30fc89c0894c6f1a375d6ae016e3ade301a625165
reject/reject_coco__000000044877.jpg,0035195299802ffbdd572dbe8195497d09a622124184be208f69d610f4fe7a15
reject/reject_coco__000000045070.jpg,0048f03ce376c1c3de6143ea8462c609cf0ff15847e20a20d042f0c4d968eeb8
reject/reject_coco__000000045090.jpg,131ff9a0a419179b934091c97a57ea257b02b8ed80762bc59d639d980a9707e5
reject/reject_coco__000000045229.jpg,998d76a1367d02919e07a672c028b5f41ed2713000357cf3a8b6832ad7ca2368
reject/reject_coco__000000045472.jpg,0e7a75145b74abbf6e26aa3ab0bafa2f2625d4e8014c7bd4ae938c12e08a8131
reject/reject_coco__000000045550.jpg,830f564b71f327b0bcc78afcc4b8df86b41a13fa9bee13e2b0dc20bf9d827e9f
reject/reject_coco__000000045596.jpg,6067fb9c3fc361df097d97cfce2bbfb895929b74cfe5ced4759445f8acdc5159
reject/reject_coco__000000045728.jpg,ee8c2a9618c4ddf0dea13bf308d61af2d62fdb4f927409aa56fae182e0671df5
reject/reject_coco__000000046031.jpg,1f9fdd33f7fef7edf43716034335384a6c33fc032d3ca5984eec495346be828c
reject/reject_coco__000000046048.jpg,5d8055ed7fabde0ed90bf84d6d89256c53e7fecefb369624f8bf3b0e3a464eb0
reject/reject_coco__000000046252.jpg,2ee9e8fa409776fed080bb30f32f51d7d459b2edb606d88dbe86b98a69a4d5ed
reject/reject_coco__000000046378.jpg,927a104a4eb1ba7960946cf89ed6cc199bd7c840674787b8e77b74a7dd60aafe
reject/reject_coco__000000046463.jpg,ab7f51b790223a301a4c2509cf2ff78554149b76c2ccfb54f303076d6fa412b1
reject/reject_coco__000000046497.jpg,af32ef895a7c4e954f3077b36b8d0a852606d9e4861a1e0ea9c18d7e3dfcfa82
reject/reject_coco__000000046804.jpg,88b4672b1228dc5cb2d770a7c78ede27384a1f5bb8c429d5220f46d91f25f293
reject/reject_coco__000000046872.jpg,fd991bcccf8342f3ab5c5228dce3873765964a545365ac3f31d69b32c8a9258d
reject/reject_coco__000000047010.jpg,d3d2e08209430be0d54b9aab3b6bd7c8ce4c2ddd79b9ed7f994dbb3bc5134856
reject/reject_coco__000000047112.jpg,33e728e922af408a6d088927b3d85720208274feef41c1efdc2a4a6ec4e10cbb
reject/reject_coco__000000047121.jpg,ff6c860fbb42455a29074dece1073bf8edb5f5e7fa862784e00129822a8ad89c
reject/reject_coco__000000047571.jpg,0398da07fb61f7dd096005253c01a669358c81507ac913c2d86fdd8ca396853a
reject/reject_coco__000000047585.jpg,42d85b5e2fc3f5d1e9d3ee8993fc6063aacccb5817c97dc6a443ff6450373e42
reject/reject_coco__000000047740.jpg,d58fbf97d596915335f1d9869ac59ec09ee16efa472bc49d820ed4cddd3b7af9
reject/reject_coco__000000047769.jpg,05ded59f58ff9936caaecf0be4cbe8ac15aae965828d9d11734825deb0fb7ea6
reject/reject_coco__000000047801.jpg,b621506b8eef99a00ba3ce791f66181077b18513b589edd04bc9caaf0ea06f92
reject/reject_coco__000000047819.jpg,e2f26106de0bf2dd49cda97b43771ca7788d9405cc78c1340445ead747d7d72b
reject/reject_coco__000000047828.jpg,5f6e1f03f620dbe602f3d447952712d9eb922f23b5be0bb3f226f0dee5cc80da
reject/reject_coco__000000048153.jpg,b83b9e68be063e9049ed73374e3c52ef6d401fa3bcefc38d8c49c9ac82a64d49
reject/reject_coco__000000048396.jpg,7bcd2860143837c1dd81c63236d02526e832ba83f181162f101f232dff0b35f4
reject/reject_coco__000000048504.jpg,7d194d283ced6a30a2f642cd58817b8007578b531c5346910a2520726dee3972
reject/reject_coco__000000048555.jpg,e931bb55b630e775a69395b87e118a76b66d7a216978000228b98e1dff015698
reject/reject_coco__000000048564.jpg,acaa81114ed1f6ba7a1d4ceea3376aee72f489afbe7db5e1e0515516978bfda7
reject/reject_coco__000000048924.jpg,7e4db164281de37dafa6d3a4e861f6777d0202661e92d11fb2b739e39fa8c391
reject/reject_coco__000000049060.jpg,24fdb66de0ab05eab30ceeceba3b4725084e075b8e40d91bb9d28201cd70b484
reject/reject_coco__000000049091.jpg,dfbab4608aea75760036a4e366130ef5bfb49d5f8699c77ec14f36154924bb74
reject/reject_coco__000000049259.jpg,75deea304839610c4f1d2312046b8c7d01ba6f350512a507d95abf2c7859ba7f
reject/reject_coco__000000049269.jpg,2fb0ce55959869151baba2d1197fb786615539d9184ea880983f7f6c4908e822
reject/reject_coco__000000049759.jpg,b2e2e3a373ca6925746ce645689b6d38a730ce3f6f29b6d2fd67d18b2ba0600a
reject/reject_coco__000000049761.jpg,cdda00ff492efe03cc180f7a2bf67cf6d5b2879250368b2a413a0f938f028cdf
reject/reject_coco__000000049810.jpg,d8fd48490a34f0f1e206a6206653881036e889e79c022f1ef97fb05dafdccf9a
reject/reject_coco__000000050006.jpg,6da72ab0cf83655e8095cb8cc29b74dd017496d5dd45cef2c7328556efb62196
reject/reject_coco__000000050145.jpg,c354e4a8ffd65115feaf41ed70dfc39e32eebcbb645469a0ef00e2518bbe2887
reject/reject_coco__000000050149.jpg,51e695b644f5f3431e44edd73d3ea54e1501335635c84743d0d7e24240c1497f
reject/reject_coco__000000050165.jpg,05045394108b6625e1032f812213ed369f187755fab7112a183fb21fcdfd05c4
reject/reject_coco__000000050326.jpg,2242c57b366c8e95b8dbe33cb4a44e12a91b1b4d7a1552b385cc98376904f0af
reject/reject_coco__000000050331.jpg,2b2f516489343749b236c3c834831dfb82bad6fe053585717a0dd53964f234c4
reject/reject_coco__000000050380.jpg,df1d17f3f65d75e67dc90f14c701fa65c097c8ac0a2e0d1b7bd226018fc57722
reject/reject_coco__000000050638.jpg,7bddfb9dcb6fced3a5d40fa18ba6bd6ee2f769b37d980989620007b29765ff84
reject/reject_coco__000000050679.jpg,a4531c707b2f6e12203915a08d60210fe666cda426dfcd7cb5623d33e9c147da
reject/reject_coco__000000050811.jpg,c69067b49ec7f1f07045130495c56fd29da44178965a33861b51a503a041acfa
reject/reject_coco__000000050828.jpg,b5231b3dfd3833e5abc1f60a6e632de13b697c313ffefef7b5697665c962e33f
reject/reject_coco__000000050844.jpg,82e1bd15d418dffb439de80cf445b733a186286253732895c93d79464bcb6165
reject/reject_coco__000000050896.jpg,6749a935b073e9a3958a463675fd201b81c66eaa1b0517bdd44d040146e17e5c
reject/reject_coco__000000050943.jpg,e3b0b34cf67c4db9ce9c92f4877d5c7c2f326109f02b6d2ea42c51b78a3748fa
reject/reject_coco__000000051008.jpg,cd615d2609c7ea6fa5c9c132fa8efd924477a05f0333470cf496117b7513fc3e
reject/reject_coco__000000051309.jpg,843073a1b40d454f132da06607d3ed525ce46eddd87c7f4de0b59378b8a02164
reject/reject_coco__000000051314.jpg,cf479cb75f4ac8f7297ec510f3de332aeb13f0b69fb9bc24f72daa7cbb236828
reject/reject_coco__000000051326.jpg,f1e5fecbdb78c1af6ea0a286840076f9f8102d5e5622af183df2c3de13a5e679
reject/reject_coco__000000051598.jpg,d727cfdbd87883caabe464636cebdac19c89cae7d948d19c1f86f4230edfcdbf
reject/reject_coco__000000051610.jpg,c4b6fdea9764b29e9ef8015c0bf6c1bb45c396f17fa0a425cafa9f2c32a025e6
reject/reject_coco__000000051712.jpg,ee2064827182164ba79766e6ef5492397170c4d0466e6ae2980faca0ef7cc9e5
reject/reject_coco__000000051738.jpg,d44181d442f78b7c16f4fb7abc4b23e2dc64dcafc7a56f643e944ddc8ec2d4f0
reject/reject_coco__000000051938.jpg,83af2d377338ed8dfe2608d8c8da1273b11dfb4c534b6426cdec0d93c6ed2892
reject/reject_coco__000000051961.jpg,4b2300cc85b7d63ac7e7744c51f0413cff08530890c6525946e7004bf20e02ad
reject/reject_coco__000000051976.jpg,970ea1c19a32bb86693413379669676443fa1ddb0ac153fc9fac48a56c6a25de
reject/reject_coco__000000052007.jpg,83345dfd3d5402861ec0a5ae0767b01439733c798cf81637b304c309abfd085e
reject/reject_coco__000000052017.jpg,7190d285796bad80a5949d171b6c05b8ad354c1b418981c55ed85376c624d48b
reject/reject_coco__000000052412.jpg,e4e5f67f6ccf0dae68dd5a0ccaa3dee71169a2ec2904ca46209998e8476f4fab
reject/reject_coco__000000052413.jpg,d32a2e65c67dd31a5f9783ba6749782e3e617043234cebe3b57cfca264c80f81
reject/reject_coco__000000052462.jpg,b427a75d07b65b8c4f6c1f9e818a8e45bc25bd4fa604bed16411b3884c3d036e
reject/reject_coco__000000052507.jpg,7e6a1ae4cf32d80d068033a9c3ceeec13fb835e90460687bc4cd458fe9abdb02
reject/reject_coco__000000052565.jpg,a1d362810f97e0dd00ecda4f1d427aec52ba3361c1a15f00cc525d9dc8216ad3
reject/reject_coco__000000052591.jpg,f137597498947e8bdc1f81e2d72972faff7bfda12e5910392019ffd5ffaea57b
reject/reject_coco__000000052891.jpg,e55b86a1cda874117ba1bd855e38dbc9b5427b840c362d72330019676ec47a44
reject/reject_coco__000000052996.jpg,0be041c42db05b3e7a7074e5fc857a7b5d616697504048f751ea5025e856f406
reject/reject_coco__000000053505.jpg,ac6b9836a7f1383ed0bc1273664e104f1c2ec48e07506d2e88dfac9dd7150e5e
reject/reject_coco__000000053529.jpg,560b4e0fc5844448f15891aa241443abc17b670698b3c56c4ae17db37a8cfdbc
reject/reject_coco__000000053624.jpg,7dcb4159280778d8c16a81d08a1742b62bc71abb62aa456eb45e7179367a8a1b
reject/reject_coco__000000053626.jpg,b609e8bb0a6363d08b129b858886c083b6729d35fba713562334dfe0a1a409ec
reject/reject_coco__000000053909.jpg,80df4444d544c27440621d44cc8726f9b49fe26f55550f0690861a0ec73c620e
reject/reject_coco__000000053994.jpg,0f1eb7ded7f9443a89430ccdf4375f58ec10185f76afef4f4ff23f15c856780e
reject/reject_coco__000000054123.jpg,66c735e467dca95c984fbabdd324686f14b4aa3ea9c6a719c0174fe4b4da2209
reject/reject_coco__000000054164.jpg,32ce2bb44c2650a805d6282b852f1d5c312cec7df0f8296835bf71005acbe29f
reject/reject_coco__000000054592.jpg,850a7dbd3351b791b86e7be0b8f24f461e12141d648b89bf1aff5f10135516f4
reject/reject_coco__000000054593.jpg,2927085bfe4c7b09fc4cea90216f71beedcaed0ec501cdb06630bf40b126ec25
reject/reject_coco__000000054605.jpg,7faf996ad9ff347643c1e94acadf2ff62c16d042344ef04567cdd3382bcccc75
reject/reject_coco__000000054628.jpg,59a36063d39f73283c1825712303d6ebc5e208dd4708eaf98f974f7acf48b00a
reject/reject_coco__000000054654.jpg,e3e0a05408aa5e2a0a6554a51a4aa8c6707b149e97865ecd11a46be9ca6df16b
reject/reject_coco__000000054931.jpg,a49694d5dc982701f33a1d449a3ff7ebf953d1947ca141352097fb2528b10d1b
reject/reject_coco__000000054967.jpg,d40210c4e2241a0ac4de79f4cdc7a6c859dafb1b2b18469146f992c714fe9b2d
reject/reject_coco__000000055002.jpg,df75b3c0b09e519fa531f8bb57d27bb6eb86f0e2a951c47c8defe593746fef77
reject/reject_coco__000000055022.jpg,183e2018079631fa23f89ce3d4f7d9ff0decaec41355a8348ed5dd5dfef33988
reject/reject_coco__000000055072.jpg,9924357680ebc985df4e3335dfa7b3ea5e5621d32757d665ba485dff87d2c787
reject/reject_coco__000000055150.jpg,a3cc1286a509c3778a503994298b6cb5f7a9cd18133b531cf66564eb24604d8e
reject/reject_coco__000000055167.jpg,370ff0c32b47f0200f7a0d2bfa507f2684d24a29fbfde06f75ed354910ac371b
reject/reject_coco__000000055299.jpg,1edeecdf29069ce361a48149950ad5d3a819ed3e0678dc1f2a8659cbb164b11d
reject/reject_coco__000000055528.jpg,284e74d6f4d0af3eb7441b3576ea4aa730861796ede9ec5ba60206a09ab25f20
reject/reject_coco__000000055950.jpg,671beab7c211e59ba35ecac10c629fab690696ab64a5f0a107b8deb638ee96e8
reject/reject_coco__000000056127.jpg,14c77b33e28f12794669c699498bed38dbe6f34a43868152d806529e97288196
reject/reject_coco__000000056288.jpg,6f98dd8e6b6c0d301919aa847ddfc0b9356914219349ea67942b1afbebbd68f9
reject/reject_coco__000000056344.jpg,2aedd846bfe767e86dc858282c286ff9bcd3f1303ef51dababc4bd459f5a5060
reject/reject_coco__000000056350.jpg,811d5c94c05837766da90281d5a0ac773725f2dbb9009743906f686cea4e89e4
reject/reject_coco__000000056545.jpg,852f95c0f7d5d72ec994fcead05a2a5501e7459966a360d92c26a5827584c744
reject/reject_coco__000000057027.jpg,e6cb3303a69b6f04a9d3e37aafb8ff9c0b8ba22c0e56b7465693c2fd755af794
reject/reject_coco__000000057149.jpg,4e57fdaa7e50f2f384087931a026ad14252f976289b636213d24b2f61f64f544
reject/reject_coco__000000057150.jpg,ae7e6f712229d1ab128aab94e4b358c2dd58b63af4e45438bf9aa0d089eb963f
reject/reject_coco__000000057232.jpg,d2608c361bce2a50706e7b840819dbc3c01147bacfe35752c4ff59ebb467ce93
reject/reject_coco__000000057238.jpg,4735eb080d60531c2e529111bda9b47d5b98309df86242441d27feb5e7faa879
reject/reject_coco__000000057244.jpg,8817d222a7fa6bdb7bc61aaf5245c547ffa69ff748706ed7a572965bf596f19c
reject/reject_coco__000000057597.jpg,003280b50c99124750084f25939f305f3fefbd9e3caf5002a456249242b154c0
reject/reject_coco__000000057672.jpg,7f497377f9ad39d7b90752d4faf5cd7605329652d511f5009430d39231512334
reject/reject_coco__000000057725.jpg,d660e0aa68834a35a45348a1ef40e0d5c5321aea7ac74b36a53fbe7abc63ed60
reject/reject_coco__000000057760.jpg,7a3e5dbc421994faf67f6e6183eed727eba075b0eff6446b623544a4ce5f740b
reject/reject_coco__000000058029.jpg,bdaff927606e8238cc1fc099830c233851e8af4567238d9b5ba5cb5886e5b0f8
reject/reject_coco__000000058111.jpg,2c476318934bf7b8e6ddbb0bcb119b8ce5ed9409e3444a6b8f8b4622e59fa1fe
reject/reject_coco__000000058350.jpg,60cc4d293f157edef6ea4d229cabdfe76785c0c1a54b063cbf0a633a1deda52d
reject/reject_coco__000000058384.jpg,cbf40f1bc228f949f3a64280a44f6a57f8f796d0817bd7093d93e453271cd460
reject/reject_coco__000000058393.jpg,920c9bef1eac34af6f337e9486391fa4c252f330cd8e616039430726d2f456d3
reject/reject_coco__000000058539.jpg,217377804c1aa61a53a209a38c5951b38de33d50d612a0ab299b3ff8912cde10
reject/reject_coco__000000058636.jpg,9c62cafaa78da7f5c47881c90188f91375b6658042e30714e59979d1a1a3bb04
reject/reject_coco__000000058655.jpg,9784ea090eeba09ca328705b68552f091e4f2dc950119d0bdb1fdbe0d5032e31
reject/reject_coco__000000058705.jpg,8daf36eb8c1d557221bc85ea0cfdb2e8a83747f26e0c91b1f939d50f4713697b
reject/reject_coco__000000059044.jpg,d31c32a620ac3c59264551616f1f016e5a5ffca1e496888d4b3eace88cf928ec
reject/reject_coco__000000059386.jpg,7af09698dd6c0363f0624980b1ab6bbdd2b19da734b88be0d7523e35c235d9a7
reject/reject_coco__000000059598.jpg,3706b765e0214f3a3b3c62dd0dec65aba7a2436fcea1c38511bc232161ed3cf5
reject/reject_coco__000000059635.jpg,8d5bb0880f202267b97c5da77409f541acad3943ecfe8647c7d612d6f6bb27b8
reject/reject_coco__000000059920.jpg,07df02359db6657d4ecab4ab888e70a19042dff8897fa7faa9dfc9899565e501
reject/reject_coco__000000060052.jpg,848b664f24e2ceecb900bb21ed3491e2f21096272de294114cfae34a56aba97b
reject/reject_coco__000000060090.jpg,6e53971813dde9f951aca91f8d4990ede14c3a9e524569ad683d56c379bcadde
reject/reject_coco__000000060102.jpg,49d1bff2f0dacffc712afc003fe3d2b8705881e5d5e241ec02d37e431d49d01c
reject/reject_coco__000000060347.jpg,18e94efcf2eefc061ee834216fce0c436f5f2efe08269f2499cf6b5c628b342d
reject/reject_coco__000000060363.jpg,f0c260ac44dfd4199719e0e00c92600ab0eea655fcdc9084c9e929943ee10dc7
reject/reject_coco__000000060449.jpg,df8750575b6d080eff58ab42be4ac1790e6555722a06d7354d45ab5aff2cd469
reject/reject_coco__000000060507.jpg,0aa436c998cd750d278170996d88b02869af323af4543ae4a8ef6349a14ca7fb
reject/reject_coco__000000060770.jpg,24135ad43fba8a8b2399134fd4ab91b414d1ec1c17b79583114ba6003da53422
reject/reject_coco__000000060823.jpg,14c5d41fd1b2673c7d2697ead475b106d65dd9ae3ff6d089cf7b35a99e76fc26
reject/reject_coco__000000060835.jpg,e261953e1c8710e756619fd0d4332366b7abf0318d5928a17f1ef3a0b8e63d26
reject/reject_coco__000000060855.jpg,73f63c29212c32b83404124a2d6d24d43e25abf003b608c007073d857bbb3034
reject/reject_coco__000000060886.jpg,746e5db6776623e0c0782b2c37488470092e59982960c544acdb315576470349
reject/reject_coco__000000060899.jpg,57c62f60ea71b9d40d33fa94635153fc02b1eec74b167324e874ee2ffb12ecab
reject/reject_coco__000000060932.jpg,5dc30fc8cef779e2e4905235a08bddf1116dadc659356238293e2ac90792a7ed
reject/reject_coco__000000061108.jpg,9b12f04a265e842ed75e9eb2c2de1c537cd3543baaf1d7e4f6f26f8b31624f4f
reject/reject_coco__000000061171.jpg,5ce292478efc1614080b98002fa3695f04eb08d93fcf061ae98805171f4bafed
reject/reject_coco__000000061268.jpg,a24e909fbe59df668c41b2aba50e2f88a316e0d9e28881236454fd1c1b7b44d8
reject/reject_coco__000000061333.jpg,d3c51525ef4df7b192081a4f71725a7e2b9bc09ade3eae9d1978b7768e2932a8
reject/reject_coco__000000061418.jpg,58b759dc5b44fa579da3e69b6d344041d8ff850f6168a3a4834708bfc9237b1e
reject/reject_coco__000000061471.jpg,45b86dd04506ea6e6c2d96a6dcf389150a95922146ff41b858ab40c3edb8ed1d
reject/reject_coco__000000061584.jpg,e86bc3f63f6196bf2bad02d494af460ea8ae183cc6893af23d3c9888b5c4adbe
reject/reject_coco__000000061658.jpg,b6541a7a648f2fd1beb04b01c69daeb8e325001698a82472851a3e8ef2b931a4
reject/reject_coco__000000061747.jpg,f6d6aca367902398f6bcde8059ee311f9d96e19802d7b1a02a607cb460045744
reject/reject_coco__000000061960.jpg,768a390a453b8bccf0a5ebca858eff9622ba1d420f6418b858c7248dcd827be7
reject/reject_coco__000000062025.jpg,6f3e087ad8894aeea17e760dea86bed6d34fe7b47a41c88dd9ccb5f79ececfbc
reject/reject_coco__000000062353.jpg,088b152a4e5c411aacc4898820b7f1ff45cecf29e7f43f369692e33559a0ecff
reject/reject_coco__000000062355.jpg,cd1ea20544b940dba4546e514168e43b88ad919591823885139507b00030b0aa
reject/reject_coco__000000062554.jpg,2b9444ef969f3b95e53ba3e78ddd329c41c03fbc3c8e7e07034cdd6cb8bc9f41
reject/reject_coco__000000062692.jpg,054cad4e215e4d79712d6f04c4f56e5f7b859b8ae3f873a1c060dbb4f6d1f3d0
reject/reject_coco__000000062808.jpg,547ee9c5c2f5a1b0da558c30f01a92818961999392d205e88422bd4d5bb2e54e
reject/reject_coco__000000063047.jpg,a22d4aa86990d164396b37a5e95eba6e82ff36cddcfca557fc8501136591133e
reject/reject_coco__000000063154.jpg,dcabe02e909c4b02f7796008b70312d5a4a10d8b1ad7b957393508eae0a52887
reject/reject_coco__000000063552.jpg,a3a0b0e84709ed08012ed3fa37b2d6bc0d45546560c750f8e9de921c0a2de406
reject/reject_coco__000000063602.jpg,f5ec3b32e35d09164814b6a3950129e266e69ef36ac8dd3f0918b0991dccfab7
reject/reject_coco__000000063740.jpg,9f74cea258a399e7c9afb513b4ccf7dca1dd42f42cb5b169799556667e5d0c34
reject/reject_coco__000000063965.jpg,6189504e77b4fdf154015bf9030064c084a5250ce5aed22d544d3a183dde04ec
reject/reject_coco__000000064084.jpg,8cfec390ac738c1ea0aeb0ea79297178255022a0f6cbbe32bfa2402eadbaee2b
reject/reject_coco__000000064359.jpg,c28e9336f674dacb5d8412874153342ee66f8a5863bf1952ee476083147949c4
reject/reject_coco__000000064462.jpg,1f1c45a106be672324c5c69a709ce1366a8fab4a9d55d194bb68de0d70275c24
reject/reject_coco__000000064495.jpg,57c99cd4703a6c54282dde37cb83c05e08619776beb766c3b06f9acdff0357b8
reject/reject_coco__000000064499.jpg,59e1d75bb19d61b4e6935e1701ca3a4e3abfa4cca546f81a2ca965992f4c9535
reject/reject_coco__000000064523.jpg,298290da37182362fe71559d459a7781f08575563e731c6be7b04ef7bbc3226a
reject/reject_coco__000000064574.jpg,77b300df5857acb1211c25f346b7ee3ed01541052e797a6af7e7a57a3f9f488d
reject/reject_coco__000000064718.jpg,23311e201fadb5ba2bd9a0d6cac209b1f91ce946362ef7100ba47993b2822ff4
reject/reject_coco__000000064868.jpg,b3cde4030154cacc17d93aa0a01344ec749f96faab680016e0f680458410cb52
reject/reject_coco__000000064898.jpg,81af7e0eb641717eb10d0517c6a39617a5f4f1c9d5a6cad47e300f7f96a4f68e
reject/reject_coco__000000065074.jpg,6a0b95b1b0802787e63c1a2fbb2902fb0d4b6967b4e1db03d2908feae1029d2c
reject/reject_coco__000000065288.jpg,ac018fd2b55bb4c0dddd083f374e5e58231ea41279eaba20c2da464b56fa8760
reject/reject_coco__000000065350.jpg,963a129714e3675b99b6a405a2cb46eca5678241358bb6b6bbefc3c3f1943ae0
reject/reject_coco__000000065455.jpg,ed8e5f059b14f8e97768fbd2bd505c7f4b519f978b3257c3e495c85e5fdb18df
reject/reject_coco__000000065485.jpg,002bafda6137a294ee0f922d012a45cafee4377b175696cb4e4c09d0d046907b
reject/reject_coco__000000065736.jpg,2964c5da08d186b8a875c9ec2de8aa7a829da5b6bb028a70933baf7eecf8dde8
reject/reject_coco__000000065798.jpg,ba4c6ba4b0d6aab7c8de5e14a94aa07a2d491f3515a644f051da90431d20f8a7
reject/reject_coco__000000066038.jpg,6ffd3baefa47644f7bf33604d7c1be20c6012950ecbc5dc328d2be9d5833db12
reject/reject_coco__000000066135.jpg,e201fe7400fcc37388502dd59b43f3bf3e6b6aec87b4c3f6444550f066854dfc
reject/reject_coco__000000066231.jpg,9f4fe7d747ae0d163c865e6478afc0a39822817b650b11094bbcb4fe37b46680
reject/reject_coco__000000066523.jpg,49adf223db2be0c58fd0fcd78f8ba77c004b2a4d9ee399e1788f5257d21c1063
reject/reject_coco__000000066561.jpg,9d6b1f7638ca075af1b8f5c740eb681199cdaf9adea67abc1671542687019ee9
reject/reject_coco__000000066635.jpg,0969fb5fb163065ac5f0a8ee922db3339a3e099086a40f6d4da4b3254fc1a422
reject/reject_coco__000000066706.jpg,c4e4712f58e6206b4510ec2845af46fdd30501efdb5752b7d33dd935b773d38a
reject/reject_coco__000000066771.jpg,82e0b9ed0511a74ebef3dabcb3fbe37e9d9b7dc5a6fa41eec60f1817ce2374ff
reject/reject_coco__000000066817.jpg,6351cac5a13a7c1334040342dc1f7d587abcbdd4c7f0efc5fca6132c0714af17
reject/reject_coco__000000066841.jpg,fdb9a021ab591319d13ff2c999e7faa3c2ea95cbcd090bb58ea724c7cb263373
reject/reject_coco__000000066886.jpg,989effc1225564c0ef215e6c57960842997c4e95607deb80133e99ff40ffd11e
reject/reject_coco__000000066926.jpg,68cf3d08920d93d449224cdfbbdc5bd1ca85f877e037b8649bb5d2745c442b9f
reject/reject_coco__000000067180.jpg,ab41dd4de57cbe9067c5d279778605032b3b44832e679f44af1cfde72e8911ea
reject/reject_coco__000000067213.jpg,7c456c6e20d11fa40248d67b7d816d0aaf8106b1635243bdd1ba044245f05f8e
reject/reject_coco__000000067310.jpg,d0dab872bf367cbf1b8380dd3b39a365d9a3c2e0b38e5db98d90e24e66ef55ba
reject/reject_coco__000000067315.jpg,dd80e609085409adb3273c71910de19def38026a2c48d9d5e3f8602142593ad5
reject/reject_coco__000000067406.jpg,83b8bf598b7a5541402cf0e4de96c024bb9c102b248ac92c6c4fc233d3747175
reject/reject_coco__000000067534.jpg,f6aab4c789a4a04db8a31071efbee504f1764497a8a48aae43e82d89d0cc3db9
reject/reject_coco__000000067616.jpg,824b722f5251918066fa4e2689167145918aa77cb8094a9fb2f2d70fd85d1ca1
reject/reject_coco__000000067896.jpg,41dd62010a54964537df22befdf97aab83979ffc406c89909f8eac8075841497
reject/reject_coco__000000068078.jpg,e7ea1e161b0fb5431e7e74c76c714ec7e553fdc75c9d0c92fd938f8087933045
reject/reject_coco__000000068093.jpg,c5f288d7a94cace0aa18389b07caaf48af32fc3a49a99a17794456a116016244
reject/reject_coco__000000068286.jpg,bccb35ba107201ec72066472b2c0f4d789c283b7959fa96e4368ae4cb638b093
reject/reject_coco__000000068387.jpg,250eb079111a4ecd95a294274ba217e2501dd6dd630cec570be9a11ba7be2918
reject/reject_coco__000000068409.jpg,a56034966dd281f60e9bfcd5d4b8f75d4a47c31c597377d5feb3e5973dd5bb5c
reject/reject_coco__000000068628.jpg,2138bd1f76e16a19c7d7b571f40947147e07cddf87321bc0632999e6ceec809d
reject/reject_coco__000000068765.jpg,0c7e7e080936a8120fccf67e21f6142ed8a452e1e9411454b0900923dac247f0
reject/reject_coco__000000068833.jpg,19c1129827867e1bf4ea262a9551d2250e1907c79114c40fc14b4fbc9a3f29b4
reject/reject_coco__000000068933.jpg,1081eb9ebbff9220b92ab89cff73ad3a65a745629cc41aa91c46df12549480ac
reject/reject_coco__000000069106.jpg,8cd75e90da41fdb33c6d810f6bd566f43f71110bb208c29e74f04c4cbbcc7f20
reject/reject_coco__000000069138.jpg,860ad189dc5efdd1e039e3aa9c32c1bb529194c5b0b22f376ad2015a59325242
reject/reject_stanford__n02085620-Chihuahua__n02085620_10074.jpg,cd5d8fab22eaba474e9fb273d9501df7eecdc5cdc0f01d929167deefdf1d9201
reject/reject_stanford__n02085620-Chihuahua__n02085620_10131.jpg,2c3d1db3be07a6d8bfa76e766d4cc1a763b802d00a9ea6457a100358e48b55bc
reject/reject_stanford__n02085620-Chihuahua__n02085620_10621.jpg,e2dec5456c5ddedb41ceae4fee449a7e45c5ff77c8ed9f7759559e5d8b1b8314
reject/reject_stanford__n02085620-Chihuahua__n02085620_1073.jpg,053bf22251c9d63c04815dc4030ee0acad7861ae7114fa9d20860d9c82dc8a36
reject/reject_stanford__n02085620-Chihuahua__n02085620_10976.jpg,9a89d1e1faf3873fb745975efacc607f0ef064307235ee016db25aa9d0f94b9f
reject/reject_stanford__n02085620-Chihuahua__n02085620_11140.jpg,03b751943601a30c1cdd3f3d37286727a8fc715a50d16760731dda47297ad13a
reject/reject_stanford__n02085782-Japanese_spaniel__n02085782_1039.jpg,44c9c45062040f6c3cbe6cf40ef7eaacb2905c1adb2b687a538aa0a5a528ebfc
reject/reject_stanford__n02085782-Japanese_spaniel__n02085782_1058.jpg,f20f017669e8e3eb85d21c99dd0cd2bc2524c5e92ef439326c07617e64f1871c
reject/reject_stanford__n02085782-Japanese_spaniel__n02085782_1059.jpg,2361d9a8634c5fd155a8ff0aadcea55bca258e8e8bf299c23dcdb5568c9d8038
reject/reject_stanford__n02085782-Japanese_spaniel__n02085782_1077.jpg,72352d34a95efb0b668395b7b8c6c74415f4e8344ef6e4169df3a37d2d4d3e87
reject/reject_stanford__n02085782-Japanese_spaniel__n02085782_1085.jpg,2c2b1fb7e26618bc929fa2a347012690db9549a152c09c200730ae4f54d0e6f6
reject/reject_stanford__n02085782-Japanese_spaniel__n02085782_1143.jpg,d0903ab2754497db86719795b9f07a900129995a86dbe306ac889563bca75a7a
reject/reject_stanford__n02085936-Maltese_dog__n02085936_10073.jpg,f391e3f8ab9b8a66c96c2febc4387306bfffc80592d9c0cbbabf26a97a4be417
reject/reject_stanford__n02085936-Maltese_dog__n02085936_10130.jpg,a2e710b8146a7cdef4639fb9515dac5392fdbb59623399a68748c102be48fcbc
reject/reject_stanford__n02085936-Maltese_dog__n02085936_10148.jpg,6ec0e30dd0e5a3398055428ef5a9f6edc2751368a7f8a5401758687369333856
reject/reject_stanford__n02085936-Maltese_dog__n02085936_10197.jpg,cf8f4ac951ad4f0f143b20804d0d7feb3b8c498697e70136a408dbb3d87e2c1f
reject/reject_stanford__n02085936-Maltese_dog__n02085936_10199.jpg,2b708f3a93a20ecf3e01db09eb9f4433930e43af45dbca95f908d97678203e55
reject/reject_stanford__n02085936-Maltese_dog__n02085936_10273.jpg,ca9b54ded075549cf4f69f25848cdd1b91aa32d66c567f23261a05f7bc6c925b
reject/reject_stanford__n02086079-Pekinese__n02086079_10059.jpg,6cd63b27dfbbf478c35cf781ba677f0fb3dec99f3049f3c6d596bfc81a881188
reject/reject_stanford__n02086079-Pekinese__n02086079_10159.jpg,5814986d27196c982a27b5f84ad486c2808f3b374ab2bb30d25fe72d64144fcd
reject/reject_stanford__n02086079-Pekinese__n02086079_1020.jpg,7f8b5f7010b7ed3be1341e5fee4bb7f31db690c5f88896351256b2cf701d70a6
reject/reject_stanford__n02086079-Pekinese__n02086079_10294.jpg,d942eb2f3fb59645b5792d9c40e0f465843e706ac0c6eb97170b273bd141294a
reject/reject_stanford__n02086079-Pekinese__n02086079_10373.jpg,3a571f1c839e0069aaa3c04bb11a10ec89dfffe96906ce6eedbf8f5c1f43184e
reject/reject_stanford__n02086079-Pekinese__n02086079_10600.jpg,8579852aaf572b42f2c51d94efb83705e996b13e7dea89326dbc511685828e7b
reject/reject_stanford__n02086240-Shih-Tzu__n02086240_1011.jpg,a6908c86bc139c13b250332982a10cf84a464e903499c36a97e4a275b011f793
reject/reject_stanford__n02086240-Shih-Tzu__n02086240_1016.jpg,8f25071e2563d85141421f23c1dc083afa3e10d5ea87e09cf7bef04fd30a4dd6
reject/reject_stanford__n02086240-Shih-Tzu__n02086240_1059.jpg,a11e09d1e96cd5215b0ea852bda64fbc18903e28071027c7c1a78d59f7deffa4
reject/reject_stanford__n02086240-Shih-Tzu__n02086240_1078.jpg,5332663a50aca09faadba09c68e32240e66f118693b58be62157d713ef40d6dd
reject/reject_stanford__n02086240-Shih-Tzu__n02086240_10785.jpg,1b82b6a138c52c113316e44f26c9a373faf0944f054d8b12da99abf7bebe79ae
reject/reject_stanford__n02086240-Shih-Tzu__n02086240_1082.jpg,68ee7075399a8284d58a3eac1bcf274e67f1b63193bf3e2ba996ea7b7576cddb
reject/reject_stanford__n02086646-Blenheim_spaniel__n02086646_1002.jpg,3ebbe8967a4b89497d79e4b23532b9267a5c5dbfc5eabcf7b731be6086573195
reject/reject_stanford__n02086646-Blenheim_spaniel__n02086646_1014.jpg,259d676bae058d198733d5a487e6c3da01790c6c96399c617f55a47f2d7b0a5f
reject/reject_stanford__n02086646-Blenheim_spaniel__n02086646_1023.jpg,e995bbe1261b88338e2fbda6ed8f3fbc7d425f8d4752ce42adb57439af53b8b9
reject/reject_stanford__n02086646-Blenheim_spaniel__n02086646_1077.jpg,ad4a511bb7da8b0f3e23bea4ae6be607d5d579b75146af4a9cb27877df357db9
reject/reject_stanford__n02086646-Blenheim_spaniel__n02086646_1091.jpg,e1491e3ea5e20ebea9d589ec1ce4bfe12b592adc02a71b02dfdbedd9d96203b1
reject/reject_stanford__n02086646-Blenheim_spaniel__n02086646_1094.jpg,9c6090fef416e17bba9ffca5c70bbb79dc2782f21245f351f0d1ad8b763ce7a7
reject/reject_stanford__n02086910-papillon__n02086910_10147.jpg,2be1b586f7f17c7089f6e9d721a4aa1988c8273a5d12f1d606b14dd90b6b1ad4
reject/reject_stanford__n02086910-papillon__n02086910_10204.jpg,fdaa755ebde4dcf2884880ae24fe673c9012835d92525b129d63aff5f882a139
reject/reject_stanford__n02086910-papillon__n02086910_103.jpg,3093468ac001b404c6ade91963e774076af96b83c848cd2d87a7a1a1365628b4
reject/reject_stanford__n02086910-papillon__n02086910_1048.jpg,3e67178e99db1e6b4838ed3fd2d58c4f45b67c52edd5068fdfe74d91febb4cb2
reject/reject_stanford__n02086910-papillon__n02086910_1052.jpg,2dba7886eee998f937a6585e393a988089a5b03efb8a6a4015441866104618a5
reject/reject_stanford__n02086910-papillon__n02086910_1199.jpg,101e265ee7f1933db7b9045a01c2fbd4238bfbb999e1dd193cb538178ebd609b
reject/reject_stanford__n02087046-toy_terrier__n02087046_1004.jpg,7f3b629ad2bcbbc1e86629177e23627191d4e338659c27ac7468df1116279124
reject/reject_stanford__n02087046-toy_terrier__n02087046_1206.jpg,e53c6b96890d6ead183a25e191753410a95586463f9045aa2e6d1a131e5a6fc1
reject/reject_stanford__n02087046-toy_terrier__n02087046_133.jpg,2ba08348002068e593b051249b2d5caf1229739d99e8fd2247d53360fab11db0
reject/reject_stanford__n02087046-toy_terrier__n02087046_1386.jpg,6295431a02b99e1beb51feacc7eab68fc031bfcbc4df425e1358dbf152e1633a
reject/reject_stanford__n02087046-toy_terrier__n02087046_1468.jpg,f93b5cb3406c995a904f62da1ba8d5defc57252f21516956430df9a054ccbd45
reject/reject_stanford__n02087046-toy_terrier__n02087046_1482.jpg,e1d97eb734aeb20bea5e699e9dff2109ea8f683bb1b441a8497892e7ee9b3038
reject/reject_stanford__n02087394-Rhodesian_ridgeback__n02087394_10014.jpg,0e0255e85f789c566dba8d80b392dd49f890e5084dcf4f7989f22177b89127de
reject/reject_stanford__n02087394-Rhodesian_ridgeback__n02087394_101.jpg,9d567ba3e85b58e8001313600354478b7b8adf2575fc51a47fba2b360cc03244
reject/reject_stanford__n02087394-Rhodesian_ridgeback__n02087394_10238.jpg,d32e18b3127a563223f11ee25fdc67a838baed8637aad27595e0375b8206b60e
reject/reject_stanford__n02087394-Rhodesian_ridgeback__n02087394_10351.jpg,86600618b6047fb48eda84702189fa082dee26510fd550e9f15a31366c399d93
reject/reject_stanford__n02087394-Rhodesian_ridgeback__n02087394_10418.jpg,9208bd2813cb5047965932749a7d65b7902d97d4b234c25f81680a9bc6164f32
reject/reject_stanford__n02087394-Rhodesian_ridgeback__n02087394_10588.jpg,492b88d9660462cf7d4914af83eab0ad889f25be544e65ef7832cfb1122dffb3
reject/reject_stanford__n02088094-Afghan_hound__n02088094_1003.jpg,c80cbe16cd973986fd484d5cfb179686c94e5e5aeefd4cd58efc0e1e3fc66076
reject/reject_stanford__n02088094-Afghan_hound__n02088094_1007.jpg,dbb665e328e4d5daace689c0a26c550a7461f070b71518ff8906b003fd52a0d4
reject/reject_stanford__n02088094-Afghan_hound__n02088094_1023.jpg,07ec652571f13f395a075b49bd0a610c090396d6ee531691eff280092b71a137
reject/reject_stanford__n02088094-Afghan_hound__n02088094_10263.jpg,45c613c6acb07e7633f71829bfb1609c6cda72c9d272a380ab88c7fa527d144a
reject/reject_stanford__n02088094-Afghan_hound__n02088094_10715.jpg,a475568bd504fa8911cc1f18435217819ddcb4a2a3498a9bb435e5a5e526e9c4
reject/reject_stanford__n02088094-Afghan_hound__n02088094_10822.jpg,5e0f50e4f5b414a0a7c92bcb9fad919af321175a57e49a633a12f519389659b1
reject/reject_stanford__n02088238-basset__n02088238_10005.jpg,c7cf30c5fff07b725d75d1a90573f5e81591744bb50f0ce9b4cb74d4724e7b0d
reject/reject_stanford__n02088238-basset__n02088238_10013.jpg,fdebb982bfb6c065e69864d9c52dcf0105438a5a85b38178898c386ac0c68b56
reject/reject_stanford__n02088238-basset__n02088238_10028.jpg,b8d6f294d7c21f82200120630c61e9de6c7fa9d7635939d8ff80a11fa1cf3ea5
reject/reject_stanford__n02088238-basset__n02088238_10049.jpg,3373a44be11fa56f161104970b4e3ba2577b0a485d445f116e2eada5f48b4a1e
reject/reject_stanford__n02088238-basset__n02088238_10051.jpg,a38c52a58812c33f51acb0e8fc1e952448099732de0e00d7b1b4555429d80024
reject/reject_stanford__n02088238-basset__n02088238_10054.jpg,a502538ee8098b9d9e38449948edf720116326014c8907ea6ea56b52f9296be1
reject/reject_stanford__n02088364-beagle__n02088364_10108.jpg,fa049795a741fa6a9a11b548bf0fe3e689677fd141c134ac08f3fe0b0e3dd45e
reject/reject_stanford__n02088364-beagle__n02088364_10206.jpg,e2c9c3ca92977b0f439f905aa99c2f0a13bc9a618cc5b91429ed9035f9f852db
reject/reject_stanford__n02088364-beagle__n02088364_10296.jpg,3b93bde8bb8534d29e29e6c1d4be2a1c98c84b79551610d45e984b59b9da1643
reject/reject_stanford__n02088364-beagle__n02088364_10354.jpg,6eeb8442b3b1aeb1e091825ede0aa52e82823cbb35a4f15fb7f455cb0d5eed15
reject/reject_stanford__n02088364-beagle__n02088364_10362.jpg,0b188140943e2b6f14d51e91ff5a716ec6ddd1223fc7f1f6aaffabb6b1ac357f
reject/reject_stanford__n02088364-beagle__n02088364_10575.jpg,41d00af461b870cb96556c30dbfb9c564598e54de82b7e258877da8e4c5ee210
reject/reject_stanford__n02088466-bloodhound__n02088466_10083.jpg,eb39556f43547cc9af26af3581f98446c6129106d4c4420c5381d2c0a8766a98
reject/reject_stanford__n02088466-bloodhound__n02088466_1015.jpg,784a98c7a165b620e3dc17951120273a4a0c4b098f19e23cca17049d216401c1
reject/reject_stanford__n02088466-bloodhound__n02088466_10309.jpg,f1f534d7bb131e1db9e478100600873870c113c9368fc540ea6abc0f7f64a511
reject/reject_stanford__n02088466-bloodhound__n02088466_10331.jpg,35c95fc972ea16f57f5568a8644ce283bced91091abe20ba50fa4c4b138ae53c
reject/reject_stanford__n02088466-bloodhound__n02088466_10335.jpg,bec587bf63e2d6ad181a1f929bfe532534abf26592da2cecfa0226e27e892cca
reject/reject_stanford__n02088466-bloodhound__n02088466_10408.jpg,91f0ec85c0de0fa26d51c04a05f6bef38db5eca23c06a41261dd52d083e44cfb
reject/reject_stanford__n02088632-bluetick__n02088632_101.jpg,169badcc7bd60a728ce72ed7956b1e457fde9d6998051e1151d8b486dce8e939
reject/reject_stanford__n02088632-bluetick__n02088632_1047.jpg,e2958fc591ebceaa8eb17900a183aa300c53929d47c747d9b78367b3034985ac
reject/reject_stanford__n02088632-bluetick__n02088632_1073.jpg,8ceaa825e581c8423c71cfb69875b4ebe119fd4de914100f9b34580f6e6a7be3
reject/reject_stanford__n02088632-bluetick__n02088632_1077.jpg,9be39beeb0c387e7426ef72519515ab4dd5c1b8b99359f15802917cfb268449f
reject/reject_stanford__n02088632-bluetick__n02088632_108.jpg,04c89fe9016b3443e9617928f3a63ac665cafc3fea5c98c60fe93e6c8099f90f
reject/reject_stanford__n02088632-bluetick__n02088632_109.jpg,6b2e0ee08c3c486b47d88c7d9afefd67ed22b326a243114f38ed02deff10b2d4
reject/reject_stanford__n02089078-black-and-tan_coonhound__n02089078_1021.jpg,2eff601aa6ef5c94552804cf8b0ade437fee3f476d9dfceed77c0492a6bd4f74
reject/reject_stanford__n02089078-black-and-tan_coonhound__n02089078_1025.jpg,639ed8e5cde86855f6c4603c68af8194ffd6d06d607bf49e73cdac1564fae5ab
reject/reject_stanford__n02089078-black-and-tan_coonhound__n02089078_1026.jpg,dfc0888071e4a7e32fcf0aa1e9d06ae077eb550193c1c3d307d4bcff5a505a27
reject/reject_stanford__n02089078-black-and-tan_coonhound__n02089078_1064.jpg,a084b935129406f0a24200cf1b5a8b6d4712cbbbe3bb671b3f78c00f649e11e9
reject/reject_stanford__n02089078-black-and-tan_coonhound__n02089078_111.jpg,96a025a9a1e5a3ecf117d39ddf0802e585328f8721f1f632d0409db0c338911b
reject/reject_stanford__n02089078-black-and-tan_coonhound__n02089078_1151.jpg,ddbc6c9a2f3ddc966539e709653fe1b11e0c84c34b4d7398ae0a0dee7ca14b1f
reject/reject_stanford__n02089867-Walker_hound__n02089867_1029.jpg,9a6b46137fd535098a01c34a0e695372a75280ce04b8de720c664e24309429c3
reject/reject_stanford__n02089867-Walker_hound__n02089867_1048.jpg,3526215021831c7ce70bcd8c7759c95fd7a41d5185de6ef04671d97e944b2728
reject/reject_stanford__n02089867-Walker_hound__n02089867_1062.jpg,aecfb19d456fa41a7e57927e5d9b3da4a79c6fcacda23cf1131afa2b11fc2e44
reject/reject_stanford__n02089867-Walker_hound__n02089867_1079.jpg,88f7f5a247fa84342bf4c69aaa143e51e077d23655e15b230db7b298c6355806
reject/reject_stanford__n02089867-Walker_hound__n02089867_1082.jpg,f9ed9dc3ec0ffc680fc390b5490e60c16b267426f9dab667e48aaf3da71fd08c
reject/reject_stanford__n02089867-Walker_hound__n02089867_1105.jpg,9a3674127fb81d67e9916bd427ecc5eeae56e5debe49a11683bc2d8e580c66eb
reject/reject_stanford__n02089973-English_foxhound__n02089973_1.jpg,3973d6b1aee6a707a7155c9de4ebcfa80c8752a28733bcb630e443271370da21
reject/reject_stanford__n02089973-English_foxhound__n02089973_1000.jpg,3a0e03c1ab6df80dbf069920cf72ac40b7c3a0e9c6da8aa9f8c239519466c5bc
reject/reject_stanford__n02089973-English_foxhound__n02089973_1030.jpg,116b20d985dc62812936630250b20b095c8a68f83d6f7cd5b2cc414d3ee3e7ad
reject/reject_stanford__n02089973-English_foxhound__n02089973_1066.jpg,2d09cdfc280c25e3ac9d1b6824a0dcb2f99e020f2ffaaaa36a88d8ec178de1ec
reject/reject_stanford__n02089973-English_foxhound__n02089973_1076.jpg,4fe1127f635bead986462323d3618c45ce4e0251b3e1ceccaa10d7fecbf8a68d
reject/reject_stanford__n02089973-English_foxhound__n02089973_1078.jpg,79d3d9248ab95c901f9fd7d457c49ae8385fb22a7b3e62f2fd7fae1d28bc22d0
reject/reject_stanford__n02090379-redbone__n02090379_1006.jpg,a70166e7e6d811cb359b1db58a2048f95347921599d18cd30394055d5ef87265
reject/reject_stanford__n02090379-redbone__n02090379_1020.jpg,5b0132e2f2c3382c49c8017c78c8b14b6cd1d26b6066c897d31e62e3e5f23c22
reject/reject_stanford__n02090379-redbone__n02090379_1102.jpg,b3fa098695327bd1127544dcdb6743ee39bdcc68813a3dfb59f2a2cbe9e3b76f
reject/reject_stanford__n02090379-redbone__n02090379_1199.jpg,2ecebfd38e0b87b63b038208761186df5c085da8017a69e32ea446f3115a59d9
reject/reject_stanford__n02090379-redbone__n02090379_1272.jpg,326af6a42a3e0f74ba6bb067d66566ddd882d14d311e2c8257657a85e2cf321f
reject/reject_stanford__n02090379-redbone__n02090379_1292.jpg,964909645241cad7d3a960ecf7fd2bf8b1580742172f5856eeed27bbf086004a
reject/reject_stanford__n02090622-borzoi__n02090622_10281.jpg,b6e5375cf3feb34cb2c1ecf8008bcd07e3f8bf0bd22e7ba55f90aed5314a0991
reject/reject_stanford__n02090622-borzoi__n02090622_10302.jpg,8604372191717bff10d7b0b8527a41b6ae06da87ff4c206346d8a13a0f2b0583
reject/reject_stanford__n02090622-borzoi__n02090622_10343.jpg,9c86f93cc201a1cb9829933fae033ff987b294f3dbdbb27e231a1534fc23a3a1
reject/reject_stanford__n02090622-borzoi__n02090622_10355.jpg,a3e7b732a312afbc134f6f9859143e1a7e3b46faf88224a69d32b4fdfa4e49ba
reject/reject_stanford__n02090622-borzoi__n02090622_1047.jpg,83a6d16cac8891f9718acc3919cd1c7653ed7f3ee77539077ecb1476096c85e2
reject/reject_stanford__n02090622-borzoi__n02090622_10492.jpg,cbed911396d5f1d6352db65b9a98d16fbbf29ad1dd4cdcfb06e46b59178bbfe3
reject/reject_stanford__n02090721-Irish_wolfhound__n02090721_1002.jpg,d29339cf85ce66b0c598fe0f265ee04c0dad101ad062d7e8b48283b19f9725a3
reject/reject_stanford__n02090721-Irish_wolfhound__n02090721_1003.jpg,60c3516f1dccc1628e74012c56568b4665bd47e54b62eb7c7d34eff0b5c242ed
reject/reject_stanford__n02090721-Irish_wolfhound__n02090721_1026.jpg,5fe79d847e2996ed63604e761326b4c8278c460d0db16500c40b32fcfe52ea2a
reject/reject_stanford__n02090721-Irish_wolfhound__n02090721_1041.jpg,cfc162a7347fac5613300604c330862e4281b107a04d20ed23b9e6c579c7244b
reject/reject_stanford__n02090721-Irish_wolfhound__n02090721_1085.jpg,1a7014f3cbea0b02afd003283336db7ad719583612614524b7bbfea812fa880a
reject/reject_stanford__n02090721-Irish_wolfhound__n02090721_1105.jpg,874c5152943788ca109df02afbb9968fd91afce1b4c85884f7a8d7a3fd6d5cc1
reject/reject_stanford__n02091032-Italian_greyhound__n02091032_10079.jpg,c7634c1ec251a4479abe670bc6f81ccd39625f2e9ac8ef7f163885a4561dc28a
reject/reject_stanford__n02091032-Italian_greyhound__n02091032_102.jpg,1db945d6cc992177d7165fe533ba02530d89875c808b7f8560a660d537fb9b69
reject/reject_stanford__n02091032-Italian_greyhound__n02091032_1030.jpg,2b286cf88448d0baa8a163dc2f62cafcef80555f0d40728c73cc903fe400da57
reject/reject_stanford__n02091032-Italian_greyhound__n02091032_10300.jpg,1af75e04cb8759de40b84d769d40470cb02ea155249815b0b60869a1e63f2361
reject/reject_stanford__n02091032-Italian_greyhound__n02091032_10314.jpg,722d8df8eb59ab39f49059f040528d00ca284eb37b0ffcbceb49948efa4b054e
reject/reject_stanford__n02091032-Italian_greyhound__n02091032_1034.jpg,ee8037f104339012302f6c606f152defbcf243597587393298a427a8e53ad669
reject/reject_stanford__n02091134-whippet__n02091134_10107.jpg,f0eb4bdd5d3839fe43c9f59f30d3b46b7fa66a4740d00d5612cbaaf5929429d4
reject/reject_stanford__n02091134-whippet__n02091134_10219.jpg,39800ac042c2709759b59b73b25cd1dce98ea0987f6c23898df23983c8d01cca
reject/reject_stanford__n02091134-whippet__n02091134_10242.jpg,270c8cf76ad1220986e1e8a7874b7ee9f7babee71dac4d178a410f3e8dc36458
reject/reject_stanford__n02091134-whippet__n02091134_10395.jpg,debe1279dabe8350f127f9cbf8eacda7be333de4518d0b82d2d610f50d5eeef8
reject/reject_stanford__n02091134-whippet__n02091134_10521.jpg,b35ed46a74991a1d231d843736fc386068f52f5b7d2ca4c0243bcd7a6b8488ec
reject/reject_stanford__n02091134-whippet__n02091134_10545.jpg,b258e6c6413e5459223913bfb22900879d69eb8b7cc40bfe9eb0fb27511a71eb
reject/reject_stanford__n02091244-Ibizan_hound__n02091244_100.jpg,cbd2dcbe09de5c8570d11edbd2eaf9cbeb6ecbff71c3d5f7ff185bca0b9840db
reject/reject_stanford__n02091244-Ibizan_hound__n02091244_1000.jpg,9297848ac76c44a27bef269f9786fd86a9080cc7bfe727d6d9d94f7d47027c13
reject/reject_stanford__n02091244-Ibizan_hound__n02091244_1025.jpg,cbdcecff64adc75bf1aad89fa20578a9c880db87c31facee659cbb88fdc42e25
reject/reject_stanford__n02091244-Ibizan_hound__n02091244_1030.jpg,98fc4c6ca7966e1767208cd8ef9f74650d0453a21297afcd5cfa0d5310c2e738
reject/reject_stanford__n02091244-Ibizan_hound__n02091244_1037.jpg,a598d569ec688e5919e2f412548d73d6b143b1bdae387e9b0ab8c29f1a137020
reject/reject_stanford__n02091244-Ibizan_hound__n02091244_1045.jpg,240f05772b07ac9d2a17629c619ff19c79ae20a22319a0d114353e38e8fc5fd3
reject/reject_stanford__n02091467-Norwegian_elkhound__n02091467_1110.jpg,05d7448d4917b431ebfc9bbed5d43a9d198ea892cdb604cc711014cf2169b63c
reject/reject_stanford__n02091467-Norwegian_elkhound__n02091467_1144.jpg,15b1c186ba3fa1e7d13003b307cad5023e8a53f257bea856815cde5f6f546827
reject/reject_stanford__n02091467-Norwegian_elkhound__n02091467_1213.jpg,5568d182a267feeace6180933aacc81e10858e970b7b2b16195392f87d58c8f2
reject/reject_stanford__n02091467-Norwegian_elkhound__n02091467_1315.jpg,6ff4f287ba221173d72a5881e102e474a80e9c1dc5fdb0f1cb4a233b7b4ceb2f
reject/reject_stanford__n02091467-Norwegian_elkhound__n02091467_1330.jpg,0394533b5876b7ad146a73da86aa642aefd0f84d2f93e22396ae1b6bfee0d1b1
reject/reject_stanford__n02091467-Norwegian_elkhound__n02091467_1406.jpg,f5dbbbfe2cc2009cd66849d19c365cb0161931ecda2d1078f8dc882f4244edef
reject/reject_stanford__n02091635-otterhound__n02091635_1043.jpg,5ae59cec20bb180e45941511c364f65d9d62acc99c40445a6396e6328f54cdd2
reject/reject_stanford__n02091635-otterhound__n02091635_1058.jpg,6d79241b3a7da785225c90bf3f2342583eb3ebec6f3f2aa5ce6a13e127e11b14
reject/reject_stanford__n02091635-otterhound__n02091635_1083.jpg,2a181667f63f7a94eaa8a27950464ff0ba62648bbbf93121feacfde8d0607b31
reject/reject_stanford__n02091635-otterhound__n02091635_1102.jpg,3cc8fc3bf89e917432adeeafc2a114e91622f4cc2dd71b4b3e3a713bdce7ce6d
reject/reject_stanford__n02091635-otterhound__n02091635_1147.jpg,f2af55f45354ad3e1588588540e174cefc2836d9131d744e5d6626b5fa56eff4
reject/reject_stanford__n02091635-otterhound__n02091635_1151.jpg,50800c960696d788a687a746cdb72a01d0794abffa4357ba4256ce846ba775c7
reject/reject_stanford__n02091831-Saluki__n02091831_10215.jpg,f03198dd6e61cfe7712f7518068d38eb1a6fae14973b4b84dac0e12a9ff22d9f
reject/reject_stanford__n02091831-Saluki__n02091831_10290.jpg,69f40b9527aafc08d4c4fe532e138fd5093efb943b6dad2da4ed68e2c7b10b6e
reject/reject_stanford__n02091831-Saluki__n02091831_1036.jpg,9a267c11482de69458e74bbbcf6114e72747ee4d02ed96744340995733ae963a
reject/reject_stanford__n02091831-Saluki__n02091831_10576.jpg,0b33e0314cd62581137a1ccb02037a6144c9b96b3919924ebad6f728e6feaba2
reject/reject_stanford__n02091831-Saluki__n02091831_10593.jpg,0377566cf28b1a5b4e03bde8b30399a1063bf16eef276014ae921e15318ef332
reject/reject_stanford__n02091831-Saluki__n02091831_10639.jpg,c6213f9f15d0af79ce860192bde94b638e8aebf0b42f8d00e8a7cef99360edd0
reject/reject_stanford__n02092002-Scottish_deerhound__n02092002_10060.jpg,558270c7277c4bbd563f819203dd7152f40ae9c1e67f9debede5ebc0fb0b101e
reject/reject_stanford__n02092002-Scottish_deerhound__n02092002_1029.jpg,46748eadf62f55c1f6c33c850fa1f4ffd58c6ae4428ca6fdc9a9eed7e59c51f2
reject/reject_stanford__n02092002-Scottish_deerhound__n02092002_10693.jpg,a22b704960aadf68953a6842aa59a8e279a63cd29ad9977ab601a9fa92f7dd01
reject/reject_stanford__n02092002-Scottish_deerhound__n02092002_10699.jpg,032966f5b2a21e4c11b5ebd6c400324f31bffcd9e605f22f015c70d797f8189d
reject/reject_stanford__n02092002-Scottish_deerhound__n02092002_1086.jpg,c9eba3c75f1c09f483b3e4a94b52ba0fb4f100b30a48f1693f371876b66aba9c
reject/reject_stanford__n02092002-Scottish_deerhound__n02092002_109.jpg,e2a91b8b09f060a3fd0555a48e53f4d27ced490d2f192ff8a09edc19f37aba90
reject/reject_stanford__n02092339-Weimaraner__n02092339_1013.jpg,5fc04ad78952eb630a30036322afb209b487dd51d763c64d981be96eeb9e9d5c
reject/reject_stanford__n02092339-Weimaraner__n02092339_107.jpg,68ad3b2ed698db78df2f2a085fb1a59822ff680c85049ec449e3fecd3098daa7
reject/reject_stanford__n02092339-Weimaraner__n02092339_110.jpg,06a3129502888dd3c1d6e051c052e951e89176b927714a73e4aee9c6d74a4d1c
reject/reject_stanford__n02092339-Weimaraner__n02092339_1100.jpg,24d007add85e5e757dc3e2cfa8c1d712623afa866af020acc48132dcf8dd2623
reject/reject_stanford__n02092339-Weimaraner__n02092339_114.jpg,00ea8f36f2dc39f1aa2dc02346f37840379f5ef5f4c10c835c1d47634620c9e9
reject/reject_stanford__n02092339-Weimaraner__n02092339_120.jpg,d0c51dbec3a27df9d445b3072d6a9dba5f2107879f613a0c9908304e96c5c527
reject/reject_stanford__n02093256-Staffordshire_bullterrier__n02093256_10078.jpg,8b6ce9d57c6e0b3b6b6bc6130e471bc03821194a4740f4f4857e2a1cbeeb8f5b
reject/reject_stanford__n02093256-Staffordshire_bullterrier__n02093256_11023.jpg,512449af475ce77e6aa81cf027de652cddd585d0dc70b19545b60f98dc7a1d3f
reject/reject_stanford__n02093256-Staffordshire_bullterrier__n02093256_1132.jpg,390ea0e9e1a7eb0328ee166a85f2c05d9cdd9f688f84916a7e0abb3f68fc780b
reject/reject_stanford__n02093256-Staffordshire_bullterrier__n02093256_1134.jpg,c605fed01b463dd9f393116a15800bf1c6842f8990a966deb66bd4d07939421f
reject/reject_stanford__n02093256-Staffordshire_bullterrier__n02093256_11569.jpg,b4676ef1633a97d8787061945f7bc4166c66498a367e777c39a8fbf0081fd245
reject/reject_stanford__n02093256-Staffordshire_bullterrier__n02093256_11732.jpg,6f7838937556a47f9581808f52780c91c2f400d92a36ce9d96d661a796bcb60b
reject/reject_stanford__n02093428-American_Staffordshire_terrier__n02093428_10164.jpg,35452614c9d8f3ae2025e78fb53e7638fbc4b9afa0dc713156bf11661f4cd0e5
reject/reject_stanford__n02093428-American_Staffordshire_terrier__n02093428_10245.jpg,2ff0d0d77321917559a39d8087ca7bc1b1daf2ac4762d5a309d417122b579825
reject/reject_stanford__n02093428-American_Staffordshire_terrier__n02093428_10328.jpg,f533b4e2148e386404db4fcd2e95d40231f41b3f0e2cca3ef6d5313e4d304f49
reject/reject_stanford__n02093428-American_Staffordshire_terrier__n02093428_10365.jpg,4c3a67236075d23325b5595745db7a5a14a46bf81ca6721b5745c55ee80e5768
reject/reject_stanford__n02093428-American_Staffordshire_terrier__n02093428_10381.jpg,602a85abf6205a9020b4f1dcfb0a536793644ff33f768a97ef736b172185066b
reject/reject_stanford__n02093428-American_Staffordshire_terrier__n02093428_10575.jpg,9a0a71b7dd287fa26c37223f2794c75df418e1112de85ac2934799480a9456c5
reject/reject_stanford__n02093647-Bedlington_terrier__n02093647_1022.jpg,0d5cdd225c93bca4afd50dfd936f4aebd3ae1a5b0e2d6ae5c8349e1d3da6cec1
reject/reject_stanford__n02093647-Bedlington_terrier__n02093647_1030.jpg,25c124b76ed5acde4ce73794d1d6291c6cb4c7910c323fa644cc0dff3a371582
reject/reject_stanford__n02093647-Bedlington_terrier__n02093647_1037.jpg,8cc6270ac6cd55d491ae4e33154be1cf69847b15cbeb1ba0ea91719a63439abc
reject/reject_stanford__n02093647-Bedlington_terrier__n02093647_1060.jpg,6f1897e429cde48cfb1dce2476cd9ab68b9bf800a3bfb84ed007a2664cbaf4e6
reject/reject_stanford__n02093647-Bedlington_terrier__n02093647_1071.jpg,f0a9e6f45b3253baa8e339c36b41d1e17e252ae6f1af574ff4673bdcb0be27ff
reject/reject_stanford__n02093647-Bedlington_terrier__n02093647_1081.jpg,b34ce7cf6407fc2b0809eddf9d0f0cd10bfa7771c0fa7b2a30b1233cae732ddf
reject/reject_stanford__n02093754-Border_terrier__n02093754_1062.jpg,ffd12a4aa854a3bc8b58610230db4512e7c1a8c4510ee9934bdd5c8324b50104
reject/reject_stanford__n02093754-Border_terrier__n02093754_1100.jpg,9de35af67194e77304404a4bf6eb34316e01f9f1155817894b73ea2f629b4773
reject/reject_stanford__n02093754-Border_terrier__n02093754_1102.jpg,12c6d7c313dcedd308e98b1afc85a3620330cd787781648bd884db9a1c390501
reject/reject_stanford__n02093754-Border_terrier__n02093754_1111.jpg,4bf8946953252ffac3a3f700a9d437277b205e2ac4f2cc8cfec1819b8cc55eb9
reject/reject_stanford__n02093754-Border_terrier__n02093754_1148.jpg,e9a3eb91cb4a7a3afe5c6aba9d5ab26035fd6327e90da722fae1be0640e013f4
reject/reject_stanford__n02093754-Border_terrier__n02093754_115.jpg,3410eeab9e2ae1ac029d8130534714485366829ceb8142dc3ee80558bfdcd3e2
reject/reject_stanford__n02093859-Kerry_blue_terrier__n02093859_10.jpg,ea4cf09edc88aa0e4de1ac886fe5447d0c7e38a41ee4b25989553559e80f9038
reject/reject_stanford__n02093859-Kerry_blue_terrier__n02093859_1003.jpg,f9ab92c463a74bab2d783f323ba6a3faca54eba01fca4bcf03a24ebb9962cc23
reject/reject_stanford__n02093859-Kerry_blue_terrier__n02093859_1062.jpg,f141f8b80b5b85d4728e198005b818f59bb977b2ac8d93f8f35c6e13c2018ea7
reject/reject_stanford__n02093859-Kerry_blue_terrier__n02093859_1120.jpg,c9ad5b6ffaf39dcc9907bbc4735027972f394dabdcf32b6057d1f9044ba7b52d
reject/reject_stanford__n02093859-Kerry_blue_terrier__n02093859_1127.jpg,d6e6d356b728cd6a9063ef7f9addcff2e5128bf656d01f854f22b1fafda78d23
reject/reject_stanford__n02093859-Kerry_blue_terrier__n02093859_1136.jpg,6b9b4ce0b80884237c799538fe028aca6e8f70d760ce8e5bc967921a5471eb0e
reject/reject_stanford__n02093991-Irish_terrier__n02093991_1026.jpg,4b9bcf01db2b2494b84ea7c8683875ad0e470f3713ed8463b5a9e4b3f2631e1b
reject/reject_stanford__n02093991-Irish_terrier__n02093991_1038.jpg,5bf642c92183e8d79b0302720a5d8bb1063bf4a1d4a23637fc54c9054ee544af
reject/reject_stanford__n02093991-Irish_terrier__n02093991_1105.jpg,3465983c11d00b33b4432f0f339dc5956b730ee10a2aea40ce6ca31ead1c00ab
reject/reject_stanford__n02093991-Irish_terrier__n02093991_114.jpg,3ef8192520db6f45093fda7d5baebf065e706e64cc88ea52ca2a329013a18992
reject/reject_stanford__n02093991-Irish_terrier__n02093991_1142.jpg,0b42da03623bf84392129a3c1c9ebbbbfd6f73a434976f857280ec501d03d734
reject/reject_stanford__n02093991-Irish_terrier__n02093991_1179.jpg,775e3c8ac9991e3b48df2a11b5e0100165872f399c631e1e90724cfb9bb7b759
reject/reject_stanford__n02094114-Norfolk_terrier__n02094114_1020.jpg,00c7c1c44422099f8f419e85e26fd1e70d57b07141c31f686263db29046f2564
reject/reject_stanford__n02094114-Norfolk_terrier__n02094114_1076.jpg,0fb98879b3a7f29f663f7c1d47b5aba4573df1d587bd8315bed8316409c7860b
reject/reject_stanford__n02094114-Norfolk_terrier__n02094114_113.jpg,53c6d8cc552fbb60d39827d74168a79e3975412665af6b9cf5f6514a1bf6abc0
reject/reject_stanford__n02094114-Norfolk_terrier__n02094114_1136.jpg,c9976e85af54884423cb94498957736124e8aeca8cd9114b3d352e69adc1dd98
reject/reject_stanford__n02094114-Norfolk_terrier__n02094114_1173.jpg,5892e0c4fbe43c29b444f60814e6503b999ee3a49412db7b8d1767e3e4233356
reject/reject_stanford__n02094114-Norfolk_terrier__n02094114_1179.jpg,a39bd3c8e8563409dd7d1afd5e21b61f7cdd9c3c237441f358658ff0fe8c1855
reject/reject_stanford__n02094258-Norwich_terrier__n02094258_1003.jpg,7288db8b8adb8510c508c082e08e339fa563a0f7cbdefd3fb15231b08c3d03fd
reject/reject_stanford__n02094258-Norwich_terrier__n02094258_1004.jpg,eb1f02da0ad337780e7d82843312c8a19f374823f374ad13e6e192faede7cf1a
reject/reject_stanford__n02094258-Norwich_terrier__n02094258_103.jpg,fe2c3655d5459b35f6750c015e7ae3757cd62da16146f3160eb70639e4b35427
reject/reject_stanford__n02094258-Norwich_terrier__n02094258_1036.jpg,a2e5f6a1d864bc7a3de25f3e0b79ff7921beac67ddba77d284bc83dfa72bd531
reject/reject_stanford__n02094258-Norwich_terrier__n02094258_1065.jpg,ab3ba0cc2fa9e9f11d9ea0b7b73e7c855e21441163f51a02f3c85c7485802b5d
reject/reject_stanford__n02094258-Norwich_terrier__n02094258_1091.jpg,b0a833e60826d16f91888933f9c25116f8a8f8acdedead5596fc969c6ec6300d
reject/reject_stanford__n02094433-Yorkshire_terrier__n02094433_10123.jpg,d3fac1ede57997fe143655f002a4cc7a45244b2c8ff131fead672d52a2d9015c
reject/reject_stanford__n02094433-Yorkshire_terrier__n02094433_10126.jpg,e390ed349ba6d4a532f7c205327920ff2964f890e80121939b198c12dd6a59bd
reject/reject_stanford__n02094433-Yorkshire_terrier__n02094433_10184.jpg,cdce978ccd122228c66a70ba7ed6594846117af71a7f45ca9e404d4720cf37a4
reject/reject_stanford__n02094433-Yorkshire_terrier__n02094433_1030.jpg,a85682760b3b4bc98854ff86ada77f0a3ccfed43b4a658dbdad6e172930b0767
reject/reject_stanford__n02094433-Yorkshire_terrier__n02094433_1177.jpg,e1b617307e0161ea52b529a3669a4b9e26162a9dc37c2a54a9fbd8bc6deba880
reject/reject_stanford__n02094433-Yorkshire_terrier__n02094433_1210.jpg,5f399df0f3701b396ba22ad5569ea0a8dde3e3541cf5e5675ac49e438ee546e5
reject/reject_stanford__n02095314-wire-haired_fox_terrier__n02095314_1033.jpg,e97f9f8d684deda1e05ef730014965fd8685893aee5ee4caad1dd0fcdb013080
reject/reject_stanford__n02095314-wire-haired_fox_terrier__n02095314_1043.jpg,2585e698ef7b974d92c86c332ee5f6408565da0664ec81e361d14e83dfc474f2
reject/reject_stanford__n02095314-wire-haired_fox_terrier__n02095314_105.jpg,8e1caafd935d4ac54796f2be6a9ce48bd7c5e02e6e0b331d4ae3654f696f3762
reject/reject_stanford__n02095314-wire-haired_fox_terrier__n02095314_1054.jpg,625775b96c4cb551a8de03b2595fede7bc92d47ddc9ac8c9925365c4a193a055
reject/reject_stanford__n02095314-wire-haired_fox_terrier__n02095314_108.jpg,b09351684196c1c6391fc13e81738ccb18bbbf40a87d0c14c61817c9858bb762
reject/reject_stanford__n02095314-wire-haired_fox_terrier__n02095314_1080.jpg,7aeab99b9b1030fdd7c13759e1ef9afa9e9c9207dd344e967fd726fafddc5e60
reject/reject_stanford__n02095570-Lakeland_terrier__n02095570_1031.jpg,db8eccf9fad63af40dfb8ccab572962ac606b22457330a3db6bbb699e8883f41
reject/reject_stanford__n02095570-Lakeland_terrier__n02095570_104.jpg,a4fab3a4b42f7c040bb01e7fac592cfe436c603f7ec26802d4baf94c19624aa0
reject/reject_stanford__n02095570-Lakeland_terrier__n02095570_1057.jpg,d1dd809296d384da0e6095ae2be9e40bf78b7f8731a5af7f15f02f54868681fa
reject/reject_stanford__n02095570-Lakeland_terrier__n02095570_1068.jpg,044f7a59bc1b5b3280765671612bc784c8edc3980e89f6bfaa73451172840fda
reject/reject_stanford__n02095570-Lakeland_terrier__n02095570_1088.jpg,b770706a334df23b67d818d832633fae9ef6d8a0f3b76ce4c77090d576ff4773
reject/reject_stanford__n02095570-Lakeland_terrier__n02095570_1131.jpg,1228479bcac83f0d495c81b435921ef5d06e8c178542241940c850e5f059b061
reject/reject_stanford__n02095889-Sealyham_terrier__n02095889_10.jpg,d00d41154927fc0d0bdbb9bf9a8c9f54aaa73b05e41f2894bb462342b58ac96b
reject/reject_stanford__n02095889-Sealyham_terrier__n02095889_1003.jpg,a1d11ac4095870dfd678bf08000c45e6003c301ba6dd695f310b48f1c473a247
reject/reject_stanford__n02095889-Sealyham_terrier__n02095889_1019.jpg,94943510b9df54c9e857fbd68c12795956360ae2c1117c2ce71ca2df01a904a2
reject/reject_stanford__n02095889-Sealyham_terrier__n02095889_1044.jpg,694e5382bf81d7f1daccbdd86ff9f9fd9f842cd8f5b2b30604f8267b3d7b5ad4
reject/reject_stanford__n02095889-Sealyham_terrier__n02095889_107.jpg,38e609c6589028387978709ee5ec57e3dbfc151a1a08985461da1d6e6c2275f7
reject/reject_stanford__n02095889-Sealyham_terrier__n02095889_1120.jpg,2e5a35f7a1e0c3b756a0500144f990e6fb0bdaa687d41883602086eb78ef5da5
reject/reject_stanford__n02096051-Airedale__n02096051_1017.jpg,72fc18370b8719f4b7aa02761a1de6391292137c3d28306417156490a384f4dc
reject/reject_stanford__n02096051-Airedale__n02096051_1110.jpg,4d6de6126f24c52601474daf5f545c0ebc94df2ab26570a74a891d4adab1aa0a
reject/reject_stanford__n02096051-Airedale__n02096051_1111.jpg,e1764244d7d9b715eb33ddab111ef900541175a293e17806f7f19d9a3c5d712f
reject/reject_stanford__n02096051-Airedale__n02096051_1121.jpg,51e664067b841fa0667ccbcdca38af344d9846747ddaac3f8c8be1924647f58b
reject/reject_stanford__n02096051-Airedale__n02096051_1134.jpg,1b48743b0cc726366c9aeccaca58f8264c1a469e26dbf9cf5d59c9e57be87a41
reject/reject_stanford__n02096051-Airedale__n02096051_119.jpg,f1397be490721155bed19a0eda31387a6e4f72103ee3df52db503bf3588d1bbb
reject/reject_stanford__n02096177-cairn__n02096177_1000.jpg,ae20dff37f4b94940c3dfac12d3561dbec42a5c660a41f97216f529c019838d4
reject/reject_stanford__n02096177-cairn__n02096177_10031.jpg,f6e92dbc726245aa556b121209f525110d02cbf2e2dcfe61e12d8d85eef2dbb7
reject/reject_stanford__n02096177-cairn__n02096177_10093.jpg,3376dc1199c9f63999ac430adde658c5767e6a9df1ace5d4bd25554c5a9073a0
reject/reject_stanford__n02096177-cairn__n02096177_10333.jpg,7ef4da476b5d9f4814622d20c48d5fff57ab7c3eb84146e4c2745a901aec2224
reject/reject_stanford__n02096177-cairn__n02096177_10414.jpg,b800a84668eba356373afb76522ff4caa47acf1f8954d469623093a739e4354c
reject/reject_stanford__n02096177-cairn__n02096177_10483.jpg,4330451a40a7a50b76d87e31eb68882ed52148145bf9a3eb8ea7aee0f953ccea
reject/reject_stanford__n02096294-Australian_terrier__n02096294_1111.jpg,42bbadef18b534bfe17fea3588abdf9c1eca9f693850e3a1133e870096124a4b
reject/reject_stanford__n02096294-Australian_terrier__n02096294_1121.jpg,ac9fa62d19e3a8c2a48972f59b8430d30ec94e009418224d4d5e14d9c4734f8c
reject/reject_stanford__n02096294-Australian_terrier__n02096294_1133.jpg,42c25b5b4f0114b439f0eb2b6c892d1b0f23eb446395f418394e0991eeaade3d
reject/reject_stanford__n02096294-Australian_terrier__n02096294_1147.jpg,8621830ac2d04414d035b84acc0f75c5d45b38ba065d935c4c626bf8435f4acb
reject/reject_stanford__n02096294-Australian_terrier__n02096294_1150.jpg,069b6ab572a487d3ed740b8773a05910e1079827f4df21b59add0e17aebc401e
reject/reject_stanford__n02096294-Australian_terrier__n02096294_1168.jpg,ae22aec52e0fcd8ac312234a218606c70921cd86d732d40eb7dc460d92eceb85
reject/reject_stanford__n02096437-Dandie_Dinmont__n02096437_1006.jpg,9286245ee6e938eebeffea71c961e91a919b158374265a05316978c73bc2590d
reject/reject_stanford__n02096437-Dandie_Dinmont__n02096437_1012.jpg,5a0dbe8ade56607ad3a462a7d9e142ccb1f1ece2f508e9d5256341ad90f743c9
reject/reject_stanford__n02096437-Dandie_Dinmont__n02096437_1015.jpg,5331c8642aafcfbe4ba25d4b050cdbed295b1fab003e5894c0cb5e027684146f
reject/reject_stanford__n02096437-Dandie_Dinmont__n02096437_1054.jpg,4ba8817961f9072c16bbaeb634513a48c5e8e9b8f99691c81c8a13b0d7c37656
reject/reject_stanford__n02096437-Dandie_Dinmont__n02096437_1055.jpg,46fbe927a0407a07a89bf16fa87856d77dde6f9834a357d02df93cc6932715d1
reject/reject_stanford__n02096437-Dandie_Dinmont__n02096437_1070.jpg,319d1aa4cceb7d7a75ab538bee0520b9f53550047ed57e1620e4c4063c3bb870
reject/reject_stanford__n02096585-Boston_bull__n02096585_10380.jpg,67e067f8966a97ec62aca712bc058f11c4e4f1e18e5edfe8e9b8fa103cf144fd
reject/reject_stanford__n02096585-Boston_bull__n02096585_10452.jpg,072934cad0c5b0ce53116e9e5d9292b29941d291988d6b971bb91cd00c2ab8e5
reject/reject_stanford__n02096585-Boston_bull__n02096585_10596.jpg,c9447678cbe43893a8e9e6f69bda4c9e0a55510923d3c1abb65df5f701321c10
reject/reject_stanford__n02096585-Boston_bull__n02096585_10604.jpg,b42bce2e82fe60d73d9172c7e3f64a1ec2e90962c799bd7ffd22d369ca462ac2
reject/reject_stanford__n02096585-Boston_bull__n02096585_1069.jpg,82cbc3790ca99c0aff7b32e33ba492c0280244a353300fcbaf59f185d8af5b84
reject/reject_stanford__n02096585-Boston_bull__n02096585_10734.jpg,3bf94537e8ab6757e6a7d09a49ba50955b4f7375175b4dcb7e3341802751e66e
reject/reject_stanford__n02097047-miniature_schnauzer__n02097047_1028.jpg,9f0f2827412d7d10e792d35bdb2928326272c1685d6dc75c9b637f2366ab05f7
reject/reject_stanford__n02097047-miniature_schnauzer__n02097047_1093.jpg,ee082d374d5424603a707eaf58e4aff83866051718705808492d32943a6756a1
reject/reject_stanford__n02097047-miniature_schnauzer__n02097047_1115.jpg,8940b36bdc68c27cd0c46a5d7d9b5f0ea0b2399468d71c5e24552591ea5e8993
reject/reject_stanford__n02097047-miniature_schnauzer__n02097047_124.jpg,453834296659e601bd8150fb3f697693242877378eb3405cb522bc8102527ac7
reject/reject_stanford__n02097047-miniature_schnauzer__n02097047_1260.jpg,06c38952ec10f3926fd647b0dcc51f3a0ef442af9e33c2e0bb0e9da26008aa77
reject/reject_stanford__n02097047-miniature_schnauzer__n02097047_1287.jpg,01145a285c573f2f9d90ae9c46473d3b1da89702e604771c803b95221accda46
reject/reject_stanford__n02097130-giant_schnauzer__n02097130_1032.jpg,017bca5db48289ec5491a2f7df633c82cc77919eba7a975c6e31b112de6b8260
reject/reject_stanford__n02097130-giant_schnauzer__n02097130_1070.jpg,4bf31705c90c4d0cc0291f0919f2cb65c4721ff9d7b24fb63bb3103537fd565c
reject/reject_stanford__n02097130-giant_schnauzer__n02097130_1119.jpg,f532fd6d7b95d08f2c3d0b786f7107a344550f8e7d9df918702cbb95c116f052
reject/reject_stanford__n02097130-giant_schnauzer__n02097130_1159.jpg,b85448ead4e587fecc13c305d656daee5e12a4f9c5aab8decfd13f1cf2f8a1ba
reject/reject_stanford__n02097130-giant_schnauzer__n02097130_1193.jpg,e6d86ff164ab9f7dac38701a8a6e4c9d59efced3fc5102e8e1de6632c03a28b3
reject/reject_stanford__n02097130-giant_schnauzer__n02097130_1197.jpg,1685c29e46ec8c717cb76ed25ebd3367ccb128276c7c1f66f5a1384d079f58b8
reject/reject_stanford__n02097209-standard_schnauzer__n02097209_1.jpg,8a9333a8e2380a5f695266958a6167c2ff42f442c1818f7580e42eae81b92d92
reject/reject_stanford__n02097209-standard_schnauzer__n02097209_1004.jpg,12545761c17a23bdf650dcc20c0adb7aaf8f26501823d0fec163d27dfc8a04cb
reject/reject_stanford__n02097209-standard_schnauzer__n02097209_1038.jpg,17609ac12cf815f7ade39891476f90de6fccec703e74c9e31e5afeb0ff19d149
reject/reject_stanford__n02097209-standard_schnauzer__n02097209_1042.jpg,4a9c84774ce882ddbffcea8dcb59e4a6ed755233bdf102e95e0cc88078a3b9a5
reject/reject_stanford__n02097209-standard_schnauzer__n02097209_1063.jpg,4079d73dc6068c0d8a6fca43d12a57a15f520b9f001d87ca11c3c6bd763967a8
reject/reject_stanford__n02097209-standard_schnauzer__n02097209_1092.jpg,ed807ac8dd63d9691732b45105c2b8341fe890ff9e8b9f424ed927359c43394b
reject/reject_stanford__n02097298-Scotch_terrier__n02097298_1007.jpg,d0258f4c3e6a7bafe1ada69f6d195ab2ff0d5cd989bacef913ac18ebcec852fd
reject/reject_stanford__n02097298-Scotch_terrier__n02097298_10676.jpg,0ceb43ecaa01a958299a5384027560b23361db76c5bb29c891d3d6d541042af9
reject/reject_stanford__n02097298-Scotch_terrier__n02097298_10965.jpg,07765d0677f90d215892e8bba4f8ea9b4c71542a6a4f22f480ae42bd037fa527
reject/reject_stanford__n02097298-Scotch_terrier__n02097298_11133.jpg,44c2f49b2dfc638c5dfd9c5d182b75ad30f4676c942d792b5e3ef647385e8f48
reject/reject_stanford__n02097298-Scotch_terrier__n02097298_11346.jpg,75556f70dded5322f9dce8d3d304659f96d71a00428be62a737cdb9a46069b4b
reject/reject_stanford__n02097298-Scotch_terrier__n02097298_1152.jpg,b21cb072049017fcdd665fc7ac06a07a55829f3d17918ba59d5a7201e5ba1c36
reject/reject_stanford__n02097474-Tibetan_terrier__n02097474_1023.jpg,6877faa5dc890b6ff7d534ba3f5ce38f22debef90c99ba79179a2e782feaf707
reject/reject_stanford__n02097474-Tibetan_terrier__n02097474_1070.jpg,8899b477aad866350788246e7e6d2225a377a99567327b4e6cd4adc8addec520
reject/reject_stanford__n02097474-Tibetan_terrier__n02097474_1095.jpg,f71229c96775887caf7951f7e4e5c110aec3dcabf14b522e772deae08c1a79dc
reject/reject_stanford__n02097474-Tibetan_terrier__n02097474_1156.jpg,c07184ee589c5e2812102940134914b6773f0e969f069e2896d84c4d20115b7c
reject/reject_stanford__n02097474-Tibetan_terrier__n02097474_120.jpg,9123610dcabea9b47bfc111c81c3a06afb6ea88d39a58aaaeb6fb02da304ee7f
reject/reject_stanford__n02097474-Tibetan_terrier__n02097474_124.jpg,653fa562aa0dc454c89b07cebf27c96a69596db042e58cdff1fd9a1d4c1a59cf
reject/reject_stanford__n02097658-silky_terrier__n02097658_10020.jpg,695a9417c8d0174ef93ca2f42dbf436e6b20bbcf790c46a29f2c785749a3ce2f
reject/reject_stanford__n02097658-silky_terrier__n02097658_1013.jpg,0b1fc94dbb29017130667008767ac2e0b9b1e9392301f4f52f01f9fb4b16517a
reject/reject_stanford__n02097658-silky_terrier__n02097658_1018.jpg,917e7c33a05743b2dc5cd3ccf6cd5039facadd20f6b84ba9e16292bcdd07e9a1
reject/reject_stanford__n02097658-silky_terrier__n02097658_10289.jpg,346867125812236c637021e0f1e595066ef5e37ea42123ef9e5ad589d8663c9f
reject/reject_stanford__n02097658-silky_terrier__n02097658_1039.jpg,825ea86b887c65048da69c04369e44354b7eca3fca862acfc0016d6b5d5f53f0
reject/reject_stanford__n02097658-silky_terrier__n02097658_10559.jpg,3fe1ba1c8cd4f6798167540175cd9f6c4e357c1bba98d10db7c5dc160b760d7a
reject/reject_stanford__n02098105-soft-coated_wheaten_terrier__n02098105_100.jpg,619f4a520e94a2bf7c111a94611044bb735813fce860dfe6170adab60f763eb1
reject/reject_stanford__n02098105-soft-coated_wheaten_terrier__n02098105_1009.jpg,9136061ba5fa1f8718c7b54a44d5e5c209245fa1cb942c13a66eea53d457ce7e
reject/reject_stanford__n02098105-soft-coated_wheaten_terrier__n02098105_1024.jpg,9df00515712ad3c38112bd33abf7ed663f9c66d2919442d6e939e415c9e34621
reject/reject_stanford__n02098105-soft-coated_wheaten_terrier__n02098105_1062.jpg,510f3f014e40144da4f0dd624b4e4314fbedb8cfba0bed1702bb30e23814a2e8
reject/reject_stanford__n02098105-soft-coated_wheaten_terrier__n02098105_1066.jpg,92c12bd3b763cd9a118605331f14f49518940beaad40bb3adf6650dc71e7eb55
reject/reject_stanford__n02098105-soft-coated_wheaten_terrier__n02098105_1067.jpg,8e3b9f3c64b3cf8028f799c9211393b30f544e22cd73035f5111ea8454fdc10e
reject/reject_stanford__n02098286-West_Highland_white_terrier__n02098286_1009.jpg,e522e38fc94bc2382cb0e75be597e6806e20b00e3135d18b58d4adfc7b37dc05
reject/reject_stanford__n02098286-West_Highland_white_terrier__n02098286_1015.jpg,2417cc1c66c42b269060e06e04a869a7036b3c3d0186d0199a92fa2997e7ebcb
reject/reject_stanford__n02098286-West_Highland_white_terrier__n02098286_1036.jpg,ab5a7c846ba0ee2331cd066c02e2db99d0dcc9ed7be1f621b5e90f71ac4f33b6
reject/reject_stanford__n02098286-West_Highland_white_terrier__n02098286_104.jpg,4c4c0b0e9f8a764bca317638d307f9fd9b9bce696bdfa2e4097e9a3148636eeb
reject/reject_stanford__n02098286-West_Highland_white_terrier__n02098286_1079.jpg,ff9e3ca671099103c43d5386e1afd6272b3b069cb86bb4dfe39305af41a2bb0b
reject/reject_stanford__n02098286-West_Highland_white_terrier__n02098286_1089.jpg,0ccb3765275406d6fee64d5eca28c72bf0fc0c9b67ac49fe56a90f20e0b3dbff
reject/reject_stanford__n02098413-Lhasa__n02098413_10144.jpg,330ce9ad17b270acd1916a0e838f40d11ff16a0f6eb4ced740c25cd01f41c66b
reject/reject_stanford__n02098413-Lhasa__n02098413_10285.jpg,d7c0ac6152e333b9eec0996567be0787b792bc26299ee0a78bb105fdac5cea4e
reject/reject_stanford__n02098413-Lhasa__n02098413_10590.jpg,fe2806b3ed336605e4cb3264af360e1b66caa18c297e70d6eafa8bcc0cf602d3
reject/reject_stanford__n02098413-Lhasa__n02098413_10966.jpg,344d17443c38cc7c3a3607bf5e56cb84c4662d49491e0fd416a4d2542d46699b
reject/reject_stanford__n02098413-Lhasa__n02098413_11048.jpg,46e86dfe6ec499a3953468875d9e2f18e8ae63a51d35b955e10d06dce4256bb9
reject/reject_stanford__n02098413-Lhasa__n02098413_1107.jpg,3c4b9a8f3b0d0955b3534f426dde83b4f0a22667d1beb945cc70dfef6387d227
reject/reject_stanford__n02099267-flat-coated_retriever__n02099267_1018.jpg,b52e2b407b96b7ba02496a72cbadd43ec15f5469c6aab7a08f6de984e6bdca6a
reject/reject_stanford__n02099267-flat-coated_retriever__n02099267_1069.jpg,e4fc9c68487a27c558d3ae56d6da9bff4bca8e96d9bf8716eb6da5efb08d221d
reject/reject_stanford__n02099267-flat-coated_retriever__n02099267_1095.jpg,b6bbf20e157d8d59293d665123b020d3239756bd868b8e97285d1827f0b326b8
reject/reject_stanford__n02099267-flat-coated_retriever__n02099267_1118.jpg,361be614833f2f353f579e55dd938f8987e72650ebb00f757d0651305f4e1df4
reject/reject_stanford__n02099267-flat-coated_retriever__n02099267_1142.jpg,d268c8a7a8d3ea56f22d75e994b9aba7ff5836b7751af1ec4e1f905ec724c4f0
reject/reject_stanford__n02099267-flat-coated_retriever__n02099267_1184.jpg,ef50c13153a362f6be1b1b897fd1139881a717a8a2a93a3004bcda2bcd79dece
reject/reject_stanford__n02099429-curly-coated_retriever__n02099429_1039.jpg,a0a2cca2ed95026487afc7d8b10a21fb55e5674cb3a64d8a31426e33763762b9
reject/reject_stanford__n02099429-curly-coated_retriever__n02099429_1068.jpg,f6fc02ca0f4a6a23854683449177b0da659a78f3bdefd3de87b10b8136acf9e7
reject/reject_stanford__n02099429-curly-coated_retriever__n02099429_109.jpg,4d57eb00990e38db4a10a60786ecf6a008f23795cec9d1ee9ead7ecf688b355f
reject/reject_stanford__n02099429-curly-coated_retriever__n02099429_1122.jpg,10b6dc4077bdd57f4a0cdd04c3a807a512ad65c5155693f7439ba9aca4793054
reject/reject_stanford__n02099429-curly-coated_retriever__n02099429_1150.jpg,a7165e2c42348c5fde015cd79c54243a78f1995452505920ca60c85cff600d63
reject/reject_stanford__n02099429-curly-coated_retriever__n02099429_1165.jpg,5394a4685759eb8ee59d3fd4d0c48f0da7b863aaf9666432acbc162920de1699
reject/reject_stanford__n02099712-Labrador_retriever__n02099712_1150.jpg,fd608b5d98d5d1b601c1c0ed2a3ae59282aead8487f953b9424dba2c86c2569d
reject/reject_stanford__n02099712-Labrador_retriever__n02099712_1200.jpg,600980475ea8bba2f6e762e00f696aa5add33b400c431a88a2bc8414915e0e62
reject/reject_stanford__n02099712-Labrador_retriever__n02099712_1229.jpg,fa22403b1422cf041a8bec473a2bc0d20e504c3878fb160adc0e5ef968584481
reject/reject_stanford__n02099712-Labrador_retriever__n02099712_1254.jpg,e64f7c7732cc1926f09894f364b9430425b3210b8db8e6231cc257c893649fc1
reject/reject_stanford__n02099712-Labrador_retriever__n02099712_129.jpg,05b50dd870f6792765704ed516e85c0cd623e40f4c02092399b93af374ee0289
reject/reject_stanford__n02099712-Labrador_retriever__n02099712_1383.jpg,dacd4ab52524932bedf635cafd0558b29deab90d4d6ade21026b48335e1294a2
reject/reject_stanford__n02099849-Chesapeake_Bay_retriever__n02099849_1024.jpg,3f79f9fe459c9e6b58ca8fd9bdf646ecf5ed8a7c1a7f1319d748e1ec4c5c22b4
reject/reject_stanford__n02099849-Chesapeake_Bay_retriever__n02099849_1050.jpg,fcfa4889368d79ccf7dd21e7145870639dc35647a8a270c7b8710853df9616cd
reject/reject_stanford__n02099849-Chesapeake_Bay_retriever__n02099849_1068.jpg,6830c0e27c7696b480c3849f5b477a1266db5e8e17b7070da5fd588117d8b9e9
reject/reject_stanford__n02099849-Chesapeake_Bay_retriever__n02099849_110.jpg,c3091a1bdde26d375688ec41e1b5adaf80fb6864dffdd86a9277a27f3769df74
reject/reject_stanford__n02099849-Chesapeake_Bay_retriever__n02099849_1115.jpg,0659295bd9cab5dc08a45268fc5daa2577ffc26c4e648bd50dba8499baa8e69f
reject/reject_stanford__n02099849-Chesapeake_Bay_retriever__n02099849_1157.jpg,900e3a2f05b26badf5659585830cd2e345a8892f446ccaea9371ede35cc89b52
reject/reject_stanford__n02100236-German_short-haired_pointer__n02100236_1054.jpg,91abb5c5957dce3c7fd87d5d06c994c804edf8ca9a080bb5a47959375273a99a
reject/reject_stanford__n02100236-German_short-haired_pointer__n02100236_111.jpg,f65dada658122b02ab92db9093f424e97b17a038b48cedad89ba02b05e604ad9
reject/reject_stanford__n02100236-German_short-haired_pointer__n02100236_1164.jpg,b552001ee42580808f87257b960c1b9099b3efcb8638143234cf8ad1633af347
reject/reject_stanford__n02100236-German_short-haired_pointer__n02100236_1244.jpg,5fdea1874f81567216e9004a513694190e2a5134443eb0a33d2f4e37f5a74858
reject/reject_stanford__n02100236-German_short-haired_pointer__n02100236_1245.jpg,b0f3558224dadeb2411a9e3c283ff9c76c5f495f9c9a84f028d0ac1c937aad18
reject/reject_stanford__n02100236-German_short-haired_pointer__n02100236_1258.jpg,77067e49321bb9543f9abeb9d045c70ee5c070f780ce8ce82e185a58262c8f93
reject/reject_stanford__n02100583-vizsla__n02100583_10249.jpg,6e2ccb175b6882de50b1a38a757664c870ee84a45930db6c684aa10a7f1c6a22
reject/reject_stanford__n02100583-vizsla__n02100583_10358.jpg,f63b568cbe3790838afc5819d561272e44afcaad80120b4a0f21e2188963101e
reject/reject_stanford__n02100583-vizsla__n02100583_10367.jpg,5a1fccc6d5e27855cf62cbdb2015076df8123011c0af34ac13caf1e2a05a9a04
reject/reject_stanford__n02100583-vizsla__n02100583_10388.jpg,4d1415046d68b1158092ac9b5acb8b956c651c33b33208734cf269bad31f369f
reject/reject_stanford__n02100583-vizsla__n02100583_10425.jpg,fad325d2f4d09addb51c38b8ff1ed3f3a91ea6fb56b1d49c0877d9713996903b
reject/reject_stanford__n02100583-vizsla__n02100583_10433.jpg,7a95bc5b28ce5d88f1e2dd87890e1bb00b329d39918d8a5498ecfedcfbcb85fc
reject/reject_stanford__n02100735-English_setter__n02100735_10030.jpg,ce9e25aaa787b02bddc223c3ac88861ebffea88f6325db16efc79d87a6d02218
reject/reject_stanford__n02100735-English_setter__n02100735_10038.jpg,aa4c7555878c4878722fd5db35405558e12f20304eda203855795ea0d4cc19ae
reject/reject_stanford__n02100735-English_setter__n02100735_10064.jpg,2ef8fc9eb06f15e946eea005191316e566162bae00e46d693e2979d2ce8ef010
reject/reject_stanford__n02100735-English_setter__n02100735_10086.jpg,844eadfdc0f89eafa9ee3f29e9ab5277ea40b90a01bea9dd4698c3e7458a9823
reject/reject_stanford__n02100735-English_setter__n02100735_10097.jpg,e89d92904fa0c26a1c39804829765b285a43e353614a497d770037a70723d8d7
reject/reject_stanford__n02100735-English_setter__n02100735_10105.jpg,8765df6cad0ccd8017e3d7a763032b3229d03d2fbfa83e72e47da31fa3db1779
reject/reject_stanford__n02100877-Irish_setter__n02100877_102.jpg,0caab566bbab6fe6e177624159d2869e9447c69909ec48a0203f8883b853f4b9
reject/reject_stanford__n02100877-Irish_setter__n02100877_1020.jpg,d0ecfcaf14bf3027dbe4eb57d06eb5fd7bb02693f925b6f863aff587f059eef6
reject/reject_stanford__n02100877-Irish_setter__n02100877_1061.jpg,e1c85e505cb5f0b87b5548e6e11c97e04b34125466d357d67e271e6851e87040
reject/reject_stanford__n02100877-Irish_setter__n02100877_1062.jpg,6b1dfcec9fcbb6236554e01b4c760087603090a4387d46861daf640d9c6fa4c9
reject/reject_stanford__n02100877-Irish_setter__n02100877_1069.jpg,e5b1568b3c21e94e5ecb50d1bc548885e78d674c59a10e63dd211fb5b3dcde8e
reject/reject_stanford__n02100877-Irish_setter__n02100877_1165.jpg,3d47c0768be6f9e53913368956d450f9567dea236bf2b147f87133fc7906a380
reject/reject_stanford__n02101006-Gordon_setter__n02101006_1016.jpg,90c30cf25951f2095c24b4b0cf01860eaf1c66d3484158ab029fc073b145404f
reject/reject_stanford__n02101006-Gordon_setter__n02101006_1059.jpg,acc568352167abaf74162f8783bdf5b80dce05802dc2689f636c4c0b2f6ea75e
reject/reject_stanford__n02101006-Gordon_setter__n02101006_1126.jpg,456f4233a204b82da110b070a1ab4cdf8b09780745febbbd2ed9af3deed934a8
reject/reject_stanford__n02101006-Gordon_setter__n02101006_114.jpg,ac48b577bc8be13e04171f726cfa793b6aaa3723edefa9be18fef2ee69d5b341
reject/reject_stanford__n02101006-Gordon_setter__n02101006_1153.jpg,f6901b7e7b992eab189fde7633974b7d9621351b2f45177fcf01e4db90e283f6
reject/reject_stanford__n02101006-Gordon_setter__n02101006_1160.jpg,1bd1337eb10526838f1860313589744a62c7c3d8a58b9cdc72396c69267109a2
reject/reject_stanford__n02101388-Brittany_spaniel__n02101388_10017.jpg,b6df7aade3b91a684fc149d44c4eba7ec1b493220d03b3b18174f01ed96babb1
reject/reject_stanford__n02101388-Brittany_spaniel__n02101388_10107.jpg,50100410253af65e42c46daba91c1be4c20d12608852452bd7834e25cefc785b
reject/reject_stanford__n02101388-Brittany_spaniel__n02101388_10290.jpg,d2eafbba4d16f931dd457b44053bdc9c0a5337fa4f6139747afeed04e0b23bb3
reject/reject_stanford__n02101388-Brittany_spaniel__n02101388_10348.jpg,b28c4324178878bbb495072eeb37a904eb72be696788710b62a347db39cebefe
reject/reject_stanford__n02101388-Brittany_spaniel__n02101388_10373.jpg,1496d5cd301c4b5157a09274b18ad35868e1480caa7c21cdea4eabf3eaf6fbbc
reject/reject_stanford__n02101388-Brittany_spaniel__n02101388_10470.jpg,b02edd05cf7587d64256c90115daf13682f7a75f10592db200f8e94f58c5523b
reject/reject_stanford__n02101556-clumber__n02101556_1018.jpg,6d8af2e519236c1f0fdb2faa8e96712a5d42ea95b014b94558e7a2b6de363995
reject/reject_stanford__n02101556-clumber__n02101556_1116.jpg,4fb56112573a6d019621cd56afa3a62fb84f684e177b19ca2dd6e752426f7193
reject/reject_stanford__n02101556-clumber__n02101556_1270.jpg,dbe8b1d17fc4e7c848c2d8a86d853eeccc3cce0203c73a95dfaf0610b3a4d5eb
reject/reject_stanford__n02101556-clumber__n02101556_129.jpg,fdecf2241a8b9248808e74939e9d49ea6dfed2d46231bb62fdd80cdb7b779d17
reject/reject_stanford__n02101556-clumber__n02101556_1355.jpg,e323f4ea2729f024400c1fb2bd52c0c20aa3bc7bd42d8ce40f1a2f55ecb5160b
reject/reject_stanford__n02101556-clumber__n02101556_1469.jpg,b0f90d0778e27675d5698a49ac0387a34312030ec770652a2fb08840ca0df05f
reject/reject_stanford__n02102040-English_springer__n02102040_1055.jpg,737b5032283c7ec284f959cc870da9343e0433642ed78d93474ee592570611c2
reject/reject_stanford__n02102040-English_springer__n02102040_1082.jpg,8777e3457d4f60a3f06ec7f70203be1b363bfe614de283a753b67327cae6d7bc
reject/reject_stanford__n02102040-English_springer__n02102040_113.jpg,dfe4d532d632093a07aa27c41da4f1ca3f06585ef85f093d70f55729b8a24cf5
reject/reject_stanford__n02102040-English_springer__n02102040_1147.jpg,cc7c13dd16f18ee825962ea75650022632fd241e0ea28f829cad6f5f932caa94
reject/reject_stanford__n02102040-English_springer__n02102040_1153.jpg,661bfd46ee04c5f234bae091bc7a15a7dccfc465a164cc9581c1de147c658821
reject/reject_stanford__n02102040-English_springer__n02102040_1157.jpg,da1bcf80addb5cb22a23353c70fbc9982d0439c7f782bd5a9ed48f9f22882a92
reject/reject_stanford__n02102177-Welsh_springer_spaniel__n02102177_1022.jpg,ea4152413d7960e5407d16d0741bb6830ef42ef7ef6408d6761b2b5ca698a8dc
reject/reject_stanford__n02102177-Welsh_springer_spaniel__n02102177_1028.jpg,48c4f9aa8ad524f4b49b30027555c5a37691b6bb2b44f5048cfaf09838aacc2c
reject/reject_stanford__n02102177-Welsh_springer_spaniel__n02102177_1039.jpg,fb8413c38aa52d3ddcd5c2e285d85a1c5ee2684c18212c30fa26c65ab37496e8
reject/reject_stanford__n02102177-Welsh_springer_spaniel__n02102177_1055.jpg,8fb928b114f668921ff5a62a4ab44820827f43df37726e4dd69a22de3d871992
reject/reject_stanford__n02102177-Welsh_springer_spaniel__n02102177_108.jpg,707c89f268c70949f3509b0132710d4cff2d652fdbaf8a343a31525bd0789889
reject/reject_stanford__n02102177-Welsh_springer_spaniel__n02102177_1128.jpg,ceb151d735b564201402b904f633407fc32ea3fc730344739522208dd09e22ad
reject/reject_stanford__n02102318-cocker_spaniel__n02102318_10000.jpg,6c9766be6e41fe8fe4e83ca45cc7af26bfa898b96ff9e51a117d8e6b565fe078
reject/reject_stanford__n02102318-cocker_spaniel__n02102318_10019.jpg,cbbb053ce0e2f85e6704f09341db22d11d68c60f14f3311acb4cf6afa4cb46a9
reject/reject_stanford__n02102318-cocker_spaniel__n02102318_10020.jpg,93fc57c87fc65cdcc09e807e3995fc7de6e1c67a157837c340b7f5a5d11c9e05
reject/reject_stanford__n02102318-cocker_spaniel__n02102318_10058.jpg,a7931fe2b46239901ec22127162c562ea42253333172c102e4a263cf124da6c1
reject/reject_stanford__n02102318-cocker_spaniel__n02102318_10087.jpg,cc9d85b0072987ddb6bd635909221c47f4401f11330119bac600cd057ad1de27
reject/reject_stanford__n02102318-cocker_spaniel__n02102318_10157.jpg,43654d64133da0cc2565a5e1b3ab141ddd53c2e41d18831dfb9e17313d52b547
reject/reject_stanford__n02102480-Sussex_spaniel__n02102480_101.jpg,5f5e185e464d7e29d8335594dcb201221637ebad76361cdc999241804850e6e0
reject/reject_stanford__n02102480-Sussex_spaniel__n02102480_105.jpg,b77dd67896104263013a259f1c82ee379e178deda3c9d92d5cfce688aaeace7d
reject/reject_stanford__n02102480-Sussex_spaniel__n02102480_142.jpg,302057829bb499422c73788e0cfdc219f67caa1a0bdbb19c0d22f41a4acd22e9
reject/reject_stanford__n02102480-Sussex_spaniel__n02102480_147.jpg,d55d8d07298ac5e55ba9b5d6d0fa5d3ac47baedc83373a911b34bb739ab84828
reject/reject_stanford__n02102480-Sussex_spaniel__n02102480_1525.jpg,b22d9811cd00b2dac31317866ff6f50d4db367d136bec8017a8227456b017779
reject/reject_stanford__n02102480-Sussex_spaniel__n02102480_1649.jpg,597bfe2253f2553cadac210d03d6baa533b3a30fbeff1372088d0c8d4ea5c928
reject/reject_stanford__n02102973-Irish_water_spaniel__n02102973_1037.jpg,c281f0a1ef8704c8e52547bb4ab02757b02558fdae0f2c4570f6924aff85fb91
reject/reject_stanford__n02102973-Irish_water_spaniel__n02102973_1066.jpg,b6bc77903fd5259691912328390806f02ec574f9f6cf665f04ae47af61c1dac4
reject/reject_stanford__n02102973-Irish_water_spaniel__n02102973_1116.jpg,91e021536c31a4e5e316a50d1b952427b9cb2027e0c657e61a85bb738b578668
reject/reject_stanford__n02102973-Irish_water_spaniel__n02102973_1140.jpg,e14e208036a266c6ad2c1f4f71f1a74c549086444f06de5e9108bd44563e8e65
reject/reject_stanford__n02102973-Irish_water_spaniel__n02102973_1142.jpg,c0d8f16db484a0c9656aed853824f814fc0164dcf4e6d1c6eb574455782609b9
reject/reject_stanford__n02102973-Irish_water_spaniel__n02102973_1200.jpg,a40fa05c033a36c3e8e096f89e57c4e8091c2f5e1d88f5d1cb103b29becff8aa
reject/reject_stanford__n02104029-kuvasz__n02104029_1075.jpg,ff7f29084bf07314ffd97fe62e1925a1af3bcbdfa1ed1428df0851c0955ddd62
reject/reject_stanford__n02104029-kuvasz__n02104029_110.jpg,06975d4500bc181672407dd8e591a54c5400bab945a1638c3df1fccec102706e
reject/reject_stanford__n02104029-kuvasz__n02104029_1107.jpg,9569287ca6b11d70ee60367b3bbd4f40de5d9ff462bd6444a8a463444941ca6d
reject/reject_stanford__n02104029-kuvasz__n02104029_1138.jpg,e69af3fabacaa1156e1bb7db2e0569cf792fb6175a2ad75edd4f0da35d03741c
reject/reject_stanford__n02104029-kuvasz__n02104029_1150.jpg,852c6c51f438cedfed163d82a9a0b889d4b66c5b9847217ede533f09bcc319e4
reject/reject_stanford__n02104029-kuvasz__n02104029_1206.jpg,e8fc14bc47f9a972619d5c5940cc42a4754ce7c1a842505402dcbfa229fda395
reject/reject_stanford__n02104365-schipperke__n02104365_10071.jpg,8c6a5592532940c981526351513fa80c0913bb44e39d07742c31bc23bf8b6309
reject/reject_stanford__n02104365-schipperke__n02104365_10139.jpg,454d2c912e40563e3bd7c11234b7d5efcc159f6e366fbc9f204f27ec4310ea15
reject/reject_stanford__n02104365-schipperke__n02104365_10247.jpg,b9dd9de842cd297a334cb1b79c2052cd628f8f8196d6956d6516e249d956bca2
reject/reject_stanford__n02104365-schipperke__n02104365_10252.jpg,a31972593ea980553b7e987e7005ee9b0242a03b7abc00b70139087bb853874c
reject/reject_stanford__n02104365-schipperke__n02104365_10282.jpg,5757abb20756feb5246fe5767fc26f9d07f81d58c1f763c541c659e44526a4a1
reject/reject_stanford__n02104365-schipperke__n02104365_10319.jpg,3a3c02c80869b6ab09e01c9577bd90c9fee92a9119cade26cb729b6d7b5fa835
reject/reject_stanford__n02105056-groenendael__n02105056_1018.jpg,ce8ec82a8bef364827f0ab8278fd829589ead81606e14bde26d46ca8e2fa5e2a
reject/reject_stanford__n02105056-groenendael__n02105056_1050.jpg,b5342a85b1688fe1873dc6f2752ecc276f4c7e212d802fffe15eba9b2d31451f
reject/reject_stanford__n02105056-groenendael__n02105056_1061.jpg,54cb09c0f0608c06ac952381a7110015129036c5f3a7cd1eafe85829520687e6
reject/reject_stanford__n02105056-groenendael__n02105056_1067.jpg,b9d48a9c25f487fd557a6dd3534a0e97bf6df5dd9a385c3898948ded80ae04fd
reject/reject_stanford__n02105056-groenendael__n02105056_1071.jpg,29a1374fef87c578bb2d70ff9ebb7eb2d3c473496b9636ff317f4aa692ff06bf
reject/reject_stanford__n02105056-groenendael__n02105056_1165.jpg,bdae0346cb7c52841a20f0eb497928330983e107fff14deb88792f1b1927920a
reject/reject_stanford__n02105162-malinois__n02105162_10076.jpg,fd00163b189f9e50dd342d80bec71e062ffe5326c95ec01cb7d8765b44fc262e
reject/reject_stanford__n02105162-malinois__n02105162_10133.jpg,0a21305f4d85f9d240e1c2fb8cec3a8717af227b03cb6d21a322ec869eb2b9d8
reject/reject_stanford__n02105162-malinois__n02105162_10260.jpg,94295e92d71acf0fd5e7895c03a4d2d29c0fdbc2277244b1d215af2df771583f
reject/reject_stanford__n02105162-malinois__n02105162_10309.jpg,9b69d63b9f9504dbbe901f82ca7fdc2f7c6f0e23399f2c40b61d35b5834855ae
reject/reject_stanford__n02105162-malinois__n02105162_10351.jpg,ce00127ae98a034674e33e80c83f9052a9878effee9dd5855519c1649d4f15a7
reject/reject_stanford__n02105162-malinois__n02105162_10375.jpg,4857b14b18a0eb1bb08101af07e51f5ac5cfc821a7123f32d08140b24e514e41
reject/reject_stanford__n02105251-briard__n02105251_12.jpg,5553a78aafd6778db5c9fdc833d3ff22826384c1281ff2cdd71b7f5796f34013
reject/reject_stanford__n02105251-briard__n02105251_1201.jpg,6fec21e687c28661d6443b529555947dc23f13f010fc6d0c1325b7b9ef6982db
reject/reject_stanford__n02105251-briard__n02105251_1240.jpg,95654460bb58c62aecad084d025023852e8a5a024d31bc19f2cc145a51dbbf97
reject/reject_stanford__n02105251-briard__n02105251_1382.jpg,42e09ae78798269afec630824430ccea769e992b396006114a96b274b44dc4c9
reject/reject_stanford__n02105251-briard__n02105251_1588.jpg,2f870c65703f63efd4e3edcb07949fae020bda24d50260f5794af10b46f381bc
reject/reject_stanford__n02105251-briard__n02105251_1676.jpg,a6b7f14c3bea96ac3826e8ed5d8ac65aa5c347dccb6fe7eeb95724b93be4fa92
reject/reject_stanford__n02105412-kelpie__n02105412_1031.jpg,f9c42032175283ee2a098d48f5cd37dcf8f671f53077c48f1a4afa6ab18b2bfa
reject/reject_stanford__n02105412-kelpie__n02105412_1078.jpg,cd91174330748e8038d10fbfed1f5411795aeec37ead5cc06fb4c80485797b8f
reject/reject_stanford__n02105412-kelpie__n02105412_1106.jpg,61e3e9c888d122e50d7f41c1d020e4eabba37a7ef7b150ca9f3edc7ef14b0147
reject/reject_stanford__n02105412-kelpie__n02105412_1159.jpg,f63236f474e048a6462c56bb76c570763054678f16156e0721c19f43bdb61b4e
reject/reject_stanford__n02105412-kelpie__n02105412_1201.jpg,f73f431d116d8299dc08edd550f4738ee1ff72a86043086976d524c1ed4ce487
reject/reject_stanford__n02105412-kelpie__n02105412_1211.jpg,b176c72f43ee961c0b5b40ca1278d7cb7af449930b89a7ae02113789f982a90f
reject/reject_stanford__n02105505-komondor__n02105505_1018.jpg,8d442f32e829e03eb5e43adffb1d0c02f1cd053d3de0a24a67a9708841490385
reject/reject_stanford__n02105505-komondor__n02105505_1024.jpg,be38c37c528365618e4054ab66babd97ccd6d6a2103f607ed26d1adbddd02142
reject/reject_stanford__n02105505-komondor__n02105505_1077.jpg,82e90abe8a62f3abf527551ba065cc85c06b2c12c72edf06da99aae976f8d129
reject/reject_stanford__n02105505-komondor__n02105505_1090.jpg,87389509f06c3f0a8dc376b743903535c92bc24b7ef16aef97a1bdd85d419a96
reject/reject_stanford__n02105505-komondor__n02105505_1145.jpg,112678739529a35e72616e51d1e05001887f0b81036c83c51904a71fd846a266
reject/reject_stanford__n02105505-komondor__n02105505_1148.jpg,244886bc6dd66ebd13324d5b0e1aa7270a19a72fd1d2759ca6e546d9c732b44a
reject/reject_stanford__n02105641-Old_English_sheepdog__n02105641_10048.jpg,2839da0a38983354c38ae0c7e73ab931dcbd6e4ad57ea512db11a34927a719d7
reject/reject_stanford__n02105641-Old_English_sheepdog__n02105641_10051.jpg,fb77d2b984d37ba5df9b1970cca0b05ede8bd270b7c8dc7aef7f7bec728f1955
reject/reject_stanford__n02105641-Old_English_sheepdog__n02105641_10100.jpg,d8a3c0902a2eed0965de2392c1beff5752b413b5d7f3ab5155e21060696bc42e
reject/reject_stanford__n02105641-Old_English_sheepdog__n02105641_10151.jpg,7591ddf3b10ba17fe693693c1b9e37673a49bf4ea63b75d1709db1720342ff7d
reject/reject_stanford__n02105641-Old_English_sheepdog__n02105641_10188.jpg,f816e6a5aab1ce1f7a0b6bb509667174a62c90af465999737e2a188fc064848a
reject/reject_stanford__n02105641-Old_English_sheepdog__n02105641_1019.jpg,c8552cf1ae8b6e18cfcc042bfeb2fb474563eeca0616bbecd245e8e1adb83114
reject/reject_stanford__n02105855-Shetland_sheepdog__n02105855_10095.jpg,bdf788590a5c8503c2a243874bbfad9171aedcaf74d9ada494eae83d4878d12f
reject/reject_stanford__n02105855-Shetland_sheepdog__n02105855_10112.jpg,90ed5bf029c0299b1a7908ba505ad024d7483c8b7b39d2d50c5a0a2805e12ef8
reject/reject_stanford__n02105855-Shetland_sheepdog__n02105855_1013.jpg,68af1fc8f937d6f8d6d84a4fb83704c25fffae6e1b686b6097c81aac9e48a316
reject/reject_stanford__n02105855-Shetland_sheepdog__n02105855_10167.jpg,fb3386fda9225d56733fa0e1bd45cedd1a1804485e8e57ac8e985792c7dc2e19
reject/reject_stanford__n02105855-Shetland_sheepdog__n02105855_10608.jpg,c22638f8ba2cd0657757e53125112b88d8e53bc87471ef323c313f239b9f680a
reject/reject_stanford__n02105855-Shetland_sheepdog__n02105855_10619.jpg,472a4d839a9b7114bf0ae74f09326ff5f937742a2826b06620247d535b03df5a
reject/reject_stanford__n02106030-collie__n02106030_10021.jpg,0ec9221912a41c737f0ca82704b536e9078c30190d166d7d299a1f4bbc11eaad
reject/reject_stanford__n02106030-collie__n02106030_1005.jpg,52109a5f9b062643053a917f74c46b08417d206346fbe1fb572a2989813473c1
reject/reject_stanford__n02106030-collie__n02106030_10057.jpg,defb8a59342c975d5347bbefc92484114fb555ac9213d496efa8c76b8c052cf0
reject/reject_stanford__n02106030-collie__n02106030_10170.jpg,12bb20ad839fea578b2dd826a5c965926553944ffbc3449ded3f67f6d9b83626
reject/reject_stanford__n02106030-collie__n02106030_10246.jpg,0ff4448759fbb6c0e1a825accd1f5c29b377e7c6ea9f0cbf5891e3c3b90f7256
reject/reject_stanford__n02106030-collie__n02106030_10377.jpg,3ad83940c5051d074fa0a60c0d5493ad01a7da72c83fda07ab31daa1c4c569c7
reject/reject_stanford__n02106166-Border_collie__n02106166_1031.jpg,bafccc45fd529ec379d42bbb6b06944620f96d849dcc7826af35e01565738f2d
reject/reject_stanford__n02106166-Border_collie__n02106166_1032.jpg,dcf9d8ae3e52cff018e59998a87fad4e7ae890d2335213e06e0f9284d4b80c7b
reject/reject_stanford__n02106166-Border_collie__n02106166_1055.jpg,0788b0d32ec979d0011c2b27e10f8205cc09e63c69c341000b43b3392b9e4b9a
reject/reject_stanford__n02106166-Border_collie__n02106166_1056.jpg,d4acc2e54f668206fce15adc5d0ffcefe91b755ff93885707fc875a0749e7a49
reject/reject_stanford__n02106166-Border_collie__n02106166_1059.jpg,66f6f71720f5a266c9cc5a7bd1e3d8da4d33df9c6a8e75700c5639869632a442
reject/reject_stanford__n02106166-Border_collie__n02106166_1128.jpg,d007435d66cdd07b46343c6a6d8b91070f16ad348e645a6f89569b550e160cd3
reject/reject_stanford__n02106382-Bouvier_des_Flandres__n02106382_1000.jpg,7bb7c19c1335f745bbc3a3c8f3a343b17e70ee99008a286a34b5171fa48f1f2a
reject/reject_stanford__n02106382-Bouvier_des_Flandres__n02106382_1005.jpg,fd70e9eb39d7eb172dc0dd341dbee5d9332f1f189b173384b614ab34b56339fe
reject/reject_stanford__n02106382-Bouvier_des_Flandres__n02106382_1016.jpg,b8a0ca858c056f3c58956791432e98b778b1f0a60d9d6eff7eaab83acebe3806
reject/reject_stanford__n02106382-Bouvier_des_Flandres__n02106382_1036.jpg,2f22ef9e3f55c16dd5333694ee18bdbe75322d33fc0f8be1d914beb15b0cce05
reject/reject_stanford__n02106382-Bouvier_des_Flandres__n02106382_1048.jpg,32cea06eca462b1d18ec2c0989d208238f238ce99bf6a03a468ca3774221cae0
reject/reject_stanford__n02106382-Bouvier_des_Flandres__n02106382_108.jpg,842e3811c5abe38384ed6368de299321a9fd32512cf899d48c03258f5d4480ed
reject/reject_stanford__n02107142-Doberman__n02107142_10009.jpg,aca443ce8e4d8e8f6539984512412d77a9e345d295a78ba7ff30deaa19217c21
reject/reject_stanford__n02107142-Doberman__n02107142_10036.jpg,6f9a830cd54c6e6e26e30ca98d9d82bb7513351cfee70c64c7b652be8d68f76c
reject/reject_stanford__n02107142-Doberman__n02107142_10070.jpg,68ca35686dbb78c55feb46af14cda8bd507526dbf72b8cc11b64341a2adb8d98
reject/reject_stanford__n02107142-Doberman__n02107142_10647.jpg,fc1b10fba58d539483534538227e17726fd1bc09e2adf4bbf4ba4ca0c966f402
reject/reject_stanford__n02107142-Doberman__n02107142_1073.jpg,7db9723a9d96ea401ccd3e72bae7a4394925e1e33b1c09775cc7a2494144ad25
reject/reject_stanford__n02107142-Doberman__n02107142_1074.jpg,12bd3f1301d0657ff45168aaaceab0443d9340362b92a0a973024200b5ae0126
reject/reject_stanford__n02107312-miniature_pinscher__n02107312_105.jpg,384053a897bbdd694cd7d6d2b508d9c316e55a1bb47c190afc8fed33205babee
reject/reject_stanford__n02107312-miniature_pinscher__n02107312_1154.jpg,cf7e799a0864926d45f2524a2641c0347536e13f4402b0baaf954447427c6926
reject/reject_stanford__n02107312-miniature_pinscher__n02107312_1195.jpg,f664cabf3b3e4456e667004e1da53106b78c8672d6c07b8f85354ff96a345054
reject/reject_stanford__n02107312-miniature_pinscher__n02107312_1207.jpg,d876070ec49b18dae420cdd373f59706836e7e8a7cddf482b0a92459ab637074
reject/reject_stanford__n02107312-miniature_pinscher__n02107312_1233.jpg,791e14f082d2b230c7d2f7991606b495dbed564af54832530446985c931badb0
reject/reject_stanford__n02107312-miniature_pinscher__n02107312_1316.jpg,283cd6c65e457269b0c968bdb4ccdac39ad34ad733a747e79d1a294410885cac
reject/reject_stanford__n02107574-Greater_Swiss_Mountain_dog__n02107574_1007.jpg,b73e9476a435988ce381d08ef6e30d3d3473f687c6708df495bccfe9d40b7d6a
reject/reject_stanford__n02107574-Greater_Swiss_Mountain_dog__n02107574_1010.jpg,773566ee866dd6910455551757ffd42abfa9741cd70afe5b6610645604dff3fb
reject/reject_stanford__n02107574-Greater_Swiss_Mountain_dog__n02107574_1019.jpg,098f517f84ee112cd6c4dab4d6241f4392aa9d547c3b8b75e09553aa5b0f3b9d
reject/reject_stanford__n02107574-Greater_Swiss_Mountain_dog__n02107574_1026.jpg,07bc63a9ae39ef3ced15a39acd27d1047f282719c044e2bee4284b391a956cb1
reject/reject_stanford__n02107574-Greater_Swiss_Mountain_dog__n02107574_1028.jpg,f33ef864080c03e1d1cb47a64eb5b849e1a0fa976ad2377cf746c10641d2029d
reject/reject_stanford__n02107574-Greater_Swiss_Mountain_dog__n02107574_1032.jpg,ce4e1dc938b99089fba7018c03fc3e3cb5f21b3136cbbeb753a61a79773f8dec
reject/reject_stanford__n02107683-Bernese_mountain_dog__n02107683_1003.jpg,ffb53fdd6d02668a77e87185f5aa97040759b0c6689e666be885795a70d9bbfb
reject/reject_stanford__n02107683-Bernese_mountain_dog__n02107683_1071.jpg,e6a00538eac4417c0f7f661ebc567ed66ba1a99341833d9e8b18b6d8c4b27906
reject/reject_stanford__n02107683-Bernese_mountain_dog__n02107683_1076.jpg,ea311bd87fcda3dd9f08d90b1d5985e116b820fd09b02a396604193f929d45f0
reject/reject_stanford__n02107683-Bernese_mountain_dog__n02107683_1175.jpg,286cfc59304badcb3c91df5e7ac0a2d0a6a195d9abd5d54c201a3a4964887c3f
reject/reject_stanford__n02107683-Bernese_mountain_dog__n02107683_1224.jpg,47769aeb768011248d8fc2a244b97d5964b8a0dae347c07a8b5889ff645a6e02
reject/reject_stanford__n02107683-Bernese_mountain_dog__n02107683_1244.jpg,09cdd3f7afadb968997f09ffb4f9ff6e1611ca49b2ba61edf2a548d310174e24
reject/reject_stanford__n02107908-Appenzeller__n02107908_1030.jpg,65eacf21775bc40d49eac774ac3c7fde6fe63445bb054d684b925c04edabf07b
reject/reject_stanford__n02107908-Appenzeller__n02107908_1176.jpg,2e9874963ad442cb68990b35e703cc13c3596a04246efb14567db1f124ce65ed
reject/reject_stanford__n02107908-Appenzeller__n02107908_1195.jpg,cbde53a9f2ca352a720a9dd6476f9627556371c286a402e46f19582e2a6a211c
reject/reject_stanford__n02107908-Appenzeller__n02107908_1235.jpg,5717fcf223165c6189e8d661bbda54e3d24e7e9bc7a5ef61e61e8b183ac9c3b5
reject/reject_stanford__n02107908-Appenzeller__n02107908_1344.jpg,c13c06c73579f9bd1c07713a37fa37c58314f47e89c835ba8b9653ac19c04a51
reject/reject_stanford__n02107908-Appenzeller__n02107908_1426.jpg,0dfa53fa9678ad928fa76e3e3c5c9820531183c716c9e5a6739040f9233bbf64
reject/reject_stanford__n02108000-EntleBucher__n02108000_1011.jpg,d515b4ef59781fe2ee1813adf606341a991c5ddb7be2c9ed4a48f048ff976110
reject/reject_stanford__n02108000-EntleBucher__n02108000_1044.jpg,040d750f1d257597fa57d8a9a88914135060f8131153008fa424e8f26f27d76c
reject/reject_stanford__n02108000-EntleBucher__n02108000_1060.jpg,cb409faaa7c9e91be9333f25ad8dd7594e2026fca1c83cca52fed269667c90e6
reject/reject_stanford__n02108000-EntleBucher__n02108000_1073.jpg,4ed8765975d1a2ae9fa6a7c111b6a3ae886355bf3759c242de0a0144cb7f6f7f
reject/reject_stanford__n02108000-EntleBucher__n02108000_1087.jpg,8bb93f85517d14102073c76f14c259d18428d2779b89ddaf5a81a8be0d1dd4d1
reject/reject_stanford__n02108000-EntleBucher__n02108000_1111.jpg,51bcbabaf68e527e8015809019ab082d35abe9f48af84d39ae905e53e3cbde6b
reject/reject_stanford__n02108089-boxer__n02108089_1.jpg,fd027db8703f01857f1bd9fc3ef025459fd3b7faff68dd59dea8681cdf3146d7
reject/reject_stanford__n02108089-boxer__n02108089_1003.jpg,fec5cd4bfad0d92d776beb80b84e1b0f3756027205cf1360e38b9c1b0ee2dc32
reject/reject_stanford__n02108089-boxer__n02108089_10229.jpg,1fd53458233bad21523e6c82959509ed565c5d1d8db95df52b08b2f743881208
reject/reject_stanford__n02108089-boxer__n02108089_1031.jpg,f2e81aa196decadac5be9efe403bbbb3e20c6e0e274aee5996a02d0e1bbc01db
reject/reject_stanford__n02108089-boxer__n02108089_1072.jpg,c57a473359aa3516dc68443b7342712fba9080fd8f59ca7029c9fb3580da1abc
reject/reject_stanford__n02108089-boxer__n02108089_10774.jpg,2e182d3708a56c5f6705f1c1dee2d8029d3e6e86e81e4e3955ee3d7fbfc344fc
reject/reject_stanford__n02108422-bull_mastiff__n02108422_1013.jpg,2fc021e3663d1bdd106a27a50f9ef5a0539f9e1c6199cc3129a86b8cfc189220
reject/reject_stanford__n02108422-bull_mastiff__n02108422_1016.jpg,11b383485b7152f920320bd02b14d9bb88c22c4ce195c2e9b124062474bcbee3
reject/reject_stanford__n02108422-bull_mastiff__n02108422_1017.jpg,73d1362ad018a3236774c1b364f7fb927544189ff417825fa668f75ff7a8176c
reject/reject_stanford__n02108422-bull_mastiff__n02108422_1079.jpg,3b77d57a15022e33c50d84273f63d3658696d325727e2b0b5be10b7001e17813
reject/reject_stanford__n02108422-bull_mastiff__n02108422_1096.jpg,05d9ac910e4e39828787a9ab7ee52a8467aa7b3a0ae055e21c3475d456d36d2d
reject/reject_stanford__n02108422-bull_mastiff__n02108422_1166.jpg,b9c3a7836d3529ef7686470ad09b44069959f4c9a7dd10948bf1acc4ad5493d7
reject/reject_stanford__n02108551-Tibetan_mastiff__n02108551_10182.jpg,3de95a2ff1bc050f80ebab4e6e06b6514217df3d0140ae018f8e2d3264933532
reject/reject_stanford__n02108551-Tibetan_mastiff__n02108551_1025.jpg,4196b7f0df1aa5876e7b520f1ae0631099f69ff20244fe87fb82fcd38dc51689
reject/reject_stanford__n02108551-Tibetan_mastiff__n02108551_103.jpg,41dde0041e9e5e108b35ec455e883b0e643b7c98236f350b1e93c64b54dd8fe2
reject/reject_stanford__n02108551-Tibetan_mastiff__n02108551_1091.jpg,adc13dae8747a10396271854d411ef17a540954405c3da67e024cbc9a6a91277
reject/reject_stanford__n02108551-Tibetan_mastiff__n02108551_1104.jpg,e9e57dc312dbd9347d01ed51b1b48a778a8172f889b7832abec60f43d06328a9
reject/reject_stanford__n02108551-Tibetan_mastiff__n02108551_1121.jpg,1274afdb376ece43e91f9ec3698582bbff6dda463206f527af6814db8c2b4883
reject/reject_stanford__n02108915-French_bulldog__n02108915_10204.jpg,d9844bf2070b019cdd4960e6c90807200ec494e2674fc1e80f75bf267040aedf
reject/reject_stanford__n02108915-French_bulldog__n02108915_10564.jpg,4e559188ee4911332c60ea08a9c8d6f52256c468747940561fbd8de2be403afd
reject/reject_stanford__n02108915-French_bulldog__n02108915_110.jpg,94d9ca89b260dd7d11d1d273fec999c73a21b401a74e91ec95a9bcd5150f260f
reject/reject_stanford__n02108915-French_bulldog__n02108915_1114.jpg,0f5c6793fcd9938504fcf29869e4c0ff5ae703f49a1e5f2d408fafd4ddba82ed
reject/reject_stanford__n02108915-French_bulldog__n02108915_1119.jpg,b8e390186f2ddc677cfd25a93d352e2367ebc99804c3bf4857091d4133d102cf
reject/reject_stanford__n02108915-French_bulldog__n02108915_11207.jpg,0446bd02d5dcb24340c866c69dadc41860231710c5de95a8385bb972752ea7e3
reject/reject_stanford__n02109047-Great_Dane__n02109047_1005.jpg,69d1a3dc720eb3886ce6884af7541a0f64b2087f140f9b75216129efd259d16c
reject/reject_stanford__n02109047-Great_Dane__n02109047_10112.jpg,f4926128116a8812c8fa7b17c867be47aa3aa33475c7029d6cde31694dfb3329
reject/reject_stanford__n02109047-Great_Dane__n02109047_10160.jpg,f5e045ef531371ec09e0fff83793466e744d875ba7dbda54618e52e09f00b06a
reject/reject_stanford__n02109047-Great_Dane__n02109047_10414.jpg,3b96d94d04c769acab33a3233c7e3d7fcd00cdcc17178bc604f9289bd652234a
reject/reject_stanford__n02109047-Great_Dane__n02109047_11178.jpg,a97af92457856084059d466ec0f979c77053011e87dedb1a4025e30c5045073e
reject/reject_stanford__n02109047-Great_Dane__n02109047_11184.jpg,8a9764c48ea3bdd693aed229353b5966c5a9bac60f7a394a3eb581e13d3c3431
reject/reject_stanford__n02109525-Saint_Bernard__n02109525_10032.jpg,98eb03ac44f35fe815e06c9331317d2b103285b998f977f17c492f6f961913a7
reject/reject_stanford__n02109525-Saint_Bernard__n02109525_10063.jpg,ee10933baa030cdc46962d6ba1dbd1afaa74f1aeb344ef64870632b5cceee90f
reject/reject_stanford__n02109525-Saint_Bernard__n02109525_10146.jpg,c47101f4d49b67507f2aa16887adb7003474207738e74827d29fb6c3d24f12fa
reject/reject_stanford__n02109525-Saint_Bernard__n02109525_10215.jpg,47ab4366f3de72e2134a61279221d3dd1c9716577d214d8aca809572a402391a
reject/reject_stanford__n02109525-Saint_Bernard__n02109525_10251.jpg,8bde56e10cfd0941169e402468b73b4da78fee1da50b2f3b9b00168d11aae2e2
reject/reject_stanford__n02109525-Saint_Bernard__n02109525_10297.jpg,9b13a3b4f3574f635b8050d46b4c8c91819044aa925fcdd33b9f171b66cf0bb0
reject/reject_stanford__n02109961-Eskimo_dog__n02109961_10021.jpg,ce76d10ebfe0a19a30f97fa20637d244f9e0f583802d8828cce14bf19e9a9d2e
reject/reject_stanford__n02109961-Eskimo_dog__n02109961_1017.jpg,b898da077fb5f60aeb68483085daab02080a4512f770b930a4184ad031bdb3e8
reject/reject_stanford__n02109961-Eskimo_dog__n02109961_1032.jpg,b978801dee54f309abe01f59b9a8ee8f0c3129bd1ae7d17d0cb09cd47000b233
reject/reject_stanford__n02109961-Eskimo_dog__n02109961_10660.jpg,2d7de006b6420752b262ff84083b8e86133a6d7419c1315b1ca670fed6559336
reject/reject_stanford__n02109961-Eskimo_dog__n02109961_10699.jpg,18c24d3772c6910e4e0818d4e00e889ff287af968fea8834474451d4d4a3d352
reject/reject_stanford__n02109961-Eskimo_dog__n02109961_1076.jpg,2313ca2edf4935d0b5e6526349043a6e740bcd8eef6a9395265685cc7f26acdf
reject/reject_stanford__n02110063-malamute__n02110063_10025.jpg,8dd80e1238181ee408c5cb5922868bd2536635e14c33df8381ef022c7b77dcb6
reject/reject_stanford__n02110063-malamute__n02110063_1034.jpg,9267643a4c186e62b4fc0189af162831d10215f4aa730c31c0f0a1c77b1dea76
reject/reject_stanford__n02110063-malamute__n02110063_10567.jpg,388233133c1e84a453fa419e247c8bcbaf9301d54916c740ef6a2299f9d0e861
reject/reject_stanford__n02110063-malamute__n02110063_1058.jpg,b2ede8bbd59e841924733dc9a313caeea1ea3ada901638750d6204d0b69f8fee
reject/reject_stanford__n02110063-malamute__n02110063_10589.jpg,843aae6f0c3c6f7a9b3c78915a8b8afef4b4d52ec6100a81a6face9c4ae2d6f8
reject/reject_stanford__n02110063-malamute__n02110063_10751.jpg,2b743dbbc1dc537fe9ebb2a359a8f7dce7a55d2f05c88534f17eec8c2f8e0e4f
reject/reject_stanford__n02110627-affenpinscher__n02110627_10147.jpg,96ab336a17c66e7b4b56a50566daaf1c333ce154d99324ba3d1faadaca5ed8c3
reject/reject_stanford__n02110627-affenpinscher__n02110627_10185.jpg,b83ffa9722a09039fb17ef9eda1b88c5bec2d1991edc4d662341a742537cdede
reject/reject_stanford__n02110627-affenpinscher__n02110627_10225.jpg,53ad989c27c75795b125cff0b711d91eca3c651666f9c5e201b93aa2437efcef
reject/reject_stanford__n02110627-affenpinscher__n02110627_10437.jpg,99606818343218b9acd9dca9329aec4c6a780b98d89093ca495872d927a9ea44
reject/reject_stanford__n02110627-affenpinscher__n02110627_10439.jpg,e596159d417f832d2d9834ded42fc1096c3eab5fe98533ace44bef3d2c4082e3
reject/reject_stanford__n02110627-affenpinscher__n02110627_10447.jpg,a0a9b88f2f5c4704e06e9ea88b3f93ab8b1d9af5bc5a172c88b60f67bcfe2b94
reject/reject_stanford__n02110806-basenji__n02110806_1013.jpg,7988091977fa1ca6e52d9b03e75ef0d174f25d5a02cc845bb959734972048468
reject/reject_stanford__n02110806-basenji__n02110806_1019.jpg,01eb048b70205e4b685510d827b6d1f5ae27533fb66ed8c9738e0c4b2456ca41
reject/reject_stanford__n02110806-basenji__n02110806_1033.jpg,5d84b942874abe6e46694f22e8fc52c68c2de2dbb627ae62cf3cb11a129811f6
reject/reject_stanford__n02110806-basenji__n02110806_1035.jpg,1cad202b6b112facf5b5f4cbb82c00bd80f3ec21b1951ef5ccb82db53e5bd2dc
reject/reject_stanford__n02110806-basenji__n02110806_1100.jpg,01465aef72f7ebf4dd8a44906a4d4d400395ccce8e254350c48b8a9549be4c25
reject/reject_stanford__n02110806-basenji__n02110806_1102.jpg,2ee393b972ba8ce39705bee33425ce6ef9bc7ebf09814c7b6972e73e292baa6a
reject/reject_stanford__n02110958-pug__n02110958_10.jpg,e4df096bd6e64056d6a1322797ab83525f7ea088ae7726033119a8922dda8a79
reject/reject_stanford__n02110958-pug__n02110958_10186.jpg,a7625f5e6f71a09888e62298228b39b3338e34d4d9b8a2f530441f30776cb692
reject/reject_stanford__n02110958-pug__n02110958_10193.jpg,d75af4ced8c4e637ba5eac6c864f4cd348fba2f72c24224f3a226332851800a5
reject/reject_stanford__n02110958-pug__n02110958_10378.jpg,419aaca01166bdf81e785a1212c3523299ba8fa223565d5e0c02b8763be4498a
reject/reject_stanford__n02110958-pug__n02110958_10842.jpg,baa66d67a25aa7b472a768f590ac80e69070646a38f106d82aa13959c4191473
reject/reject_stanford__n02110958-pug__n02110958_1108.jpg,83b9285116d31b04d88a903e4c736471c6f72c9c56262e1dd40f8a790f5dddb9
reject/reject_stanford__n02111129-Leonberg__n02111129_1.jpg,a5d4e1a8816ba039f5834f7871a8195ca74e32882f7551287091f80cb3aaa050
reject/reject_stanford__n02111129-Leonberg__n02111129_1014.jpg,42b14e899c609b6961810a08fd418838ed2e070b3e0139d05934337f5dc0c2c7
reject/reject_stanford__n02111129-Leonberg__n02111129_1042.jpg,4c84f29e372710770b72bf967c2a5102d05d6e1edac1c5176dce9cf1b4c7e72a
reject/reject_stanford__n02111129-Leonberg__n02111129_1065.jpg,795cd9c862c5bd99d5a084ea34ec4632e514380b0b77b55190e7e963685dc32e
reject/reject_stanford__n02111129-Leonberg__n02111129_1094.jpg,6c3f89bd7a84b731340411e64ee9492b1de660c094b1f1aad02b68ef5b9e2d1c
reject/reject_stanford__n02111129-Leonberg__n02111129_1111.jpg,37f4749d43f3e42e94603310b3a520f1f97e519c29f2bfc9819f72d58840b103
reject/reject_stanford__n02111277-Newfoundland__n02111277_1008.jpg,232191c5544705161491cce6008299ea1893a95d248d3ca6c1f949223979e357
reject/reject_stanford__n02111277-Newfoundland__n02111277_10160.jpg,e1cc015071384add9dbcf1895ce520655469d94aef67070bab982cb60adf18fa
reject/reject_stanford__n02111277-Newfoundland__n02111277_1018.jpg,35ff246b455781e69f0edb63ea2e82cbbe6806714ace9447489e7bcceb5c7ec9
reject/reject_stanford__n02111277-Newfoundland__n02111277_1023.jpg,a7c0a5a49657cb0581a4d24a6fc9c32b85d307a7937a2bd441d47dd25d6b3184
reject/reject_stanford__n02111277-Newfoundland__n02111277_10237.jpg,6a35263b866a04c807a316f02496619c23d955a020d58e80e4d280dfb07dc816
reject/reject_stanford__n02111277-Newfoundland__n02111277_1029.jpg,8ed539ea91748c779d9c74923fe55276ff4b2b38c0b77ca723f722b98de4bf4b
reject/reject_stanford__n02111500-Great_Pyrenees__n02111500_1031.jpg,035d9abfc4fccb9023b6d2cefacc36d539ea8a1d13e00709ace05744d9630e0a
reject/reject_stanford__n02111500-Great_Pyrenees__n02111500_1048.jpg,b2da1b0bb14d87c889f787cd6624e97c72e21ef0a8badbd39b406dfa33a74454
reject/reject_stanford__n02111500-Great_Pyrenees__n02111500_1050.jpg,99e9be4b290ead2d7dd9e8287a8721ba7d57213fcbd6d1dcbc8c0d165792d46c
reject/reject_stanford__n02111500-Great_Pyrenees__n02111500_109.jpg,0e2c4ed4c6afe897394f9d99d425af0aa64c31f35f786767956f534a9cc0002a
reject/reject_stanford__n02111500-Great_Pyrenees__n02111500_1097.jpg,fedb8565981b33c90c905d2f9cd966f2d2f92e3f549226516e675fd18570bb48
reject/reject_stanford__n02111500-Great_Pyrenees__n02111500_1149.jpg,1f81ae766b17354a4ee178a532ef15f412d51b4a624dfc6a2aa3acd54e0fba93
reject/reject_stanford__n02111889-Samoyed__n02111889_1.jpg,7be809d47726694f0bce3ff6e765b299fac6aba1906a0230acaf1aaf9da37de0
reject/reject_stanford__n02111889-Samoyed__n02111889_10059.jpg,6a05496f04882298431e014342243b0893197037577338558285ad956e3c9ef3
reject/reject_stanford__n02111889-Samoyed__n02111889_10084.jpg,0174526a85d8e1dd123a5f32329577d4d7a44296a577a7f96eb7830b70c16dd9
reject/reject_stanford__n02111889-Samoyed__n02111889_1019.jpg,864858ac9b3747a454a5478daf39183d0dcfec493046c00c03c281a3634da1f5
reject/reject_stanford__n02111889-Samoyed__n02111889_1020.jpg,39db9f2ea9648063792ec78c8cec0a7c35e991b8f8f803342ad9ebe37d0e5bd8
reject/reject_stanford__n02111889-Samoyed__n02111889_10206.jpg,5ecb4ea57634833fbc72de0bde827e6a7abe857ac81f9fc4c37fa18e348e012e
reject/reject_stanford__n02112018-Pomeranian__n02112018_10129.jpg,f21bfd1487f6af0db9735bd0964888dfee71ded77087390cfd2105fe5046dfa1
reject/reject_stanford__n02112018-Pomeranian__n02112018_10158.jpg,1e828eb10b8fc5b103c4c9e5e34abac56c72ca08a84d53a034141ab0a28668b9
reject/reject_stanford__n02112018-Pomeranian__n02112018_10174.jpg,2b71d82c7a2200a68f60c07add789e85ec4cf228254f6f7b9eff725c7ee6d690
reject/reject_stanford__n02112018-Pomeranian__n02112018_10243.jpg,34ca72333779de32a5d7a7a14b2e52da76c50bfbafe1460a8bc68742c315bb37
reject/reject_stanford__n02112018-Pomeranian__n02112018_10309.jpg,1f1dfd79020bceed617ca64289bd3e3256981e50366bc5fca2f3e955b976caf9
reject/reject_stanford__n02112018-Pomeranian__n02112018_1090.jpg,abfaa1f905126e01dffa8084d75bcb1116c75ddeb4544342eab9c8c9a19b3519
reject/reject_stanford__n02112137-chow__n02112137_1005.jpg,ca955a3897e7fa7920e1900ff7907a961124db713e4bab308ae02bca676fc707
reject/reject_stanford__n02112137-chow__n02112137_10134.jpg,47f5cc9a4addf4e327bdcadc0272efbe3c15e8756aafee07ec1c9931a6389054
reject/reject_stanford__n02112137-chow__n02112137_1015.jpg,b386f80e42594e1e71421d0bc508e08b6e2e2d3d12dcfa859db165ecf65d08ee
reject/reject_stanford__n02112137-chow__n02112137_10176.jpg,67f5e7edaccfb3f04774990a218414705abfe6c7af6011a961a6bdd961123502
reject/reject_stanford__n02112137-chow__n02112137_10430.jpg,6d049891d8429a85e0d5c1519fd3720f49f7b105014b70bb4126806fcd4411b5
reject/reject_stanford__n02112137-chow__n02112137_10457.jpg,ca142d366a4aa7d7de21a5bbecdf59a263940f04efa5a50e21573b8928741d1f
reject/reject_stanford__n02112350-keeshond__n02112350_10023.jpg,43d454dd1c48a564eb9791b226d4dfe508a51fe5cebccd25a644c5653462a070
reject/reject_stanford__n02112350-keeshond__n02112350_10079.jpg,e45472dbf0805e26b9abc06c91bb5f4dbf94dcd23f94ffafefacb092d13cb6dd
reject/reject_stanford__n02112350-keeshond__n02112350_10085.jpg,3f56a4ede76774547c1e5f27facdc01171686a3424203aa94e44edea6df66107
reject/reject_stanford__n02112350-keeshond__n02112350_10100.jpg,a19408e222476ad5e6266e170b91bdf166c6996fec7fbd99f111ad91a7968635
reject/reject_stanford__n02112350-keeshond__n02112350_10128.jpg,8f2b5a2b02c195b00bb9b88ade964af21623d1cb254962886de0552b9a1ae239
reject/reject_stanford__n02112350-keeshond__n02112350_10177.jpg,a48a08426c954cbc7bde6199c80b8fa8f5aeeb310bf259f052a1b07bf862ed79
reject/reject_stanford__n02112706-Brabancon_griffon__n02112706_1041.jpg,555d180d1b46fc77d3ce6bdb18a70b738ed578bfc4a92bd5d95bb0faf78ab06a
reject/reject_stanford__n02112706-Brabancon_griffon__n02112706_105.jpg,c45b48310757faf9b8a9f113ac51ca7e33ecdcd2a5d0bd08ee6fad853289617d
reject/reject_stanford__n02112706-Brabancon_griffon__n02112706_1057.jpg,b41a4cae02399d5ed2f760190cfca6ce8702ffe78e9067cc734b5f97c09b9c5b
reject/reject_stanford__n02112706-Brabancon_griffon__n02112706_106.jpg,350f28e9e228e1f883bc8f139f0b845d40b430cdc3236868bd1f8d7a9605232a
reject/reject_stanford__n02112706-Brabancon_griffon__n02112706_1065.jpg,f3d05a1cf75b3bb14a7580371371cd008f30d945510c530dad6aa67ec987a707
reject/reject_stanford__n02112706-Brabancon_griffon__n02112706_107.jpg,4117c18122721b41b3948fac95f6f1006bd14b63e3b93196342f3e4af647db9e
reject/reject_stanford__n02113023-Pembroke__n02113023_10636.jpg,0afeea56b40681e645f60e810505d07ff8ce2f452912e80cd2c0dacf46b4ec57
reject/reject_stanford__n02113023-Pembroke__n02113023_10829.jpg,2a2c23edf85976b3b0f8bca551893881063334ff9677264af5829b08b98e40bc
reject/reject_stanford__n02113023-Pembroke__n02113023_11091.jpg,a5fa103081b93ed781b096312fcd265281bb985996d95cbed00c4285e17e095c
reject/reject_stanford__n02113023-Pembroke__n02113023_11103.jpg,ad027adac91c95370ac0f3888b2cf3e3e534782b1e72a6882615046b883a4e56
reject/reject_stanford__n02113023-Pembroke__n02113023_1136.jpg,3f08b2f83ba174badfb48da905a23918c6f729a8d64678e626f3c2672f109989
reject/reject_stanford__n02113023-Pembroke__n02113023_11397.jpg,5a3ff571a07a4010f1c10582e4294a72daec961d4cd4bd9f0eb69fafac1459a5
reject/reject_stanford__n02113186-Cardigan__n02113186_10077.jpg,6d030c012b7fe1ba91dc34e1c11e1174b6bcbfd49f97028dced7ac531ddb8c3e
reject/reject_stanford__n02113186-Cardigan__n02113186_1016.jpg,e4d1a6aec34a5229491d46fa72e8adf85a89b01224669547b6d982b0c8ec985f
reject/reject_stanford__n02113186-Cardigan__n02113186_1030.jpg,be2f6ae4e654e1aebb2a561030ccecbd1bd74bb98075a1ed6f98c4888eb93c49
reject/reject_stanford__n02113186-Cardigan__n02113186_10361.jpg,dc14fc7cff115d936cd41f72baa423c3bd54e8b6fe39cece40b2226dbf95a4f3
reject/reject_stanford__n02113186-Cardigan__n02113186_10416.jpg,5bf5d987763eaea7fe52cfd3819bda4b50183ca32f2f24984ce68526bf308376
reject/reject_stanford__n02113186-Cardigan__n02113186_10431.jpg,2bf532fe35eca809787af5f40d4855207ef7ae96b11a583c6b14807382065f4d
reject/reject_stanford__n02113624-toy_poodle__n02113624_1008.jpg,48728a2867a74a47ed57d3dd69617448c960ad1119397385736925a65a68a5f6
reject/reject_stanford__n02113624-toy_poodle__n02113624_10203.jpg,75b59948a574683595ed6c04f419f543d2b208b25b4af548e274010c7d26166d
reject/reject_stanford__n02113624-toy_poodle__n02113624_1023.jpg,4ee8554d39f318eca3daacf86b2db0357fb59d331aa7e24cb5f5c4dca2cf9f94
reject/reject_stanford__n02113624-toy_poodle__n02113624_1050.jpg,6a8065f0fe8bb581ecc2b7314480569adb84d6111e6d07a591731698484d1675
reject/reject_stanford__n02113624-toy_poodle__n02113624_1063.jpg,898575e1cce5e85d509e92eb8d1efdd422fbc5717d5784e1efda61cbe12a4a8d
reject/reject_stanford__n02113624-toy_poodle__n02113624_1077.jpg,dd5113842f8013bcc426cfe8219ebaf52a272325ab291c2ca44b27adfeb0ae2e
reject/reject_stanford__n02113712-miniature_poodle__n02113712_1036.jpg,8401b4784449bce3bc9713edbc7e726d452ba55ac83846069058070293c7c84d
reject/reject_stanford__n02113712-miniature_poodle__n02113712_10433.jpg,72dd38035c8b3bc8c55e01908516cd1fd7ddb650fe050207653d4c8095af0a8e
reject/reject_stanford__n02113712-miniature_poodle__n02113712_10525.jpg,51434421d93e2c655702e8baacd8c9da59ad5a4d7479e1ae0fd14ffc92effd54
reject/reject_stanford__n02113712-miniature_poodle__n02113712_1077.jpg,cd8c7a472263b56e4944002dd4bbb6c2e6e6762a943e141633dab33c4c35b3e7
reject/reject_stanford__n02113712-miniature_poodle__n02113712_1088.jpg,02deb5aef57f64ce3263e75c493dff7cee1f3767bb230f8a7a12c3d2254e867e
reject/reject_stanford__n02113712-miniature_poodle__n02113712_109.jpg,a9fcc1c7296007dba612ae309ee6556c870dce6cdedf3c1272f915ebd5523618
reject/reject_stanford__n02113799-standard_poodle__n02113799_1057.jpg,00bbe8d71371e4fc13123ca68fd627e5f09562e0e7272b7a090d651af9ba6531
reject/reject_stanford__n02113799-standard_poodle__n02113799_1121.jpg,7aa940eda66d2bb6780d885ca119e105dbc4fbc210a0d0f1a0f94acb5ed06c6c
reject/reject_stanford__n02113799-standard_poodle__n02113799_1140.jpg,3f222be8318040010336f162fe1ccd4f1935fc4e87b5d74659c0ccdbb665aa1b
reject/reject_stanford__n02113799-standard_poodle__n02113799_1144.jpg,301095bfb7e30e50505b9e4dc908bfb1fe426448bec9d37b114ae34f2e5c37b2
reject/reject_stanford__n02113799-standard_poodle__n02113799_1155.jpg,e5cb7dfab451d74c0659d59d6d3f4f3e1717d58887ac55348521c9e88d9e695e
reject/reject_stanford__n02113799-standard_poodle__n02113799_1183.jpg,9b7f0839f059a6969a511c0b596f540b88e0fe6d70b9a8a805fa9d9a373e8a97
reject/reject_stanford__n02113978-Mexican_hairless__n02113978_1006.jpg,93df7a063cef0be37c68fac2d2df87d3d4172bcf5092a79f26789c5eabbb2573
reject/reject_stanford__n02113978-Mexican_hairless__n02113978_1030.jpg,4c49e22434ead2e317135d2692716d1d2699146063979d8a5da6e5bd94e2ff4a
reject/reject_stanford__n02113978-Mexican_hairless__n02113978_1034.jpg,76e03bd30e682098c76457d6673daaa4aa416ce1329ac9cc68ac898529ff0704
reject/reject_stanford__n02113978-Mexican_hairless__n02113978_1069.jpg,37b6b030d1e06d69cb4a84bafc398ee0d3dde898e3bfe86b82ea9d92c5e8e01d
reject/reject_stanford__n02113978-Mexican_hairless__n02113978_1088.jpg,0a5227e8ff4bb6d88181345fffa1e4ac9bedcc9802c388466303a2a9f4d653b2
reject/reject_stanford__n02113978-Mexican_hairless__n02113978_118.jpg,05d1fbc750222c9443992ae17f2aacebdac3768b1f74d7e6eabf3a26241dcf50
reject/reject_stanford__n02115641-dingo__n02115641_10021.jpg,f35a09e1af68be65c35e893a2c0871b2ad9609fac5b92d4198a69c503ca458c9
reject/reject_stanford__n02115641-dingo__n02115641_10261.jpg,5c870078168dbd4803ec7cac5b5a3e130872ead00a9a15c20ca7fac3dcf03070
reject/reject_stanford__n02115641-dingo__n02115641_10286.jpg,f64bf9037a048430fa4f580be6adcf2db471d906cfafa7f9701abb0ad678fb42
reject/reject_stanford__n02115641-dingo__n02115641_10395.jpg,5fe8b918fcb748ab1ad6c05946b17c85c5c19ec80412e8d946fc5f46548ae7a6
reject/reject_stanford__n02115641-dingo__n02115641_10506.jpg,2abbf18029d498035e2f52016e6ee35f4da0b44f9f5ac258596a6e0b8d7b12eb
reject/reject_stanford__n02115641-dingo__n02115641_10561.jpg,fd4154d3056def309ea4128cc7b629a6cb3e57db2d6e41c22cc8e90a5ea9234e
reject/reject_stanford__n02115913-dhole__n02115913_1010.jpg,9f8f5c13c00d4766983fefe1795514079ad32a83fc6e18fefb52c1876c20dce8
reject/reject_stanford__n02115913-dhole__n02115913_1047.jpg,817c0e3750fb05a70a054859404c308bb033da5dfb177a7b8d451eebca6ed495
reject/reject_stanford__n02115913-dhole__n02115913_1060.jpg,559cdaf8b7d7df8fe0b3d6e44e5bb37bcb23dd370128cab529e58d74c3d1ca24
reject/reject_stanford__n02115913-dhole__n02115913_1066.jpg,a8632f7b856d34896e4bea0343ec39ebcdf6276a322bf51cd2eb774fe0f81b1e
reject/reject_stanford__n02115913-dhole__n02115913_1067.jpg,fb6bb4994c2807bc4afda3f6e546f1da19326ba1e170e369d1100a3f7c275d4a
reject/reject_stanford__n02115913-dhole__n02115913_1142.jpg,af5c6bd817835855b140c015bbfe08536ea3f799307c6b90b928b8ccbd8f6ebf
reject/reject_stanford__n02116738-African_hunting_dog__n02116738_10024.jpg,699a81f48e7560408fe983c3341ca4784314f133ac74ec7c8f6d90708cfa5930
reject/reject_stanford__n02116738-African_hunting_dog__n02116738_10038.jpg,273ab335d38373d3ab05572bed5a7c90f8f4edea8553dfd3274fe1787a4359e8
reject/reject_stanford__n02116738-African_hunting_dog__n02116738_10081.jpg,704b03b3e756d3abd6b81fbe496037c17fa7e0c965e926055af1c6361a3c9951
reject/reject_stanford__n02116738-African_hunting_dog__n02116738_10169.jpg,521d81932743182b94a65a2b6bc49673fa99683100e593636e40a8d4fce7197d
reject/reject_stanford__n02116738-African_hunting_dog__n02116738_10215.jpg,8cad36be46929b3797bdba444d036472562f68831aebe8dc181ec0617efaa240
reject/reject_stanford__n02116738-African_hunting_dog__n02116738_10469.jpg,58a1cc9e4f14ce0367da0cc3aefc32aadf6958f02bb790eddcac630f04d30f15
